$MeshFormat
2.2 0 8
$EndMeshFormat
$Nodes
1797
1 57.25033508064611 26.54199824844355 -20.91836853587496
2 60.91968484064893 27.5002783404136 -22.05317290052241
3 58.68198802783992 29.65668704925654 -22.13897637223022
4 55.49544382006436 30.26252536635682 -22.1028496020914
5 61.13233396936267 31.19039994048988 -23.5346001685115
6 57.81543172653706 32.74006878996617 -23.11913465550507
7 54.084968502669 24.1818696989391 -20.00173548558556
8 57.26458748768509 22.64053102343993 -19.80152802296816
9 60.23346379005389 24.06666369909191 -20.95519969572509
10 53.32267719145845 27.62080363104259 -21.22284290268715
11 63.19400991844557 24.73853472342168 -22.78154440174938
12 63.51614570880713 28.34546177346542 -23.9888032874345
13 51.81214790941878 30.89987363842294 -22.35594180202816
14 54.30424042595095 33.66734042181918 -23.07437719730034
15 63.88384096631102 31.25322078376404 -25.72342420279159
16 61.92984859434321 33.72524202172909 -25.3229116583305
17 59.46344333304379 34.79491904961837 -24.44270589226871
18 56.30018226779068 35.98853038464704 -24.01650035026744
19 51.06942638192653 21.9881302494997 -18.75182465441971
20 54.12149723432786 20.54333124649825 -18.78785189122976
21 50.56605188448831 25.46891220404387 -20.12005190195683
22 57.16493548456081 18.89772566680431 -19.10115792686787
23 59.92497172214382 20.18125387976248 -20.32497571307598
24 62.71672463776014 21.05062199760312 -21.98683967920414
25 49.16771580499803 28.59765051703334 -21.43198156745925
26 65.21563901551806 21.7402558929135 -24.26708507596016
27 65.51951426825514 25.33754735109125 -25.31979932770394
28 65.7499262679495 28.55730889324157 -26.89084295953374
29 50.72240343116734 34.19931543845919 -23.24638418813352
30 47.95252870685583 31.64821497078578 -22.65278847047204
31 53.08784744324864 36.9686886679219 -23.96040374899274
32 65.44494849218604 31.54765951129266 -28.72350994603745
33 63.51002440908773 34.33780458082882 -27.73883438091838
34 61.18501772592201 36.54860442564001 -26.78236120168602
35 58.37129091387709 37.44858095618013 -25.64865936006495
36 55.27817787617764 38.23616138930836 -24.99003583897408
37 47.91158605488648 20.39962426077807 -16.84860959294478
38 50.95683121785711 18.58271416585976 -17.52278902486103
39 48.17872585289725 23.49203673697117 -18.34800071267451
40 54.37689592774864 17.02581957953521 -18.02335361986396
41 46.885163914758 26.54290170481239 -19.78065473546345
42 58.08939721397853 15.62718490005862 -19.19478816360152
43 61.40840879773309 17.01909725163823 -20.97486901277217
44 64.36614502368947 18.1014150122814 -23.28652483116527
45 45.1072881116401 29.24643937960067 -21.25636266525317
46 66.56289152811922 18.85065980101308 -26.0668352421779
47 67.00234648746186 22.44544378494679 -27.07800389967227
48 67.11865501033543 25.79185000334303 -28.51336829156774
49 66.89256122582773 28.80969861756951 -30.28963624860549
50 47.03398921049997 34.95759096267435 -23.57313679366806
51 49.66055508240638 37.21194812343759 -24.01027951721926
52 44.39818970824761 32.37839147064795 -22.86323255313302
53 51.9981029649972 39.35962469678337 -25.09129377407603
54 65.97612724219587 31.47038719432199 -32.06198986607907
55 64.43790089732327 34.19259311056221 -30.55266455449703
56 62.40592799046853 36.84143913529345 -29.45278298953079
57 60.21028018086021 38.20204059856476 -28.40619003750641
58 57.13402655777254 38.94867455151868 -27.03776180920927
59 54.13183338770021 39.74347880739269 -26.20120906422336
60 48.04154212841649 16.96289920293229 -15.92786026527996
61 45.09032916369955 18.50313344130259 -15.00701140428638
62 44.80160977437029 21.53543161512312 -16.10709395001264
63 51.27454925970323 15.14658917914032 -16.87791258775538
64 45.20403067900031 24.20003453143975 -17.63719110166815
65 54.68508556746744 13.70159110948133 -17.77849014647308
66 43.23337795907826 26.40411204835397 -18.66772856212081
67 57.4281628571099 12.18624403150866 -18.98785837308714
68 60.63708675103906 13.45612469381038 -20.56783320707164
69 63.54454333314641 14.59775283378606 -22.72233546984812
70 65.88550597455507 15.49200811202433 -25.34298102279514
71 41.54020501874427 28.42865440939548 -19.97835280973434
72 41.42228864979057 30.85963154795994 -21.89451294625689
73 67.40135263327407 16.18655837954525 -28.41712913315881
74 67.81501314764527 19.49834422645155 -28.88066350165407
75 67.95961976152935 22.93727815855505 -30.10980057864399
76 67.71616123935613 25.79606485699597 -31.82655908969169
77 66.93069014715684 28.52619898569328 -33.5168225942616
78 43.58883061714335 35.62304017319592 -23.82402203344958
79 46.03717057927088 38.20946731617303 -24.45625199549391
80 48.94252164865422 39.30372524806373 -24.92671350085113
81 40.71388697969947 33.65298848145144 -23.28020255068586
82 49.51032483544675 40.35583847162994 -26.12835258166565
83 52.0630331492003 40.43572162437836 -27.07288558965048
84 65.32091465171789 30.90268354085823 -35.11526277483556
85 64.19042275994968 33.84235829584768 -33.6979617680095
86 62.99851880432992 36.23820973986845 -32.07142256308258
87 61.02435179226127 37.81085930367593 -31.7434659870904
88 58.22116020024623 38.93602999055985 -29.85630641718719
89 54.87595986641011 39.90434763591593 -28.35230039638696
90 44.94411470373533 15.32792933364823 -14.33945572398957
91 47.98434109001294 13.68131885015419 -15.6000041796678
92 42.2432854839511 17.04227894672943 -13.81861791260827
93 41.9386101363789 20.21306626291959 -15.09130847734529
94 41.92275371146472 23.6290194806919 -16.68713973624396
95 51.33275711600935 11.8138295543493 -16.70941797496632
96 54.18883535944623 10.55207808526468 -17.83769907837433
97 39.29387560376688 26.26913528402846 -17.96294071750508
98 56.24368561909843 9.441479460533285 -19.48109769791304
99 59.38587241608681 10.41198396796862 -20.82253133898607
100 62.38455129401254 11.4099051222241 -22.68420080621159
101 64.86359728806585 12.27024059047879 -24.98572145199237
102 66.63635478116194 13.26545233267898 -27.52959618281752
103 38.23835144958781 29.12721950686056 -20.15337068376284
104 37.80251414392549 31.85594868434023 -22.34269429878927
105 67.08102375565019 14.09106502496125 -30.55416903904345
106 67.83969741318043 17.20946814162961 -31.11755639142301
107 68.12189736947519 20.25240489701375 -31.4130995560805
108 67.79424130757181 22.78654641674661 -33.03813236235852
109 67.04780259307049 25.39896515725023 -34.62182246924964
110 65.7331663866665 27.98288099777837 -36.13435773068453
111 39.8350880789578 36.71388717447374 -24.15599248233468
112 42.4086677661136 38.5282917092505 -24.6124044755154
113 46.46437911096977 40.31670273239827 -25.64374203080318
114 43.76665839360714 40.21414129350993 -25.35492310814515
115 37.05597972430033 34.81097454119008 -23.6629541382688
116 49.19019502448041 40.48910977064901 -27.97185721639051
117 46.4824405819367 40.91250541021499 -26.87759545629485
118 52.01717125386671 40.04644677555598 -29.42759340094188
119 63.6446968311195 30.07676937743594 -37.69516665657324
120 63.06796244217228 33.00811204434579 -36.65329005305062
121 62.1965902590389 35.84020658375387 -34.69497946589614
122 59.9912073242358 36.67485096857084 -35.22003308798163
123 58.37671165209014 38.12095538946117 -32.86482186773894
124 55.10516598154437 39.30553216080142 -30.90340086406037
125 41.94924488973756 14.12608831502245 -13.30069049404227
126 44.76929589636438 12.09040587756853 -14.52189935857511
127 48.08078122918189 10.37736168237621 -15.87838645857348
128 39.86569457755481 15.02395646168486 -13.12466963031617
129 39.34305272458953 17.73261340354617 -14.07943830129334
130 38.74815350314166 20.3597841318351 -15.16175701898774
131 38.83044076860039 23.19197820457195 -16.31904060311756
132 50.95743224603468 8.718086539847329 -17.05072350162864
133 53.12036421611705 7.838583249394366 -18.56948151021418
134 35.98992035009137 24.79041647104343 -16.96943539766256
135 35.50029293663837 27.54955308046255 -18.59166021560777
136 54.53455289231655 7.141835113704966 -20.59753816340228
137 57.50071882557882 7.944266110896036 -21.90525106114927
138 60.70091058401083 8.669635820914454 -23.52737443166323
139 63.36210256971459 9.351089799292115 -25.43169393026702
140 65.28348246369018 10.06776900554224 -27.27058366392137
141 66.35436154793462 11.46459772933238 -28.98633727116898
142 34.881708611148 30.21766646072083 -21.01290222897746
143 34.24215337892663 33.02758229473532 -22.99690389956965
144 65.60571778738051 11.0906787676266 -31.26286930912087
145 65.43893055400036 13.28702809579251 -33.27998686665657
146 66.61578200774602 16.2855079070607 -33.2457665425842
147 67.37124762952587 19.44806649670499 -33.38746754890916
148 66.25580823963176 22.01482432263503 -35.26197872964859
149 65.00228549709301 24.68163419910691 -36.93237385051388
150 63.58488878514314 27.17984801535848 -38.28163617071523
151 36.54367402470741 38.1509608598806 -24.56614061866177
152 39.42092606973778 39.80248675853393 -25.12461064177955
153 41.14079308320709 41.02399805125803 -25.88830499010528
154 43.64613501708063 41.22038879353757 -26.38636402496666
155 33.70636164194877 36.43169487458887 -24.11765875204061
156 48.68772398341103 39.31547018085868 -30.71523693422423
157 46.16040432490392 40.57210142581904 -28.66058765533205
158 43.3667487914261 41.36349475108018 -27.49898968422051
159 52.00281931349895 38.68634680713348 -32.19907405723106
160 61.80059308231954 29.02225012705696 -39.61052478415819
161 61.43138951206427 31.66005752280702 -39.13775678531697
162 60.95219778531239 34.49666742995684 -37.52045121073601
163 58.11488540255375 34.81759733575829 -38.17736735241797
164 56.78449230456436 36.6282885117309 -35.91127291526968
165 55.1582555278287 38.0676667765193 -33.54723002620107
166 41.47597539604752 11.46028238529943 -13.67200053407277
167 39.25002351603347 12.4345203496149 -13.03354782487779
168 44.98596081207352 8.903932491584595 -15.37230063497748
169 47.91880987763226 7.102475903009184 -16.53480206245786
170 38.32616281479332 13.31342165483905 -13.32909098953527
171 37.67937993162122 16.2179707152848 -14.02123331614093
172 36.31065118923528 18.37377648184768 -14.5929508424976
173 35.77586244195503 21.3678404587029 -15.53507495251594
174 50.22795630767885 5.952759244494034 -18.16786452862423
175 51.70717852961518 5.508411360696192 -20.42402477392021
176 33.11166531536338 23.00863015656633 -16.15576383367906
177 32.47481662404358 25.97068268360691 -17.44120040680617
178 31.99060994880363 28.499906874078 -19.5219427306561
179 54.48096567938836 5.997456886996385 -23.29656047044883
180 58.44926762055906 6.627991911297904 -24.72439861140725
181 61.3686682021189 6.849212390900789 -26.59720624094271
182 63.68644723433387 7.647730005578941 -28.02795573176768
183 64.80860895212496 8.66476825831707 -29.17781259828922
184 31.46445188958929 31.07268455229619 -21.96506293533059
185 30.898654682192 34.13569067214497 -23.46003822064735
186 63.91966913646354 8.324066630986051 -31.67622739530081
187 63.65633840238073 10.08472891053403 -33.91392229400735
188 62.95315840384514 12.50567136686617 -35.86731746600253
189 63.9260928643742 15.56225567290676 -35.71618376267406
190 65.14639444433324 18.74679294423585 -35.46710543563023
191 63.42883583845042 21.47752810111074 -37.71011962511857
192 61.96617443113958 24.59854109650562 -39.57469661400568
193 36.39444676744539 40.83171880109772 -25.51789936349486
194 33.15973225674975 40.05025966768889 -25.16264577208732
195 38.26414589455924 41.74513998743178 -26.25008184275227
196 40.46250024506914 41.6908483847923 -26.85722366363895
197 30.47385600551084 37.72425382303052 -24.46127077218694
198 49.44650100247498 37.25118339599803 -33.82962522094843
199 46.06777707786788 37.3818476874443 -33.2240912461419
200 45.21557271693277 39.19644746067364 -30.93270385887098
201 42.81761193198305 40.46392018206011 -29.39517998960719
202 40.34046855579125 41.48331756610035 -28.13443151022018
203 52.95317502121687 36.7322549018369 -35.34145992087698
204 60.06978505909535 27.32365644850992 -41.22622634086397
205 58.84827376637126 30.11831688578782 -41.42041203709073
206 59.23192881032304 32.68095747729121 -39.86291450848613
207 56.20906333350602 32.45506275944105 -40.66153165649305
208 54.6232677138909 34.77414338133995 -38.19834208735393
209 38.87208781028104 9.911758169104003 -13.87772635412952
210 41.86836257549646 8.593688062857424 -14.8525663036738
211 37.26431446603235 10.77155194635788 -13.78891391332887
212 44.732970059568 5.578278015185825 -16.27428314491283
213 47.19686401841844 4.231134606425808 -17.53232125519331
214 37.25538326387766 12.64727092575989 -14.52521171291045
215 36.51136014670149 11.11897781568835 -14.3426675879449
216 37.717616042689 14.57517312392367 -14.30714184598365
217 36.64744134815586 15.84374932538776 -14.69460882501711
218 35.64058516354073 16.87147592635388 -14.6368048443335
219 33.70104426526944 17.56522322788597 -14.44914336639741
220 33.2540668831947 19.40641945502434 -14.71628603556189
221 48.58546114450899 3.591929176431995 -19.25500008520039
222 49.20725733395469 3.57843164355713 -21.65215886121251
223 51.35764427640699 4.848282398007663 -23.69336157020826
224 30.78164176960713 20.96702740015303 -15.38966154443807
225 29.72531560649046 23.93118543991759 -16.55005554509198
226 29.11295402815075 26.5296542015735 -18.30886114523789
227 28.59693305565121 29.06831108904809 -20.84912587879263
228 52.92929085051685 4.696075361715575 -26.52856461203795
229 56.11151684310573 5.32382010313218 -26.27978679908291
230 59.10126834708173 5.225964963707586 -27.92268392377281
231 61.31276875339927 5.236301595605552 -29.63442365812749
232 62.65721519177009 6.252868500608876 -30.51764030738459
233 28.05502193305641 31.78269024026248 -22.64385726831734
234 27.55164552151571 35.22875037588547 -23.77003094489888
235 61.99547934005265 6.280244951277021 -33.20010371390814
236 61.69692529219985 7.977704045581197 -35.52641198675779
237 61.05847258300487 10.44188894800803 -37.5808641130949
238 60.92550371217706 14.06146055901062 -38.754603236214
239 62.33678295261249 17.91274958759645 -37.95046581666525
240 60.75801208908562 20.91133084629589 -40.44848056625928
241 59.28903031539782 24.24107863084036 -42.10652972615205
242 34.460824274031 42.09266826124475 -26.1691976144087
243 29.72682009103688 40.9996123857092 -25.43048995980939
244 31.4914464768134 42.45163521145643 -26.17150410789272
245 36.31295959682178 42.38520054270691 -26.77092061118481
246 38.04366425851224 42.22543806541501 -27.35728867789555
247 27.06502899125802 38.59613132921766 -24.71546740925255
248 50.67714256401132 35.04429597664851 -36.94461644995268
249 47.20559232571064 35.22473458889007 -35.95883836180724
250 43.61422310059475 35.69770165438883 -35.11646865939566
251 42.18337407644101 38.12958416342461 -32.31538258010463
252 39.65083657458334 40.05327246498668 -30.2631412421277
253 37.2294931137824 41.68844044387704 -28.6586812092656
254 57.34195933798453 27.026407818546 -43.18042160769428
255 55.73719879103363 29.45437407391514 -42.80840813500372
256 53.34896930307374 31.00915931931074 -41.79553401220291
257 52.09143460174454 33.01894969256693 -39.65247042582516
258 36.13252098458022 8.641436306181474 -14.7338479257825
259 38.6622485840026 7.043367461487936 -15.20109661013314
260 41.49755115916106 5.465821145020314 -15.96639593338529
261 34.94292543654696 10.11483487133347 -15.09793222896474
262 44.33335905737328 2.547353449154897 -17.40537415075613
263 45.87088484073954 1.599629512710564 -18.68237910247487
264 35.72869895693751 11.38842889243933 -15.72544679955856
265 36.94478951144855 12.55384071273502 -16.62672683388508
266 37.40631790054859 13.85693870941151 -15.84296120699224
267 37.02035444901031 15.03630050855491 -15.30877635904327
268 35.87621883479061 15.8943275692231 -15.49101901286879
269 35.20805925516251 16.28570888782072 -15.06772577778529
270 33.77279631069828 16.50999958779569 -14.97921289402219
271 32.16040615127662 15.97782263334442 -14.65145729879004
272 31.3732295937709 17.12045472006895 -13.95720754535791
273 29.62195024456204 18.28044675920282 -14.42485723417735
274 46.50160840413498 1.202638677543167 -20.25322175354466
275 46.91586994668377 1.555082366515418 -22.99901132639612
276 48.78486468408632 3.523256921887612 -25.04101604432947
277 49.84691209950483 4.046593594051801 -26.77523499816652
278 27.5804470214775 21.14304826387913 -15.83041713641341
279 26.50575504510016 23.97825130570882 -17.45103506532971
280 25.90463307650163 26.80211520446856 -19.84708940421297
281 25.17646447013716 29.47213694489577 -21.78934258569327
282 52.031722260892 3.500275968293618 -29.51058697021439
283 55.89304884286386 4.175438052568673 -29.30917553713937
284 59.02881191194157 4.135497433245696 -30.80876763762911
285 60.51124216962828 4.44117577051551 -32.57580387842337
286 24.58678309203984 32.76274707610609 -23.00402818898666
287 24.07357393607807 36.22937807104252 -24.06296518788108
288 60.07470047425465 5.246366903477492 -35.59525459642256
289 59.60153051389339 7.273288972422735 -38.21319552257049
290 59.03162181437688 10.46206071695516 -40.22830518660849
291 58.23300466636995 13.76802482117961 -41.90050339200651
292 59.98448499633882 17.15226710322606 -40.67548163534077
293 57.87905266464632 17.96674067614715 -43.12131029501931
294 58.23892307122686 21.21751067841451 -43.16707265702414
295 56.29245695019609 23.85872900477744 -44.40504140283998
296 33.10393616956384 42.82595326352853 -26.86434986715844
297 26.44504162865248 41.55998885489344 -25.44413942456831
298 28.31654384029907 42.89590222442465 -26.21616203276869
299 30.06641823829028 43.27072559955051 -26.94413157247562
300 34.96269428692281 42.56834569585004 -27.55598974186405
301 23.66603472142626 39.49068712154472 -24.75249763576022
302 48.35083429116168 32.90755658485266 -38.86198438513782
303 44.81726713262692 33.2763581935879 -37.96291131096655
304 41.20823074165422 33.67055228577452 -37.59009391523591
305 40.22305750989131 36.02074472932419 -34.88003106510571
306 38.41347268515003 38.08512721930866 -32.61885587132167
307 36.02895655599427 39.95652989762647 -30.89246176840797
308 33.87084429594737 41.89597509077394 -29.11398685121498
309 54.15029682018719 26.41816156053046 -44.50690228022198
310 51.90637917433001 28.49529005890501 -43.55042527278466
311 49.74525411698532 30.64276756559325 -41.51986114535252
312 35.62623705137793 5.771891394772162 -15.87015677497637
313 33.33896498443119 8.720705989086229 -15.1344609606236
314 38.26143552545272 3.712434368984983 -16.5782560168762
315 41.47156147573703 2.460446736632274 -17.08735176661627
316 32.82595489512696 10.52839393827343 -15.2977377300621
317 34.15825826738776 11.17286841385905 -15.91642063183
318 42.55639053882918 0.3253592750892231 -18.61704887085421
319 44.60632155511714 -0.001728746996448649 -19.79028841322697
320 34.91713481978048 11.68226563473914 -17.12578694434159
321 36.17346746475453 11.90304491372122 -18.04794218027529
322 37.47355266413322 12.56277287194095 -19.60844676387025
323 37.78294436020717 13.7410302339555 -18.17438778986366
324 37.49232235301641 14.91085788866415 -17.16723300526222
325 36.68095728251693 15.61323587826214 -16.25100000239038
326 34.35274256360083 16.14180092134051 -15.67767750110727
327 35.78188420834566 16.37462277605261 -16.75909276243283
328 33.13424406817453 15.78363693711766 -16.01286077099894
329 30.71259817918233 14.61170185558253 -13.82925553712064
330 31.66927425327719 13.60725839713885 -14.87334005784975
331 32.39724187888165 14.86128263452641 -16.35175644264351
332 29.47924624853946 15.32582190682176 -13.65273317854573
333 27.47858805819798 16.41566687545321 -14.4178324780891
334 25.70141664479139 18.59264835771207 -15.59679231571247
335 44.70356561732616 -0.2795942780492098 -22.1983862848915
336 44.85961473581392 -0.2348865266931561 -25.78674654091455
337 46.83548912729148 1.599308302388753 -25.98645250868314
338 48.06502433759648 3.157656888806905 -27.191303453453
339 48.99038952338304 3.131504745935201 -28.47613708430005
340 24.00202095730676 21.18479483888855 -17.13923542834049
341 23.47897522871898 24.49025840531544 -19.11119356615143
342 22.41100749434109 27.20182573999205 -20.85263825683675
343 21.59954289051284 30.44175809403826 -22.09030457446133
344 49.39331192286188 1.870294489325769 -31.11123411094359
345 52.18596829484703 2.228508479475821 -32.8789709132442
346 55.15152937172677 3.171285059175782 -32.15782897707044
347 58.00590023575474 3.484751161633477 -33.30798635768078
348 58.1565324442344 3.656798109355851 -35.75622295827458
349 21.06495703809507 34.02901391293245 -23.27388027020644
350 20.73469205451641 37.53107111650136 -24.14836669806886
351 57.87413724948703 4.511232878201541 -38.40356449845939
352 57.47573213185241 6.575044965648059 -40.56699796339057
353 56.79753882704323 9.433812523064224 -42.13091539170088
354 55.37271156928013 12.18644501226868 -43.63090945371066
355 55.8407632196196 15.9539384626444 -44.18275668226024
356 55.33849124520776 20.44769503036938 -45.04560345296392
357 52.8808181194055 23.25148765056199 -45.64521902291355
358 31.75537823907379 43.00027057605068 -27.84531015937089
359 23.42167274288418 41.72717804979362 -25.34749830463935
360 25.14334858319364 42.92038742330226 -26.19669369648162
361 26.82558434197771 43.45567766543132 -27.23806880515544
362 28.64419990220245 43.30956273879586 -28.5116628262613
363 20.61607320995388 40.37600928352582 -24.85435659903975
364 46.13060174934698 30.74934287737452 -40.85481389635098
365 42.66246244165918 31.3442420988224 -40.13908887018533
366 38.81950358705047 31.88023290245781 -40.12915467833302
367 37.61866460107106 34.1944000232999 -37.58999438190714
368 36.78883992628956 36.25547111600027 -35.10733456237848
369 34.6748783539624 38.03394794729573 -33.50758896391564
370 32.71586720530156 40.24735479967973 -31.69549666493034
371 30.60943379801393 42.22212283992596 -30.05520846191571
372 50.22033052341304 25.84273067536964 -45.05684306270511
373 47.89462327874097 28.17596225687628 -43.43421628323986
374 33.50846258691786 3.398015043494061 -17.06015619863214
375 35.94054416261118 1.544063476716037 -17.68576336610827
376 32.40647550922761 6.524516967002715 -15.88199836994637
377 30.74521448537951 9.946089511120004 -15.00841635550402
378 39.09156262842549 0.633104125245076 -18.05105259679938
379 31.41216626634503 11.83430183738521 -14.64673999323705
380 32.7866162610328 11.91478601831122 -15.83352755293749
381 33.6173482203881 12.21755491981696 -17.49659644657452
382 39.30612203141064 -0.9690269234289168 -19.87217754537063
383 42.15918747754972 -0.9960301839298751 -20.90191108278322
384 35.26797066267259 11.83520529375405 -19.78015324061464
385 36.80339093331485 11.89441422565531 -21.42586026773984
386 38.53399606167654 12.74431305015765 -22.80412315456053
387 38.72015401211745 13.82552828777443 -21.01089624958223
388 38.46174252139889 15.33826548702058 -20.15547811058931
389 37.28589405735084 16.34863117852612 -18.466217595717
390 33.76848192371657 16.42570251473677 -17.3932310846461
391 34.758876827035 16.70378332250242 -17.09247007663806
392 36.24311399745938 17.25462756135439 -19.33417884823752
393 33.01733068891843 15.75644136913353 -18.25988883338021
394 29.7331423715163 12.65058232304399 -13.98560708379967
395 32.57296414262144 13.34954842497787 -16.97355071798673
396 32.69238499612158 14.54406321637538 -19.0279990161189
397 27.53639203888159 13.63244702867652 -14.33514037995662
398 24.72858363169357 15.2320911797081 -15.52794970604769
399 22.5554169556701 17.59854200969198 -16.74986104618934
400 42.30851426814051 -1.404410168094429 -23.95327754547325
401 42.59843571382492 -1.513505036891615 -27.2972777370567
402 44.66171950898796 -0.7648444681251441 -29.48640228542558
403 47.02826604409565 1.123188351217205 -28.93987243355533
404 20.30989337783526 19.79850420628201 -18.10303579185237
405 21.17173333063637 22.50254529002158 -18.69020778160318
406 19.81926106058216 25.16554036025807 -19.91974682011314
407 18.69148336612544 28.26778749497472 -21.0494328747388
408 18.05975298482743 31.64048773908871 -22.27575813519094
409 46.80748963626728 -0.06422797105238232 -32.03379130839733
410 49.34504208661302 0.6311401962886265 -34.29516939704387
411 52.30649167137354 1.339742488245534 -35.96094770273618
412 55.29774765989595 2.477236047240861 -35.56675743875451
413 55.53096956202561 2.56652103209036 -38.41360205184542
414 17.82392216102249 35.31134006953548 -23.4769971685879
415 17.80264691199774 38.64661003972424 -24.45635344292516
416 55.44576903259785 3.728420952867545 -40.67407668412312
417 55.0961352460609 5.932317108572123 -42.21762423388001
418 53.86990760483505 8.798490328469326 -43.47144557640507
419 52.0479806473262 10.81831729806032 -45.1791733519693
420 53.13812708709768 14.19864428349137 -45.36824073817429
421 53.40837921573501 17.96122040460533 -45.67963841364346
422 51.18814667392031 20.40383911443101 -46.52010549819353
423 49.05010186423559 23.22559558636427 -46.36455404634962
424 21.74415333260187 42.22061835537954 -26.06904411643562
425 23.46221534743596 43.21221914325807 -27.59823972582475
426 25.33913829729561 43.33886381950398 -29.49222115695372
427 27.45942023599971 42.48786151492403 -31.44651787121527
428 18.54055064355698 41.05029016287332 -25.84906780344237
429 44.24243918974616 28.61069703951222 -42.89852407959076
430 40.78955527879494 29.63230138370771 -42.17436934611922
431 36.53223152010372 30.37281403694223 -42.50373278743152
432 35.13520468670728 33.13164821817008 -39.93597197180386
433 33.91961562704504 35.73714365001671 -37.01988278752813
434 31.773742138232 38.35808971705252 -34.83798589010998
435 29.63880965917382 40.71410486033527 -33.20251548302836
436 46.09357152283931 25.6984207473694 -45.29086888787484
437 30.81225018230661 1.793413247417298 -18.20067990147895
438 33.10614504382156 0.225940463480697 -18.94149498290474
439 30.05156671717619 4.559824283666428 -17.09969581348632
440 36.03959513755788 -0.5901068904780296 -19.33979865310811
441 29.28787236885047 7.684409472807816 -16.05761822920368
442 28.06776602734402 10.77526530516202 -15.04484459678288
443 33.93476766224791 12.3890594587501 -20.29135641718119
444 33.12400744813095 13.31020979088371 -19.95155728916777
445 39.20606806676632 -1.848005331093443 -22.77281226625222
446 35.99162390129533 -1.628089431959602 -21.55200536323943
447 36.54307299652983 11.92642758957244 -23.6662655355529
448 34.95847943326986 12.10445538974501 -22.52383347253716
449 38.17412565509601 12.35463815391771 -24.74798226801849
450 39.60788411501382 13.7869926196691 -24.08484146508341
451 39.53362459534093 13.33088305467964 -25.74941580031809
452 39.37416071803534 14.85134748562286 -22.87025730922126
453 37.79227752388191 16.67618579299825 -21.26991068258085
454 39.02081357269425 16.10958657666336 -23.3228544961666
455 33.9431973695538 16.82240216706495 -20.58127977696808
456 35.02220373291286 17.38568998611574 -19.86083840230067
457 36.49500222693851 17.3389246344133 -22.21123182661035
458 33.25597332926115 15.66050272481339 -21.28315627171727
459 33.28066142300125 14.28374527959036 -22.19497344017615
460 25.00756789582806 12.07986874343617 -15.9083919289929
461 21.93000885485151 13.97023922024347 -17.10441216198807
462 19.55151640618886 16.67658775451829 -18.26490761007322
463 39.68044008348274 -2.144401228404146 -26.39589625529893
464 41.03130642155927 -2.042140423235992 -30.11130697729289
465 43.69009046634777 -1.485456138097245 -32.73927971451941
466 17.56280030119739 19.66091852028122 -19.42640604785599
467 18.06376685772036 22.65568497274527 -19.32755605366931
468 16.55614892554723 25.82968415289077 -20.35106684393125
469 15.40799656728089 29.14528289192998 -21.6667098682378
470 15.10773705412165 32.93104262223761 -23.04396976536088
471 46.36502953603675 -0.7545481520105852 -35.19905835304566
472 49.5033000793585 0.1312403331863159 -37.25220123328895
473 52.57674380001087 1.191268549939373 -38.54105065113141
474 52.80655477152767 1.883591400334829 -40.59078260076182
475 15.00216473203799 36.56717121966071 -24.32950587181676
476 15.50333322637221 39.59826733712609 -25.72272172718277
477 52.89727557249724 3.327165018857198 -42.00005586180202
478 52.20282770945881 5.837372361962835 -43.06340869510941
479 50.78161044896612 7.765023812702214 -44.27086664745207
480 49.47680890108568 8.577922557810881 -46.25306140530657
481 49.90562145065975 10.69096823210311 -47.55134352015254
482 50.85717921473283 13.34051673244317 -47.18525228052384
483 51.21815214433974 16.51933275147042 -46.89151411450156
484 49.22722525098808 18.46369335977719 -48.06234763006154
485 47.84123513247033 20.80937043558512 -47.9322881949978
486 45.75276557692333 23.07817524183994 -47.25399535685985
487 19.98735562595366 42.38078279419148 -27.84109530571794
488 21.90612468415149 42.86268489004989 -30.18125402408653
489 24.27528396913941 42.54014713816829 -32.62537913256111
490 26.45788525626886 41.36008382046731 -34.73993790486089
491 16.62649601975843 41.48462298398923 -27.82493836671498
492 42.51996134049909 26.55223295438465 -44.83114358330754
493 39.26397349488118 28.01298791562904 -43.99639966516179
494 36.24100465653043 27.5925036259296 -44.98298167634731
495 33.31126792159825 29.48498248661462 -44.37513546574932
496 32.79384391198354 32.09880617833589 -42.39906200761422
497 31.61789208640177 34.73249633965931 -40.1363785010788
498 30.60762879937872 36.99478171287964 -37.90791531861576
499 28.50922505197941 39.27472659554687 -36.61816627260941
500 42.33551076946709 24.01809143465179 -47.06903946277409
501 29.54899231457309 0.1644826256628988 -19.72335224962865
502 27.8031317894748 2.322309549855483 -18.69873702223785
503 32.28424475329219 -1.039376171005404 -21.01661558778159
504 26.88409079827014 5.413245535250883 -17.80739309386612
505 26.17910197289439 8.69274765126527 -16.72286645896523
506 34.05077758513517 13.11582407094816 -23.20252827219515
507 36.50062203180911 -2.166177972277698 -24.97518431786
508 33.59125517543035 -1.796152414640243 -23.72627647639176
509 37.58936352036294 12.76137344552945 -26.33999872068178
510 35.73953660515866 12.73417692049408 -25.04824178117773
511 39.1245808961427 13.54824948894638 -27.55689319823289
512 40.45156306351922 14.89429898814115 -26.64136267096988
513 40.12912484496639 15.77179534214765 -25.56847760733022
514 40.32602091029968 14.69730434653033 -28.46881181412302
515 38.06855524711482 17.10118545043942 -24.18349047851007
516 39.64672125425917 17.23907356463148 -26.212249607307
517 34.56438870261697 16.24416137946884 -23.82974137164894
518 35.38147311131581 17.16019531568314 -22.97482472750483
519 36.74849447429283 17.47500583586767 -25.03740413295657
520 34.36639011425729 14.90001928339176 -24.78150011648204
521 23.19938802230444 9.956526154872359 -17.69860890782713
522 20.63855242943625 11.44141603424118 -18.72091572763144
523 18.78762107710312 13.86637236346625 -19.47417438925604
524 17.07036298530909 16.7978155207561 -20.57435646831108
525 36.95372071360325 -2.290697276986421 -28.3560137551911
526 40.6042012513941 -2.005721872100924 -33.98697975732507
527 38.14572803075673 -2.262989686589865 -31.52348967409716
528 43.18059084098519 -1.452198727201885 -36.26782809636115
529 15.23669205205653 19.76267795023197 -21.61382321681597
530 15.67142683469247 22.6209631538241 -20.42312131755136
531 14.19702432279163 25.4113072900178 -21.3834112171216
532 12.88368970607157 27.88553931634306 -22.66071668292913
533 12.56556778860294 30.9188404798612 -23.57102936684159
534 12.32040284407202 34.28351297818934 -24.76825452734563
535 46.62986092646103 -0.4656086408965443 -38.09126336662137
536 49.758802134313 0.5411637419195436 -39.68348271414715
537 49.91655863220968 1.676159516814625 -41.3461486892129
538 12.62778664664827 37.53589082653684 -25.99457978779777
539 13.48139882995475 40.00570319024418 -27.76834027059148
540 50.00095523859736 3.697290947243257 -42.51156146655983
541 48.63393387562034 5.446703568012046 -43.51158813353931
542 47.81775292329034 6.511832209891875 -45.30561896155768
543 47.32862700468614 7.533456652163364 -48.40475376564775
544 48.25208574440624 9.659599094124465 -49.85366808897338
545 49.01939200410486 12.59408280319802 -49.71216614930596
546 49.22070198974864 15.55051456831676 -49.02965845751506
547 47.1588269740082 17.66648116298791 -50.44666086435481
548 45.64930068166615 20.06444194793763 -49.81643496760322
549 43.61532562362113 21.81742676245293 -49.02504164234208
550 18.20617033965415 42.11564897557593 -30.55487151465228
551 20.91512875265548 41.99211280175163 -33.32604782864771
552 23.595084684935 41.27939674467881 -36.04655019368398
553 25.76273300351913 39.80830563006207 -38.27089805582285
554 14.32397238428005 41.34482842373072 -30.20854912539943
555 39.27059628944939 25.51387064300862 -46.06329345759525
556 36.04039906059795 24.74606097435872 -46.90436157032289
557 33.19525799871099 26.50958292300638 -46.13584942606417
558 30.23471187031932 28.29859497433174 -45.72148452198165
559 29.90565085719829 31.30911831838119 -44.51231919023008
560 29.28315410624624 34.17161837562625 -42.66691002354124
561 27.95787931827864 37.21204765676636 -40.2846027686432
562 40.80260180127382 21.7102485083916 -49.658479403049
563 38.76200012045565 23.1743148669201 -48.06736257854961
564 28.7563969329568 -0.5078085292064998 -21.66440146065131
565 26.6829798792839 0.9660138601047485 -20.24158209638591
566 25.04409662748693 3.479773538143702 -19.64969375813335
567 30.58956541430931 -1.223913295358756 -24.13602265119881
568 23.90186745933368 6.643215725343637 -18.86070837378747
569 35.14714485795481 14.06567541266357 -26.09352931531322
570 33.29109710970236 -1.833935720840955 -27.22512181600533
571 38.12445086762951 14.03928281066827 -28.92070461135706
572 36.52992311251723 13.96662635181934 -27.73532200287426
573 39.53492618502486 14.57908746348783 -30.49345562259577
574 40.61222899717996 17.09275574313353 -28.03367506996705
575 40.91951518052991 16.06342416724098 -29.03059323452491
576 40.58653791374225 15.29772288246879 -31.24801778800679
577 38.25210236177799 17.97326393738659 -26.69063741101882
578 39.5092389297921 18.6114142183903 -28.47392821004233
579 40.39626847118211 18.72310975429584 -29.9523445948361
580 35.4289390245246 16.45430303393855 -27.02210636505512
581 35.87772331933703 17.1455428612266 -26.00311094253491
582 36.9210048740773 18.18982740566448 -27.78289127761677
583 35.41318596114415 15.57480070053682 -27.62443230411127
584 21.15397045965574 8.282981378382212 -20.05963899959794
585 18.86248545315853 10.57395531951824 -21.17497502795833
586 17.02761150649958 13.67660250165244 -22.21735312632975
587 15.26378808671189 16.79761453999609 -23.47970753769443
588 34.7958075202139 -1.980803966432259 -30.9907088203146
589 37.07886090530275 -1.958695963198892 -34.62954778684423
590 39.56041820180503 -1.537610166796256 -37.2413635850678
591 43.60860329572415 -0.6591284687243508 -38.92892054873614
592 13.32173588599161 19.77552157784835 -24.56814851215947
593 13.35946858810811 22.67394933857471 -22.64917655909915
594 11.61150159323459 25.35962652315607 -23.89426959433201
595 10.27267687383684 28.39373160971428 -25.11146458597191
596 9.924749509657556 31.64219320439515 -25.85077326874881
597 10.00292528299707 35.1211701603041 -26.91643259554021
598 46.66067031992053 0.6025884866999967 -40.39519195331741
599 46.60206433029933 2.814817209009792 -42.14697471147755
600 10.72487305631337 38.09064749085049 -28.37076574297641
601 11.67783481455286 40.08628690449895 -30.44257495056916
602 45.74323334659105 4.692291659645429 -43.95194272104584
603 45.33649805497932 5.732422123183991 -46.99126565095461
604 44.76116861724975 6.049029028542584 -50.2671257084821
605 46.27551079142233 7.55233353078523 -51.55265990083551
606 46.99826057367623 9.403123718060737 -52.62464533631127
607 47.63299992406707 11.79767261534634 -52.27149725762772
608 47.65016176687012 14.69017910006207 -51.57985929702458
609 45.87108390739708 16.00100337138439 -53.34618923400507
610 44.66813940869368 18.27151555704812 -52.41641012790802
611 42.81098913741484 20.00874539408049 -51.44166875464127
612 15.36072972072964 41.59792253776995 -32.50454949963837
613 17.70921574192163 41.3104090330008 -34.37123582945443
614 20.2718582475275 40.65108112219863 -36.82439167341249
615 22.76003833859799 39.76776493961276 -39.27353555858008
616 24.85362620416677 38.27640347977136 -41.24459024002217
617 12.67003567355774 41.04306251192259 -32.78754955076827
618 32.90854841698192 23.43252537687864 -47.55034053045492
619 35.58509150454609 22.1318372352199 -48.64470182387935
620 30.11458854121036 25.11094824352979 -46.62336749858822
621 27.163976604671 26.6677413824231 -46.24081880586778
622 26.97982846183026 29.9576490380246 -46.02044053135449
623 26.66702392104096 32.99055206822766 -45.12478221600104
624 26.27875397601867 35.7417604651897 -43.34981967685218
625 40.07392978595806 19.80251807917494 -52.21499678073052
626 37.86152209506673 20.94956504326119 -50.2967292173815
627 26.13243806862319 0.5908410416455503 -22.26562296257861
628 27.4877202411127 -0.1005380889363998 -24.66589215511482
629 24.30589238183889 2.453743310497249 -21.59375193824885
630 22.44111249808929 5.29606226754562 -21.10874133996882
631 29.61191460527849 -0.7321932893734697 -27.35518125106908
632 35.99232829100664 15.2035901938351 -29.10154327101617
633 31.5869831596135 -1.162867901762834 -30.42842590506391
634 38.26765635850089 14.49117656495354 -31.41811833277351
635 36.91979898951719 14.78009597799158 -30.31773527295846
636 38.73370202944513 14.31385124038979 -33.94232374655158
637 40.09420013118272 14.6676998805797 -33.61526871282577
638 41.01424794028995 17.86959806136938 -31.04128706414995
639 41.10707425398353 16.36920395194204 -31.83328141758867
640 41.14119504472713 15.59517249319273 -34.30861788104278
641 38.08240186442882 19.25297925821185 -29.45438892150845
642 39.58590639038025 19.73889331286072 -31.14947022201137
643 40.80922459584202 19.12693369604104 -33.17933187383468
644 35.82433517306638 16.67588527890947 -30.11421641305695
645 36.11295502906687 17.81349954599221 -28.88598279243588
646 36.80168355390594 19.31981397437893 -30.44046752374269
647 19.97541354060365 7.491057368209503 -22.9155162622748
648 17.59752212011857 10.61580238490767 -24.14365034956711
649 15.74398280316139 13.81880404577498 -25.49280930823473
650 13.75887765249158 16.88030759517981 -26.82721819321952
651 33.71438938773462 -1.411936658294287 -34.16751790289539
652 35.69899208650439 -1.166189587347748 -37.39189626021869
653 37.35172386971783 -0.2832351252681313 -39.58503276737802
654 40.70325222634081 -0.4704376821815934 -39.58433220587168
655 43.36855570416379 1.075068652381336 -41.05652584351481
656 11.75129423939062 19.85510421650799 -28.00176315348116
657 11.28996683105061 22.63742060691584 -25.69703064374506
658 9.365184619923291 25.68216427503766 -26.86003356607425
659 8.131361820071245 28.92099219195501 -27.76141504783201
660 8.152395892183968 32.5787979999229 -28.14727705193904
661 8.645314604845076 35.91135760100514 -29.37009184844954
662 43.10101011642803 3.166036590185602 -42.79807198163137
663 9.482930633756606 38.11653764094574 -31.07279893321827
664 10.73199830278163 39.63941288395793 -32.63431033471581
665 43.07311398693755 4.463644940959886 -45.33622546015468
666 42.52568067869846 4.935279312609484 -48.75459044704721
667 42.32507125456102 5.285956763521675 -52.19272045611064
668 44.21634614478841 6.426842231736517 -53.55803826788369
669 45.44196892963173 8.134397259552255 -54.62740903937675
670 46.22443105273817 10.57656424119352 -54.91733431326612
671 46.3986450037266 13.28903503223897 -54.31500837420997
672 44.76337749150747 14.47893396551474 -56.06829561691652
673 43.78663013884549 16.67377785208299 -55.1247655986293
674 42.08020778117014 18.37748984065182 -54.02337954911663
675 14.26165207880346 40.7125965475839 -35.01249844108472
676 16.65670247093788 39.88417682402005 -37.31050862292384
677 19.20078009662552 38.944762126057 -39.72251892005005
678 21.49597846192687 37.99962426168963 -41.99684399784669
679 23.49493118696192 36.58031727546835 -43.7056742964373
680 11.83820119117605 39.6580792113074 -34.66106157001503
681 32.45976412216949 20.5967193927689 -48.81329596999718
682 29.80027951587464 21.78962825218874 -47.47688110561717
683 34.8040343326573 19.79308538217144 -50.37871788285392
684 27.13035922287867 23.30828864154799 -46.30213516459551
685 24.16459333703396 24.59793815422557 -45.89419398842366
686 23.87286497861187 28.0680834413086 -46.39124811948494
687 23.73608321565115 31.36812626952243 -46.21231781999477
688 23.58244012397617 34.22109409643522 -45.38459865793726
689 38.91002149315755 18.3253056648388 -54.29523952383411
690 36.95010688812788 19.03691728478276 -52.371149260752
691 24.49997854473689 1.860670621337437 -24.7107510607508
692 26.11276875157612 1.024339553344571 -27.59251847352292
693 22.40287830112398 4.11128164429164 -23.73801758098175
694 28.18758884236419 0.2788702420239559 -30.56199580406929
695 36.19183136391273 15.6346116176669 -31.94768540849826
696 30.39357280534485 -0.3238915740554873 -33.63674494261054
697 37.11850196758817 14.78671972961103 -33.34220668175315
698 39.4285518540036 14.0490169788118 -36.62378607748
699 37.67255807039547 14.23607647151908 -36.27665976518708
700 40.79567657851435 14.70121772904324 -36.57440988999981
701 41.46744615541286 17.52287371059649 -33.98497377792985
702 41.62349910210558 16.37030647496842 -36.81174711245365
703 38.0317240872647 20.1177305608795 -31.94607947652059
704 39.62444492963929 19.95716416054753 -33.72917312298903
705 41.44065254894877 18.05515306953024 -36.28227957005767
706 40.65799135918478 19.19848667481235 -36.57159998756451
707 35.73321241057676 16.93449775038805 -33.4200800269014
708 35.92689661195472 18.42997453055362 -31.77367243826985
709 36.73203702120109 19.63783635851879 -33.16698974106711
710 20.80443812055004 5.653894633514446 -25.83541833868344
711 18.6110987185282 8.235774826058972 -26.39268630544608
712 16.47917712266535 11.11476296203541 -27.68785608966548
713 14.54956754509265 14.14776552556724 -29.07735858622735
714 12.52703116344637 17.28583700223144 -30.53590467321402
715 32.20145216477969 -0.3275043228482133 -37.05550806281815
716 33.37098026245079 0.4862981477999568 -39.57429465248565
717 35.64781281449147 1.713571487134921 -41.37174023932184
718 39.76855387687951 1.562217542390268 -41.49688043102134
719 10.53841459178367 20.25682073142671 -31.62043130811491
720 9.723810859894186 22.71077858432236 -28.99757688091017
721 8.110055945406874 25.51015728420449 -29.83212173239838
722 7.270172662112095 28.00154732512783 -30.31522588461195
723 7.168333796908577 30.98216473208663 -30.2050367473553
724 7.407587992992489 33.85018314677104 -30.53981901277818
725 8.127026377962288 36.03900909515362 -32.13444630121922
726 40.31186803658947 3.467881458720884 -43.88350207290109
727 9.499819716956772 37.7505459346458 -33.63152709925998
728 40.30825803931906 4.261120457294853 -46.75954823337136
729 40.03017723155341 4.721243895177238 -50.77531991595581
730 41.88150863130411 5.875818067251773 -54.93178578696264
731 39.37616669743057 5.179119698226758 -53.57580113886431
732 43.71838855735828 7.255325599207712 -55.97045052652993
733 44.93849489886473 9.28941263224759 -56.44191310748228
734 45.31502182519455 11.89551770573294 -56.48024875187882
735 44.27294615501439 13.24859291806719 -57.32161546459278
736 42.9877105626473 15.24222730937167 -57.42799362381899
737 41.95908337646605 16.43603866810912 -56.92812959032241
738 40.4874907670005 17.46115539034873 -55.91716191358805
739 13.58697115203841 38.76472547533549 -37.19138636941003
740 15.82988580819797 37.72164298725276 -39.66822731741056
741 18.29448128560599 36.65307613879977 -42.22976729999004
742 20.68943310146287 35.51485892943697 -44.34532906198744
743 10.88865036354944 36.98243575190712 -36.23180085955109
744 29.75843149343397 18.54768991874731 -48.42382205451726
745 32.09989371558895 17.94556496045118 -50.20079057306135
746 26.89221807738477 19.80984334935197 -46.6896031006802
747 34.33337567474502 17.55920146149534 -52.37365673499603
748 24.24377401417357 21.15890277469083 -45.44491202696738
749 21.28302690502187 22.47454579899738 -45.01900891315736
750 20.82129753516182 25.91046884790556 -45.79464534683311
751 20.64678115598213 29.40961661571041 -45.94928951410322
752 20.60443163869265 32.73514954660192 -45.57908295415034
753 36.5067433315285 17.14443842409774 -54.73458729343808
754 38.49566041727999 16.59640600178355 -56.89912710960059
755 23.01483791794367 3.383232908594747 -27.73201060559016
756 24.96010198261928 2.16731246994129 -30.83204886604909
757 27.05067705089026 1.312506365215185 -33.89736530758683
758 36.28094814700712 15.35632982914123 -35.45325499011129
759 29.14346290752145 0.7940781097731104 -36.69162569744717
760 40.19265007795184 13.94966644682755 -39.3303346354636
761 38.50539554247477 13.65372227770127 -39.31728811298473
762 36.96937424365493 14.31786511328272 -38.70482891541872
763 41.33728718702035 15.02285298160724 -39.28959105015179
764 41.78305868453499 16.37251534922614 -39.68056945017813
765 37.9517414011875 20.02460181899466 -34.75177854277966
766 39.32960424059063 19.81927604635548 -36.46883948201862
767 41.46423429145753 17.81359907932098 -39.26269791035892
768 40.71459136941076 18.77569397752642 -40.00702345572636
769 39.49940427126856 19.43421796528852 -39.40148565271487
770 35.77134898831577 16.81036054838617 -36.64305343300705
771 35.96272478210724 18.39384776041479 -34.89829543093515
772 36.82396370673077 19.26793222675718 -36.44314839858091
773 20.33478053823289 5.932638199262533 -29.18222843270219
774 17.87048653196491 8.584896590183501 -29.98064459994909
775 15.75191005856724 11.46379476334355 -31.18148167182602
776 13.75175336307456 14.64301274389084 -32.6309989374317
777 11.91517299405794 17.93041292524831 -34.37535114977861
778 29.60729779010551 1.720777006275778 -39.59226041832876
779 32.10441099743317 2.894197431332556 -41.83708152055479
780 34.44677476185452 3.888435373897899 -43.71691390617849
781 37.49914421424216 3.024938526140691 -43.09361323218638
782 10.14332087143316 21.28243894851513 -35.019925158693
783 8.772122936852718 23.34481737320685 -32.40148656590122
784 7.656235168453524 26.25679123715841 -32.80260205264237
785 7.350646794000102 29.68950433621374 -32.85197824012256
786 7.372915462210077 33.04423881448461 -32.69582576010107
787 8.656976274182302 35.07269742919276 -34.58107888393783
788 37.18122327753355 4.103384057474178 -45.66528647327571
789 38.32024058173146 4.515728626392892 -48.80356084480241
790 36.82978257825891 5.204027435226019 -51.77735256233051
791 39.48555382574962 5.898106355012134 -55.47038359817086
792 41.98105727289467 6.717848973525028 -56.28796950171851
793 36.89932957763499 5.943938103231726 -54.58496190286098
794 43.75451532749711 8.387279865267855 -56.89812411990298
795 44.61977003911605 10.72288014858899 -57.1829272555656
796 43.98151639657861 12.58725902786979 -57.54751401064789
797 42.82052136774712 14.59935876576372 -57.95023351526422
798 40.79677910154073 15.58092200025622 -58.45712230484905
799 40.19877137767124 16.12233258505345 -57.97783104476839
800 12.85749712778505 35.93915419716684 -38.92791373083357
801 15.24191085245833 34.86235670806551 -41.4992883719366
802 17.74985979390467 33.83713662429217 -43.92805855034581
803 10.22601201251441 33.82770392728867 -37.3656041486034
804 29.91468350678423 15.46641751896663 -49.45506007647627
805 27.35184002041834 16.63905603316181 -47.29262960124271
806 32.10089670528657 15.59998933207449 -51.94043026511146
807 24.01065164537267 17.34103206123977 -45.58992060237149
808 34.27346426723494 15.52512495601908 -54.57924256466162
809 21.52457898112865 18.91910044915782 -44.48211465315311
810 18.67984179486421 20.27227519482085 -43.8649352788804
811 17.95899845867677 23.69264424700613 -44.5658068698295
812 17.62361516507632 27.17583414246555 -44.86666932526879
813 17.59732113935855 30.64868788455263 -44.69988209188864
814 36.63991126901386 15.40771103896541 -57.02005244764715
815 38.56209508602952 15.46942840216194 -58.39851631522784
816 22.25134263627548 4.258481388505571 -31.72479965974094
817 24.20945224266995 3.064307546611662 -34.70642197049982
818 26.3660619322729 2.327186682965248 -37.54915126326656
819 36.12399174394557 15.4080115530542 -38.60648233018332
820 41.12453852497784 14.0579481809665 -42.19664949894405
821 39.84010302744586 13.29043998345662 -42.1476752729839
822 38.45391384227057 13.14582954136759 -42.34938722014771
823 37.15573126075338 13.78187430964731 -41.72538598464925
824 36.23297691074458 14.95792375445537 -41.74093998137215
825 41.8229026416829 15.24212681899166 -42.35510655834707
826 41.77111851328745 16.83906060091672 -42.50132484651625
827 38.04356472518347 19.59287791955404 -38.12046491400073
828 41.09171932391816 18.09408974210436 -43.02186118675753
829 39.81030045188893 18.95984403446963 -42.57177147405622
830 38.36269154645218 19.21093025501117 -41.5585987512691
831 35.90351393610351 16.61266247411528 -40.0653270171563
832 36.15490067073383 18.05374811831259 -38.272100112178
833 37.05578065764279 18.90264299606607 -39.97059425739627
834 19.53525993385713 6.634524743049722 -32.80390747053124
835 17.18366253908982 9.162164056670385 -33.55355039257801
836 15.28255394739013 12.04634993792138 -34.7042130962421
837 13.74743801904161 14.89941729816294 -36.01353192596676
838 12.87686593074334 17.36842860998392 -37.68523246472093
839 11.66599321958286 20.21447121413724 -37.94836030394125
840 26.14367767836438 3.589189617262704 -40.42058060856385
841 28.92248169072812 3.921070581857036 -41.93352165972373
842 31.42832320534799 5.442960540619522 -44.39942159796939
843 33.92402954735552 5.209215609988194 -46.34428370112497
844 8.875406949425891 24.53782576595547 -35.40699113325766
845 10.59521558276967 23.43383079476752 -38.15428710475801
846 8.413216280869037 27.95388043115903 -35.48878073207254
847 8.379617083050242 31.68374071274703 -35.35771830731119
848 35.88384461905643 4.96124076302198 -48.56471913780216
849 34.47918817318921 6.597263388668033 -52.92851676084341
850 33.869335983196 6.137591678970068 -49.85758051443506
851 37.08428164351579 6.825869911201572 -55.90742678839328
852 39.70502864389406 6.616170414403902 -56.15530305908196
853 42.23856913544934 7.604407167180236 -56.72049541009673
854 34.8299283109575 7.526050511156706 -55.26255035128763
855 43.88828812136499 9.993407081386872 -57.1829272555656
856 43.63850540460986 12.37561193180243 -57.28438617142757
857 42.77305545453833 14.1904155569455 -57.90216657387786
858 40.86351619848151 15.22687237930631 -58.55306094916919
859 38.55306435054604 15.01151288148604 -58.68894308396602
860 12.34699642682734 32.64071538682821 -40.0354249082706
861 14.80055327525418 31.61409418004218 -42.62937447397982
862 10.03343320531654 30.31169865897451 -38.04780941220304
863 27.93861004864912 13.76290746820906 -47.5690068578044
864 30.97602844659391 13.14412407606115 -51.64268014029874
865 29.5601323909855 12.09612617281913 -49.30473029618787
866 25.05493618981055 14.32669678210865 -45.98491478939324
867 32.64230824713503 13.58748858971176 -54.19920134618521
868 21.71585332748888 13.99623081776997 -44.74965641268392
869 34.77914717225966 13.77715700409432 -56.6476408416415
870 19.46190004234814 16.36247970994258 -43.67045098266732
871 16.69574059094325 18.24582447361041 -42.58873425020173
872 15.46028123347391 21.33090976552401 -42.73374282560584
873 14.89488598759665 24.72659263807166 -43.09572257311532
874 14.68354036266931 28.21389785385526 -43.13415775084064
875 36.56474829297213 14.18449428093488 -57.99549438242025
876 21.56733045993817 5.105579881084989 -35.55471390597325
877 23.68379759240688 4.078094457030884 -38.36834118468941
878 40.84866276326495 13.03975572443512 -45.07741200791607
879 41.79901847098288 14.08514374895063 -45.16452281161524
880 39.44380725074019 12.50095406131318 -45.09547730708796
881 37.97933893069167 12.74782542820177 -45.0869480664533
882 36.79014151597348 13.69245892656661 -44.67690137755746
883 36.19132986906393 14.91999007157886 -44.89276237022654
884 36.02735253811908 16.328559899959 -43.1812217025294
885 42.04879735953306 15.58553785837797 -45.18710156442638
886 41.50678478950702 17.06917400062477 -46.00659391404049
887 40.27945462525479 18.21381110969328 -45.56352895742744
888 38.83536001196464 18.65336368826222 -44.93340642220957
889 37.29592778253193 18.54096567674786 -43.34459800529667
890 36.38682098317957 17.83547727062578 -41.74686221443402
891 18.97709042482813 7.35813826404608 -36.38273549622203
892 16.85269507990233 9.85592188576609 -36.87276487119507
893 15.31697620927376 12.74943136017944 -37.99070790712825
894 14.63797993847574 15.26199711679876 -39.45427277080794
895 14.06395496158381 18.47623838740725 -40.57402271947881
896 12.86612781585096 22.07634166212278 -40.69545338057912
897 23.17791370662215 5.764936503424307 -41.30630856026994
898 25.70262061524902 5.855074460189835 -42.61883925394993
899 28.53923052239884 6.368596571906487 -43.83051588815049
900 29.31928279048755 7.999129551650338 -45.90152117270317
901 31.66586140856184 6.958889505745004 -47.53388307736318
902 10.06815502423772 26.78375130531035 -38.24259613660738
903 12.23961719200599 25.6484454458141 -40.8939534637876
904 32.18087939136377 7.901435196833758 -50.98716512162947
905 32.93865342073011 8.70497015262807 -53.89763450103461
906 35.18949628934676 8.546190566957778 -56.39595167881991
907 35.93241688349655 8.945900145430036 -56.61010529208006
908 37.82991260677211 7.481714155496769 -56.18821796526546
909 40.24202243722709 7.431858485346245 -56.2288620172485
910 42.36732315262421 8.602549400271736 -56.57056759132837
911 33.89713640756266 9.909039186536331 -56.16553967912554
912 43.46218594089743 10.57214840678055 -56.77358495638106
913 43.06227251051145 11.42535958561823 -55.71053072305999
914 43.0608675592938 12.85058784785013 -56.20317093381078
915 42.89207434651843 13.71533915051779 -57.27705898714806
916 41.85812595545289 14.65415186325202 -57.65107843923384
917 40.91409444231687 15.05637083007078 -58.37794354181192
918 38.47197914144246 14.71888010964386 -58.59962723421408
919 36.34437001845885 13.36580585436084 -58.04577402626928
920 12.12310673132117 29.13554968083768 -40.77543606665632
921 26.36897328213944 11.63379481773026 -45.87964298139836
922 28.32908886792913 10.53943352430584 -46.93797703801273
923 32.23697790674094 11.0622782721336 -54.03090580005369
924 31.09574981418283 10.28312850336251 -51.49385484455676
925 30.25217422721115 9.202104675993361 -48.73783056576419
926 23.55373815734314 11.12821048898308 -44.86867913286897
927 33.59727694182099 11.9283340356389 -56.1126530277037
928 18.79595125108024 13.10839735333989 -43.20661418598079
929 20.77874703711232 10.4756077772316 -43.86122192007626
930 34.92325611949988 12.27034108085879 -57.40019319945233
931 16.44806721511706 15.53546110939143 -41.7848954306393
932 21.05552434109157 6.1993492383186 -39.09229685150341
933 40.36334973679367 11.90354640857003 -47.95366106324884
934 41.61095407447551 12.76147393590946 -47.9440292995878
935 42.20123648075041 14.0432966835612 -48.06164324035024
936 38.942940227546 11.77489288177518 -47.88812985086816
937 37.36206002309018 12.63312092320339 -47.66524410211085
938 36.46148246437249 13.99532736140113 -47.82410695123886
939 36.25545613022695 15.89312359876547 -46.41041594168322
940 36.62395531077092 17.40756817742054 -45.09798478133199
941 42.08884038333852 15.53024326604087 -47.99179764098785
942 40.67374442256524 17.32296867617036 -48.35568000635882
943 41.60864566688902 16.23422718761653 -49.59555519824113
944 39.34485580912227 17.76262078806807 -48.27198396147749
945 37.72403977059966 17.88555401961232 -46.53084361308591
946 18.80016610473318 8.314783233975703 -39.73064619916467
947 17.00262289867069 10.67450982196012 -39.66903124045063
948 16.60451829512486 12.88460814821373 -40.95908271464825
949 20.71722969762457 7.952284764695129 -42.13423061718994
950 23.19256424697621 8.15105569340402 -43.54841929338943
951 26.38492924038238 8.758890419387143 -44.63113901555263
952 34.95948242296748 10.92238417854632 -57.25438070100815
953 35.55598949049551 11.31888380716573 -57.34359318922635
954 36.10773335751136 10.49808699671398 -56.58762607259769
955 37.08207276925808 8.901865260910126 -56.03387239798165
956 38.87941499456055 8.191337980019027 -55.70270587213663
957 40.76436569020604 8.583491638965851 -55.552475625177
958 42.27780440800978 9.841239762721168 -55.43806972016493
959 42.25663060641628 11.26720112620152 -53.34518624430746
960 42.69076436087465 12.7107952016941 -53.62085911115784
961 42.43114698559597 14.00245260786938 -54.29824849292694
962 42.17283502820617 14.32709778657745 -56.35831659592971
963 40.90275529924691 15.09310054248967 -56.6038844590319
964 40.43279720284098 15.0476406086761 -57.89192995383429
965 38.6841267753074 14.70653701982505 -58.17372412040407
966 36.70634593776337 13.3555701913685 -57.93678885947027
967 18.65726112795059 10.2968775014502 -42.15018657543288
968 39.86057626753302 10.79955143738208 -50.79689567906934
969 41.35314361193452 11.46389525372356 -50.67867688192436
970 42.24478996849751 12.68119073574347 -50.79568979450923
971 42.38157173145823 14.23266458385497 -50.98335222949656
972 38.21677568647427 11.41171107791054 -50.20350094216788
973 37.00470091895863 12.52975651832621 -50.4701430735348
974 36.5739819233181 13.77866244569198 -51.18526324331792
975 36.4420160421879 15.12360846480914 -49.055250007624
976 36.95643108270978 16.59740899148116 -48.50280175089684
977 40.58894585465751 16.50658865718281 -51.47448412749598
978 41.82711749533585 15.32080408717998 -52.2106823937488
979 39.27922506341282 16.7534600240714 -51.53770693229018
980 38.14341962317024 17.17815725332131 -49.3789936440657
981 36.26107593509754 12.25739504875993 -57.10124101828445
982 36.53614777377036 12.00731277496724 -55.77275053815656
983 36.89140136517791 10.52167065332521 -55.27118295345602
984 38.11561919880358 9.498048845119643 -54.74151251619755
985 39.70773901300059 9.332183252081865 -54.13948900533266
986 41.06412179441399 10.11955217688646 -53.34408372128107
987 41.3549505246722 15.28507832150995 -54.41315589278782
988 39.43447408706546 15.12862628445091 -56.83941476874805
989 40.05125149981814 15.84445180099658 -54.32684901212873
990 38.0663463728571 14.59845530939488 -56.62807105792319
991 37.22317274740546 13.72657876025897 -57.53175711906249
992 38.8502134471812 10.3028983107896 -52.53703303776331
993 37.54279723531804 11.07552481832126 -52.98692368380706
994 36.82115380429548 12.26040593195524 -53.52702980776665
995 36.78522610081419 13.59692128671527 -53.92573352538759
996 36.92391430984136 15.16375006489213 -51.54403112687207
997 37.85329528262333 16.12745089507523 -51.81027129671895
998 38.72677680668566 15.66853142765048 -54.3118960435834
999 36.96777022577974 13.43163853788154 -56.23869667577203
1000 37.49773926302451 14.80468262430043 -54.34180198067406
1001 24.40893061676603 25.22585008953962 -33.88023141461031
1002 52.77001360745713 16.93410459177482 -28.98878625168118
1003 25.14322105398637 15.2918642036574 -30.57700183094983
1004 33.87006704247268 27.48435409830368 -30.05449419961208
1005 57.09335287103311 25.81253574486104 -31.54283405716296
1006 48.84382842358642 23.41605897361778 -34.8709505359725
1007 48.38254449436508 11.45805708750726 -37.218515298812
1008 17.98216303102031 31.04645735569548 -32.34697617993875
1009 29.17157633411386 20.27682082554578 -26.8764910391268
1010 31.30592431002099 8.985153297398075 -30.97645384562745
1011 38.95714199432481 7.68440954796966 -30.98382133484039
1012 42.51768738195021 28.17858569534655 -31.92504424573305
1013 21.15289129540966 19.82719050824482 -29.25868310901321
1014 19.70917561621932 18.90140004424291 -36.51296735793009
1015 45.27107654685412 9.497054664634284 -28.79098563592576
1016 29.20664026891421 13.04284251420277 -37.94237467525916
1017 47.18673916389016 15.31572615051339 -23.26060778381524
1018 46.99878667152173 21.21156887602641 -25.31989560497959
1019 27.30173832795655 9.841685298101552 -24.52267498125788
1020 29.59179882935287 20.32386149830792 -39.03597244065697
1021 26.17417767863097 33.65344010291896 -31.87228923163214
1022 23.49893615828751 31.80290032376801 -39.06961957050622
1023 24.92936470003516 16.57083156444482 -24.40196660663279
1024 50.41881524079781 31.74316976561933 -30.03944102236465
1025 43.23570097655627 8.74401042613913 -36.90553382790457
1026 37.45386040896313 24.09658703702539 -25.00490181709739
1027 32.19371306083455 5.444344412050073 -24.91709309723446
1028 15.7094828960572 24.12930936843533 -33.28011977289792
1029 31.24273722343231 27.10176409664403 -36.98950246250703
1030 42.04636937384883 6.708429607673124 -25.71076560763155
1031 60.18619345179729 18.57409528514813 -28.76691742360154
1032 35.83678661538379 7.573158354872174 -37.52000169028801
1033 56.60328935876409 19.88973968930665 -35.00398261978117
1034 50.33023962401392 18.14452054416172 -39.64200959329319
1035 55.85580326496051 10.04623111386082 -32.82202594136088
1036 27.88142782730404 28.34291103226725 -27.72243808530895
1037 29.68562024825508 19.61629430106843 -33.06339539124915
1038 58.15554446441714 12.50324116345264 -26.9251532774329
1039 54.22479148380423 25.8776318183552 -37.24489944081984
1040 50.56710462268317 9.99007354290649 -28.77177562666017
1041 47.12743602902098 17.27490319719229 -34.07401579397284
1042 20.88285322440925 25.13398393907488 -36.79561002292422
1043 21.62819050941783 25.96568324939047 -28.79124175084877
1044 51.93955258839502 23.52795768126927 -28.68607759025229
1045 21.98704784015283 12.72203660941454 -35.57759649809486
1046 37.46138004781934 25.84922060110555 -35.57385944485544
1047 57.88370509599528 32.18621685340403 -30.09039739268483
1048 25.89981060903406 26.03569494953867 -40.65662204358406
1049 45.82145339680556 10.87464542247969 -40.50419733602692
1050 15.66540349089458 27.76018890053559 -27.44089657992202
1051 53.39144033151302 19.60622437620964 -24.66855072682433
1052 38.18407874450584 32.88508701382528 -29.40367151318153
1053 32.18580128732342 34.00539795588368 -29.8056253537777
1054 42.64085502440149 25.30164919721678 -37.37596741182818
1055 14.6970781553748 35.69495758433167 -31.4832588987564
1056 43.98487025182335 17.75602397369012 -21.69135065045705
1057 21.04367256793604 36.05293338501107 -35.36059903938192
1058 33.85736618862555 22.87532798968425 -22.7918531719984
1059 46.82371001995373 26.33241404780242 -29.14225481883696
1060 46.98426176205751 29.49591130286135 -35.06974422490069
1061 41.97663324599417 24.51092610855772 -26.49512216871286
1062 46.53457215315537 17.97903012627147 -28.52274020572682
1063 44.14290389523872 9.575624397650499 -23.00973576530393
1064 48.20676652438408 6.220038704270346 -34.49476791887369
1065 32.66219576610956 14.78560967867917 -34.42118950928313
1066 39.51893272338022 21.39767059568608 -21.33854619471981
1067 25.42164118080042 16.46083526731112 -36.4792967840603
1068 19.42113132286584 16.65158067969144 -30.55621942092222
1069 23.21913842185608 11.96065437166279 -28.44770483236104
1070 27.08836437076019 9.210269251491223 -29.6685150887452
1071 52.68952803130988 15.20453463605667 -35.03532459111145
1072 19.51723935482669 36.75497080295619 -29.30056050768921
1073 30.72061831160288 7.228511682398214 -35.24502995251831
1074 32.72693194162253 22.4379739869288 -41.4571662456325
1075 45.09803096426895 32.67378073844998 -29.2553297543397
1076 29.92485748848367 16.90178417785854 -28.37906882759257
1077 17.29276503481395 29.79712495293519 -37.59620630362362
1078 24.03544621726922 21.0285451766855 -32.2720203948661
1079 58.55893855404814 15.25909757957846 -33.4434854292877
1080 29.31282473981712 28.58242951296138 -32.31454655764076
1081 30.75776082959161 15.43357851911617 -42.49745220075606
1082 52.78904860994735 14.66599306017684 -24.20586490694855
1083 12.86645958727105 29.86044600147286 -32.13296551873503
1084 48.33060300201677 7.744308115171408 -25.00148865981046
1085 35.45720229120447 8.07951165151521 -28.63202745187891
1086 37.47871452705686 3.77466720827484 -26.89927758952993
1087 37.81763271113439 6.312985871672278 -21.3825795016127
1088 33.61375955322594 10.64823804661863 -42.0176163313914
1089 33.10201084880784 22.73471656903973 -29.88462752868713
1090 38.85451934856616 8.197959369375027 -40.96404210546647
1091 31.27528307894027 26.06398100798642 -25.60214253153116
1092 27.8095997539281 32.33530150578548 -37.07432327323766
1093 23.90816317004411 24.32454628016341 -24.551575347997
1094 17.61824455802522 25.71466816315665 -24.26162654343694
1095 38.32696032064327 23.82715430084296 -30.63045214931418
1096 56.0129893001606 30.4144762518921 -33.34098443019131
1097 60.50668249864044 29.34716178034308 -34.98818729790548
1098 23.38795667206612 21.3423620948851 -39.72950799937918
1099 34.90701073516522 32.33138647222433 -33.71131893784668
1100 27.24392374478116 20.34037344857978 -20.16075778144515
1101 31.9653786428343 3.082417646703236 -31.48232738166828
1102 28.39461961861009 13.75876902164804 -20.24848080304445
1103 62.2224079695981 23.02413649796375 -31.49114392064553
1104 47.57493217865234 21.82836349078723 -40.55195802171972
1105 45.27966540123373 21.12548147640235 -31.03756928449172
1106 62.78931411528491 13.4160240495684 -28.64832100439952
1107 31.41195744356069 8.058678901522072 -20.6281461895532
1108 38.98172330587455 23.86969990104027 -39.95875217042246
1109 53.78531859595508 27.49229844238383 -26.03921327513339
1110 59.58782610409214 24.24676386676466 -25.94318939903376
1111 46.57159200138164 16.33706065027175 -43.94349994974147
1112 21.72987567552812 30.53805496515097 -31.30610690141139
1113 53.66321113546428 7.998092067676859 -36.02250396968738
1114 42.99411887522901 4.044120580711017 -34.53222150646403
1115 39.28541289800328 4.840353774302503 -36.8206551010142
1116 51.7841570763045 9.389667665488513 -22.28377679509209
1117 48.47807488072546 18.95862324023583 -22.86861158420254
1118 32.99554594295682 23.47229656672561 -35.53556053561513
1119 53.87034696940194 20.52323235168841 -41.98031636340014
1120 51.07024146539618 23.04912626915322 -24.98020019388921
1121 43.0489029886444 6.409495422964083 -30.39724252717229
1122 21.76709308983073 33.25916326632819 -28.61768552532966
1123 44.2626956218253 12.33281434400847 -33.81871049186586
1124 28.91471966434122 6.174477801260561 -28.07634095823113
1125 58.62179345220743 28.84242267564212 -26.67769348414212
1126 25.47956590138397 16.32149271331356 -40.74105139122708
1127 17.64789985936564 31.58220645232344 -27.46894549417011
1128 16.62284877787563 34.47460798491223 -35.38515770725698
1129 24.54509819287022 39.76768742096209 -28.32427744381788
1130 45.49203493555833 15.18280847217757 -37.7113196596412
1131 55.55104058504491 16.5245475986151 -40.04999467093494
1132 54.05575442919387 10.6158824985543 -39.45310605781698
1133 53.34486758684741 36.14255411754073 -28.47640194754863
1134 31.83322914200864 12.49695025515474 -26.57554180069765
1135 42.10225890907289 31.68374103172274 -26.33485196973512
1136 48.25650786454823 12.61679173256984 -31.08016111914086
1137 37.27974206231442 11.22880672057519 -32.94582219279754
1138 51.60837046321822 20.20318244391173 -34.01506782685127
1139 21.52259342160509 20.77499331016367 -22.53025606351507
1140 19.13101029924471 16.6094655542377 -24.97123792850997
1141 45.32593339628099 19.02803772804844 -37.55579314382455
1142 27.94110912687117 2.798830688808876 -22.66106672021354
1143 48.51816648587509 7.002432559966092 -38.78282591436187
1144 25.6476892773494 10.48058203687514 -36.2583484204476
1145 20.74028195472325 23.65849042360887 -32.3991106751474
1146 43.16857806048935 13.46864229812249 -27.2065334196086
1147 15.75265706087299 21.58542547648239 -27.51797449971536
1148 55.76998505271794 20.00141483289422 -31.07107475467148
1149 36.24612106858193 29.37701120575015 -26.63730818098435
1150 49.28885417703969 13.34435372564478 -40.33021189929578
1151 40.80438154349212 10.26758970874351 -28.58428575214774
1152 16.15025041117391 21.13270038087717 -38.39072831345937
1153 32.62474036602769 16.85873916583524 -38.24719380829209
1154 51.52647190505615 8.692429653257918 -32.38373361407521
1155 22.60116037381133 11.32731524097987 -22.13697022049627
1156 59.48552878473304 23.15069566849307 -35.5802525123153
1157 61.15324282414081 19.42996827032214 -34.05939834272562
1158 24.35755729753064 9.766950526789905 -40.84469065425635
1159 44.37492494327418 24.5202386489641 -22.19434449054722
1160 15.91126093993718 19.64707884570741 -31.65643799723925
1161 34.09655071364466 13.09405277653054 -37.26973932699033
1162 50.74682199756148 26.11448722250717 -38.9218680295302
1163 42.0104378637417 14.90498630485338 -18.69705129870269
1164 46.1197746231859 28.32106037129731 -25.20410759136903
1165 28.16365716162093 25.1741059500078 -30.85544851914916
1166 41.67633533547492 22.64339709168416 -33.23304482705364
1167 41.42813397269774 19.70739555710247 -26.89344326592279
1168 41.92430237260849 21.52034408501804 -42.65711807154673
1169 45.18478345623567 11.78979393668677 -46.61381073507319
1170 25.69356342309272 18.61133044631101 -28.19209783546998
1171 62.9673738470532 27.65952538269309 -30.52848603962401
1172 28.61070747078367 14.41133754925934 -24.86967767092828
1173 39.46009738312621 30.38551527161338 -34.73430819304585
1174 45.9832122755614 3.896679538130238 -37.69361861159818
1175 59.19593708474353 8.626705146357157 -28.36306563331632
1176 20.81768876843718 10.53415193449472 -31.66012422186631
1177 50.98936007627705 26.30855130940219 -31.70516347561164
1178 42.69653298080101 9.012307278393527 -44.15030925062608
1179 27.04583014406725 29.91499504644336 -41.3467350344183
1180 27.37474062907337 5.352914710291616 -32.30262514829089
1181 40.52769307982875 10.26080381530761 -33.49217674186809
1182 28.65947009738931 23.75091620927499 -36.18518857809531
1183 22.35919146070983 27.16607083844702 -42.89142280203741
1184 31.8748670761926 29.84579319928154 -27.42313542396912
1185 31.34812005319106 18.53442701617487 -23.98104980585614
1186 28.14363504876365 23.79630069921248 -23.82631402783602
1187 45.74624629521395 5.035298540792136 -20.68774611062302
1188 48.56153617640777 7.966907039511757 -19.98150865023963
1189 20.85927939925568 15.46615660786773 -40.00202018180748
1190 13.59524828390654 27.12912745783533 -34.55890464848746
1191 24.58420215516545 23.92751517472011 -30.39896885881383
1192 31.92488850622649 12.69564332893085 -45.87797398413424
1193 44.12302584297927 19.01814208094321 -41.43267145174751
1194 24.27390935880013 28.50867614114884 -36.87693264342741
1195 39.22154520397869 10.15235605116405 -19.41071710585581
1196 19.43745420295705 27.30551784688344 -33.82599329789869
1197 35.64262658513977 2.677406610546231 -36.07301335823175
1198 35.48364544037766 20.17973386312545 -25.98840219978354
1199 12.55935105398375 25.87972931753968 -30.60125334948219
1200 17.38425089118739 14.55191566197917 -35.98095163229761
1201 29.65363422680952 26.38213543143767 -42.34993987170043
1202 33.44333606554741 19.02982859152999 -44.11724156355443
1203 42.44283460738031 2.940810989951665 -20.02358488981865
1204 50.1233816195992 19.84208871435431 -26.90131859715201
1205 54.78895722765787 23.23180653144956 -33.40558344665705
1206 29.28847502474109 37.53186970457406 -30.93754631851084
1207 25.77744303440837 38.57130898149478 -32.42919504684681
1208 17.25903570854673 20.37199847406123 -24.8233014232197
1209 29.46637406373338 22.07615319025722 -43.45144718360272
1210 30.31003193407656 32.68280642536713 -33.33418563249923
1211 24.71596438760662 35.91382396739331 -38.3833393160235
1212 19.89931359123386 34.61092977599201 -38.80204799832126
1213 28.67527375491666 9.034173576106737 -41.21908510721987
1214 36.92901857059772 1.154800710825924 -32.45639851497128
1215 64.70540929974892 18.80808260622107 -30.56595140596723
1216 36.97109441091226 7.085230559773191 -43.47901280904084
1217 35.53346757354924 1.975576459951294 -23.91448243000149
1218 48.90293736868264 33.9840919673835 -27.13599723423427
1219 47.88212572954463 25.19415672389312 -24.09118765996354
1220 49.94924194067551 30.32948172138157 -25.76771267053277
1221 39.1921419596138 11.11841562214651 -37.01664075989451
1222 27.13839239317189 31.45018331771237 -25.88211360892972
1223 46.4904032322203 16.16723406809355 -19.46609306494933
1224 19.77659122463064 19.54501913791171 -40.81261547249015
1225 23.45034980135917 29.91949530437886 -25.93222028559232
1226 27.02578075400487 12.92489480854915 -42.67523940839427
1227 59.87323978494143 17.28667323492801 -24.08720125195895
1228 55.09725807095487 7.497264142228965 -29.29267993113105
1229 43.45393933556447 14.5060995148016 -30.83500082156572
1230 40.84618677636249 2.641120093250385 -30.05226983396201
1231 51.51212028673632 29.47637706490355 -35.01676280139548
1232 20.14570524932697 30.99100988368115 -41.37827971263177
1233 26.93809337973829 9.391509387532949 -20.51921253362875
1234 35.25847843216156 12.62160302934419 -30.81866512765578
1235 55.74075110536609 31.02832001962229 -25.86616584543639
1236 40.40961004509851 28.7122898888709 -38.01518651793089
1237 35.52842948093269 28.52561237811539 -39.14339428616182
1238 55.49365740302875 23.50922268634502 -26.42897803563925
1239 26.13520978206797 20.61013872336212 -36.07781978156892
1240 45.16994693026735 6.796628164083782 -40.78355086875129
1241 38.13418718151991 8.462166252814633 -25.23179991661067
1242 36.71882756349802 28.5492409079173 -31.61370184598534
1243 42.17309216427682 31.84523689850915 -31.08281605615345
1244 41.83283593520846 36.05795406444641 -27.98655825122601
1245 50.10375364535095 14.56503636339193 -21.40598200078092
1246 32.07776436149299 3.621585497123848 -21.14818204033227
1247 34.26297333139554 6.791090922667663 -40.93709004052984
1248 52.24248825309024 33.41571099010924 -32.76563382138124
1249 47.7914050186407 33.46773724265421 -31.70606010631936
1250 56.73784886327344 15.84178600128159 -29.57812109235439
1251 49.98408655193796 14.51142164148104 -28.65294039865919
1252 28.53176078891799 17.27883266583949 -17.86456862258741
1253 34.18622215690123 9.804323160109595 -24.68715567144077
1254 40.38631571061227 18.03077154671323 -18.62867970467742
1255 36.51537973669603 20.38786824969271 -19.83312091865781
1256 59.63561245160007 32.86569617870659 -34.99892059579025
1257 31.14512086352799 3.133065092316255 -35.07103666300848
1258 57.02360738676484 13.3584428473217 -37.19230349287584
1259 13.154308774292 32.91411067175716 -29.16573857929335
1260 22.20508318283731 16.51523799824694 -32.98739613557165
1261 35.49134374112852 38.14462805918502 -28.12492057727455
1262 43.4467750462266 29.2681631164906 -35.29936986318549
1263 48.81054089468142 18.71333312969879 -30.65568370795159
1264 50.77115499454752 21.60409126027742 -38.39205069590198
1265 51.62957085894823 23.89191995406035 -41.74284977960229
1266 43.29674235732526 13.01528281195467 -37.66805588486977
1267 42.16523687331107 20.93615757359587 -30.39842869283832
1268 13.33332558528919 31.54424112344696 -36.51896376587115
1269 57.75015173093166 29.75012160575466 -37.84259688288794
1270 33.72510356256207 18.30775617296932 -40.80723590031923
1271 49.42844265032087 6.789300583052868 -28.68316943962945
1272 24.03856738327413 8.033989932847241 -26.47133456163319
1273 19.61014652013908 29.00935846174735 -26.16458851145554
1274 43.02684472920452 14.34321457973769 -23.58985297380769
1275 52.4947822936302 12.74669408277805 -31.29359949703793
1276 34.83220732269161 9.099403085436389 -21.43377196818237
1277 15.89920930461282 18.32091610824796 -35.52224497316852
1278 39.99474188724252 25.84984812310632 -22.63155273235521
1279 32.4322670192646 31.86543813058013 -37.2449648453732
1280 41.08754091298984 1.81540946559949 -25.97101349064571
1281 31.16722998097814 2.296035447653018 -28.02985724833171
1282 62.6386847905739 21.32746775112786 -27.42971028964357
1283 16.55874626050853 25.40386354001407 -39.7685323230728
1284 19.70900691725883 23.70256971039618 -41.59017574722978
1285 55.90440619206238 12.47992352990899 -22.91315739375306
1286 54.90329343903094 9.591277899974141 -25.56232882668144
1287 57.36074135490706 9.098373035078719 -36.39444817937014
1288 26.71314420571614 12.05612907988318 -27.87669171094393
1289 36.80678428571814 4.521861586110013 -39.92418412065283
1290 26.91052666743392 14.04078519565757 -34.26935323986994
1291 20.07849505021925 31.5794479960997 -36.02228460308879
1292 17.62211492879958 37.77393638832491 -32.53007646647085
1293 31.53705958196639 26.01253179464922 -32.67646772939685
1294 49.9839015694108 26.87099272980713 -28.08744752444908
1295 15.67355201266149 28.04872024505152 -31.80222694630326
1296 25.44863672952564 21.00625492155686 -24.56911959078143
1297 44.73203406965584 7.577073367051931 -33.52673319692327
1298 34.14603609460676 26.4548861736511 -22.1188189698927
1299 22.3323681288995 15.94380540685191 -28.1145443832329
1300 30.08244077138744 11.2155178805063 -35.13758014526714
1301 58.82902110428799 17.24279203678717 -36.8052566369862
1302 45.36173079102181 29.4029209278152 -31.57094044156924
1303 45.2193760752156 32.88736266876994 -33.77791227797589
1304 37.12833996250195 22.01011266485751 -44.10393864635098
1305 25.61290405666072 5.620965592231054 -22.27568338127463
1306 25.18423979115147 16.63718969501302 -19.17491790963225
1307 39.48916197427663 22.08653577342852 -36.64726012781998
1308 59.69728759642994 11.29707527177827 -34.14677167115035
1309 36.50257070639262 10.84525869067454 -39.80164310879913
1310 31.8120766259952 39.33426568539571 -28.1362736116165
1311 45.50073222589779 5.049895878324136 -25.2410068141831
1312 61.91806452232706 32.07968087357045 -30.96021803426702
1313 34.66447023700698 7.22620241715334 -33.17138543737008
1314 43.10170137646127 9.510165749978862 -47.98377031162062
1315 63.41569176788035 26.8133254312853 -34.49548663685395
1316 21.45942154605812 16.26353807011909 -21.31882433197039
1317 39.29842282344326 21.1791438734563 -27.69490355840402
1318 33.93640207630879 14.21458816582029 -40.17842687579398
1319 63.11024552144315 17.05472590058928 -26.97175096271745
1320 24.38703288455223 13.58177399560587 -38.6675671217992
1321 45.39645743311303 26.19782601526457 -33.82525943014685
1322 25.81043116233241 27.53588065952294 -30.66120657096877
1323 21.24709787234294 39.11399362158063 -32.15253113771465
1324 47.45905250367139 37.60697630941622 -27.76922098211719
1325 57.25930247015318 26.55163739286937 -23.99310980296798
1326 55.96850436028706 28.83275784707443 -29.66147916781657
1327 55.44840494672007 5.982360568177893 -33.11322388753808
1328 58.8501752115469 7.074338276783317 -32.29928756290012
1329 34.06415459369493 10.36249022678492 -48.49486256670714
1330 23.75195144012732 30.84510823934794 -43.33563139709526
1331 49.5107877771862 15.13004767494587 -36.88838963186454
1332 50.07038643072968 3.193012954403459 -37.64359309619618
1333 10.84600088658993 33.55098045469239 -32.02532745653184
1334 40.18078056654918 9.304214852014471 -23.17010736264285
1335 59.00423590550614 22.61953983745106 -29.64244582925499
1336 34.90274877681129 24.33706058399374 -32.61801445699212
1337 39.20340228034578 9.23494005489321 -45.91927927971016
1338 34.90324413053467 24.46511728710762 -38.55153365805609
1339 23.94598490377938 33.62797145305418 -35.09616712230707
1340 30.77716610512718 20.62099339445897 -18.90406328002491
1341 49.23950870138967 19.5579406521942 -43.43866165281215
1342 31.41825307529351 11.17218275282903 -22.40547412727805
1343 16.99340912224077 25.29531797909367 -29.18348824908256
1344 20.2956043366285 11.40890337867991 -39.93801373101428
1345 26.30965659892335 20.21134185197101 -42.75732758543101
1346 53.21794790502741 11.27274360910725 -35.59639363954643
1347 32.74833304460306 16.86993961155805 -31.65553897891225
1348 45.6822605861957 15.11111051298375 -47.48341960271163
1349 34.20147352500238 27.81953678131167 -34.75546644556768
1350 51.54941289967848 16.01046623432571 -42.57272372652762
1351 15.86572748123661 36.57027453947937 -27.53068613884152
1352 51.22908244726237 37.81099652196657 -26.96998732842625
1353 32.71500538127776 4.085991566691542 -38.10098903814295
1354 22.05111689115729 9.226859063496972 -37.81272296935893
1355 23.53192746228956 7.91761705940744 -33.73590908771649
1356 24.95290066214519 6.971581228761409 -38.696760905026
1357 32.64114409318688 5.960473117329978 -28.99651558398266
1358 13.55067906335155 21.13213856474789 -34.90642991868847
1359 34.72952606895581 31.33544667506862 -29.62408912796925
1360 39.42202590403375 27.04224058865482 -27.00474792814704
1361 46.39061747914121 27.38200677022761 -40.33478062531856
1362 47.14772143807755 11.58814429285552 -27.27634051635193
1363 43.84586248132236 17.94409308149902 -31.76535489375461
1364 55.97629318079628 18.56967831537705 -22.03263774027545
1365 42.78755817684071 16.69358195764936 -26.18438474250897
1366 37.55619939609526 20.00554813979775 -23.55375170239585
1367 49.77418091745015 9.033055277303836 -42.09588700188576
1368 60.31845819272885 31.98519131146688 -27.30423244910092
1369 46.23349230807457 12.74836738759851 -19.43343844416054
1370 48.66022621728498 12.67348468487048 -43.99441998757228
1371 29.66810266085058 13.26956519562769 -30.6547878607068
1372 23.00002141640263 35.78235328136112 -31.52608250513042
1373 22.42931702303111 36.32452773836025 -27.15899750945165
1374 55.62154813207167 35.48513062394948 -32.00177251976349
1375 14.55354223048633 24.17687345448553 -24.90591016934298
1376 28.87254967239133 31.68294296591715 -29.70189677952372
1377 56.60369048363726 35.79739470404849 -27.45546183428206
1378 53.77236198319203 29.39156115742938 -38.77313406372323
1379 42.57434501941137 28.2505429330019 -24.04955260446678
1380 57.57533107121591 26.17282607490273 -35.16102354257097
1381 63.41048067844678 24.64327019694918 -27.83704232331473
1382 53.19362893038848 18.38221148498696 -37.29174961285982
1383 30.63091830781002 20.92033698892449 -35.82897386236976
1384 35.05305562472407 24.67394724333649 -28.06732697035731
1385 43.96144070798626 18.58170238946105 -46.4028416866639
1386 31.00820734131812 11.50067494728797 -18.21610728200837
1387 16.5385680497818 17.14885378435489 -28.61127449096412
1388 61.76975206708877 13.00718348621417 -25.2905463170895
1389 28.156981834996 16.85797005944771 -21.85300078650262
1390 23.65826400376177 23.77469464480545 -42.7036548253181
1391 25.82121026654451 27.532971945438 -43.57144010765387
1392 57.41583046396631 23.31996800881663 -39.37656501165026
1393 56.96718686968136 19.52954446721041 -39.17748467499418
1394 54.10860692136306 13.32009073768571 -27.41106600344514
1395 46.38100266651253 8.865372867613358 -36.59424818205493
1396 29.2796071354451 6.833183519352271 -23.59127006791236
1397 62.01570380856521 16.1897409984878 -31.57920311369632
1398 52.07630993870041 7.492379710265327 -26.10147562409869
1399 42.94163886979877 19.97221305397878 -34.64324872699191
1400 37.25908669506032 24.29082173036734 -20.54060568614954
1401 51.78913889699851 21.41624721414337 -21.71368741572826
1402 60.80969032226208 26.54115554554103 -36.95456751999436
1403 42.71857295666099 21.22073179092308 -38.36018224246769
1404 29.94451364693464 36.03412206389524 -26.94295149821186
1405 30.45305927735964 30.16515977345604 -40.59378754890278
1406 30.37952715457572 23.88862036773643 -39.33871737186173
1407 54.51335985424259 17.5007636330782 -32.86283495420778
1408 46.53316584749095 21.97182936099985 -43.9824145032071
1409 32.49313905679986 9.533514135455409 -38.302817433749
1410 59.17643099264843 12.3515448736289 -30.55294429291016
1411 29.21221066732203 28.67100665778904 -24.34580713154585
1412 39.20177469207191 12.00396627306221 -30.67578094596581
1413 12.49937817630662 29.36233837990499 -27.79714260408374
1414 21.53877319209335 40.07591909278061 -27.67812278056997
1415 47.66621868181769 9.821439824565704 -33.16066967362512
1416 35.72426940749278 35.41980302451702 -31.62073910786816
1417 33.85347836491781 18.59688759909006 -28.50852254674728
1418 24.44253012832078 24.08302898612103 -37.40111527877088
1419 27.70296145523094 21.08263538499548 -30.14653176285214
1420 35.01853538796471 0.9736575490262286 -28.16700654987176
1421 48.24783910959588 23.46903129215039 -31.32437461794004
1422 37.1178737516127 8.565431464538735 -48.86273724837302
1423 27.40905362846432 40.74720795289831 -28.14108779281101
1424 52.15150853614016 4.914942077494248 -39.1477362912247
1425 42.58834764569064 4.41336925215238 -38.86201067051014
1426 48.28357394056135 22.54633326932695 -21.7545706526995
1427 33.74485795053079 16.85354850691905 -46.66415777882465
1428 46.47016419229912 3.957856292866655 -31.30096090524656
1429 46.67217173401233 25.21102358440341 -37.48766859541238
1430 25.268041010055 5.717817793313616 -29.59906648745729
1431 26.09400257434032 4.838847722448278 -25.89499453650711
1432 18.32219916027878 21.76534892059691 -34.74975274999357
1433 13.3271532739533 22.6760100514376 -30.38112546081093
1434 44.29120518943027 14.7199281838247 -41.31334177077107
1435 23.18040252702295 13.88353834632242 -42.23486114864755
1436 39.62648368642461 6.086940341636345 -28.01378521721649
1437 44.50704045672663 18.21925214126768 -17.59129891583424
1438 39.78765116261848 12.16860487890069 -17.02203268991926
1439 22.60433220750354 34.35742575101592 -41.86186228304127
1440 54.60681708334582 32.84374737536517 -36.10986564705559
1441 37.95767529309131 7.420967929841111 -34.66825985019771
1442 38.38226568257091 31.96173659307485 -25.85530115368693
1443 39.55125011116631 29.42497336480459 -23.76001672889719
1444 53.99162055702448 25.92929073496184 -30.01015267250821
1445 43.78565243474856 15.99054345527925 -34.75093217028919
1446 18.33263000463749 28.6369026483232 -29.91038350032886
1447 28.59019845844578 16.80381396044842 -31.38385397399692
1448 47.04514463587197 20.35028198213509 -33.63576431690492
1449 38.34090105238144 22.30181059961919 -33.47407831289362
1450 24.84669526740323 12.46850192885484 -25.34963764277024
1451 44.87587339413965 12.86582372476443 -50.24460795861435
1452 29.8957639738178 13.58138529081446 -16.40062698305395
1453 30.45339844495184 26.02271516698823 -21.83430838238487
1454 19.70369925930485 13.03016235508323 -23.62741618301818
1455 39.10176663269126 0.8801696946777308 -22.21257916645873
1456 46.13122902371668 17.8460766056292 -25.11276034639057
1457 50.66456642404411 16.03960966710947 -32.52429557314651
1458 54.83793221862278 25.81286030120106 -41.17481126078028
1459 20.39797622425177 19.93200682617299 -32.90390254516802
1460 56.40772276202765 16.17175081514842 -25.65022853952515
1461 17.23908515617788 17.26971584281202 -38.81492703568271
1462 54.58994415380615 7.194197630309445 -39.63102876801405
1463 27.31760419468933 24.69964341246528 -27.20243575217084
1464 22.37672543086797 18.79733121627928 -25.43940915142734
1465 24.74072689819375 11.83116778832052 -32.04161859725441
1466 28.41597780367615 35.96543483676282 -35.21156737037494
1467 19.12471912140619 13.1701486897511 -28.08464226385694
1468 41.0799572520901 6.788836625607932 -34.63529968291525
1469 59.27474345984147 28.97641958796918 -30.86967900990869
1470 64.89334532810517 14.85902430681712 -29.99447515538772
1471 43.6079397089753 28.36176697542277 -28.44605510233633
1472 33.68903703268442 27.12417612336875 -41.7486117001667
1473 18.09293488671024 37.7373296754935 -36.32257736838414
1474 54.57146143255732 32.64764240930541 -29.66367026645561
1475 39.93743038451061 1.492311685135054 -37.06703288741795
1476 18.30457714005454 13.50955502788371 -32.30792920322019
1477 32.41134027544254 29.93031871619394 -31.45552789435664
1478 28.75624905798012 15.63975434362529 -39.72675614317408
1479 31.14708546197508 26.91142059407124 -29.07807125103583
1480 43.34519879586624 18.74279766647157 -28.38981163874083
1481 17.36130177392814 34.20828523094082 -30.18329574973328
1482 16.88505388978755 25.83128070694224 -36.23783766690589
1483 39.87922415872752 21.31530360760578 -44.45597197616019
1484 57.62291930792711 20.21902526693827 -26.8216972526764
1485 58.59111656676885 21.76134812590331 -23.43497245305465
1486 41.60157883342308 11.27504816159984 -40.54033141726168
1487 52.20348350631468 23.82521489232116 -35.82878778950698
1488 20.19219536661578 27.88893497720338 -39.01837194168196
1489 40.68913490515003 26.12168885167081 -33.6650275711206
1490 33.51421595963405 20.63315045989181 -32.82663852920975
1491 34.74148356414697 33.71109356764885 -26.84448283900152
1492 52.5849442734758 33.01823594386871 -26.21364459334443
1493 33.8461448513308 14.13146502949851 -48.86482119643556
1494 44.92951437248163 23.05993236528855 -27.46690552791681
1495 28.73172650477397 29.50128603763516 -36.27829312449145
1496 15.54350463666202 30.65726259250262 -30.05847275197116
1497 29.27836644840945 11.08415447781761 -44.10423995988582
1498 59.76037953706862 35.1370748094068 -32.47197395771465
1499 61.77954211486632 9.616739391144691 -31.10725819670713
1500 31.44489341431657 1.411929311520077 -24.26445682463698
1501 36.52557855086453 30.17782215113515 -36.60669315427052
1502 58.49282146570955 10.66220882493256 -24.20882807629337
1503 36.50234497965508 4.391975605869202 -30.75090294299238
1504 29.51363888490525 23.55446451190817 -19.67728830346211
1505 33.19523886186553 9.524648540986316 -17.72628321525265
1506 25.96065380687278 35.813346287051 -27.96057801438493
1507 49.30688614876038 32.31582023435543 -35.17507151325145
1508 13.73611070420195 24.21397319079654 -37.51599862331388
1509 43.89333951901077 7.529977038223917 -18.5278306431615
1510 42.74652546407236 21.01141531337472 -19.78159410305339
1511 45.84621303897455 20.61329336890031 -20.05867049116181
1512 47.46714113563226 30.08854067569047 -28.70680557135547
1513 46.15475478496164 31.79153887815525 -26.10849520305541
1514 60.28907852032345 35.00294216986617 -29.26358605739841
1515 44.03954074136991 24.78266915904066 -30.81818037536571
1516 25.11495719897704 30.74211454278843 -29.03117388127787
1517 22.28974045578495 21.67439145362749 -35.59068560014585
1518 33.24137398476925 29.35984913846311 -23.95314105576554
1519 22.8980352458823 18.37455900963466 -38.28559474854644
1520 23.07298447270356 18.02255335196623 -42.19667429407509
1521 12.98075739551813 35.16903834080318 -34.95391208695704
1522 24.78727661192972 23.23031347741406 -21.27398315741033
1523 21.18315275676108 24.43703939826722 -22.35708374636664
1524 39.20398946983872 15.04226217270457 -15.75818578827497
1525 59.85095313732568 15.27389095587728 -27.46504595762547
1526 48.62969623826555 28.29264186730298 -31.98406509143175
1527 52.08513223482085 17.87095221003129 -20.88517842839586
1528 12.83114966373766 25.44517514859443 -27.09173849532371
1529 60.2700758590538 25.67532033782794 -32.97809777801196
1530 16.02345680530192 29.73256480028111 -34.732073475158
1531 43.76946283712605 35.6517595492863 -31.11942456577514
1532 18.64561117666019 27.33899791493445 -42.48249460144429
1533 36.89659773925559 21.29252632038336 -29.02461594323736
1534 43.46840787392924 2.30401054983844 -23.14859380057007
1535 15.94893390993125 29.80089821179109 -24.67647592885438
1536 33.66119947333779 14.64526870936523 -28.66305975300027
1537 11.74980366323942 24.32563910555111 -34.31457291703632
1538 40.41211863046836 18.6422524166999 -23.67627581176841
1539 47.50680595604514 13.96471743560143 -34.37542524194392
1540 24.05110791636206 38.05766479477712 -35.81950624493234
1541 49.22122385438659 18.22142265471607 -36.31095149362482
1542 52.55807177740948 14.11130477990064 -38.33699287228269
1543 25.9472446041692 26.95802153324363 -23.73295341142983
1544 33.36368568342814 10.76227730997623 -34.34398372443674
1545 41.92029863925006 26.16571317780184 -41.06985703741257
1546 44.36652034100442 28.81360234793782 -38.72961725803493
1547 29.30433191380762 18.5953334535873 -44.86330654603831
1548 39.42360851002206 4.387467654742273 -23.87410973429326
1549 47.06726941344293 16.81891985600378 -40.11174471865462
1550 27.31019996940928 22.38838882441043 -33.17572564993661
1551 34.98420589582518 5.627551462677338 -18.99477246397944
1552 36.36369131022585 9.393381396516112 -17.48000400049806
1553 20.03058781501953 34.44338991451855 -32.57649643322365
1554 55.32643966592431 22.16153256024193 -36.84273709155286
1555 26.23327609690508 30.15191195084718 -33.29531626475193
1556 58.91143700947697 13.99221908199909 -22.93859140367061
1557 49.67400943789128 4.898044481132192 -31.31536068483216
1558 51.4891161334408 4.557182014401159 -34.58152524991567
1559 17.24376734454975 39.08071650053978 -29.10387628258352
1560 27.86772659676728 18.15371636487573 -25.01654670796254
1561 50.85379631361512 27.0318117436685 -23.96744799814845
1562 40.99187741317558 16.13829397449958 -21.78157998787394
1563 60.69490182940918 14.70261080660927 -35.49635865442296
1564 19.53899675346457 10.55371945196612 -35.49303614416974
1565 29.2938201991043 17.36118013229522 -35.68071196200853
1566 54.75505788047887 23.69637103488371 -22.7900209222462
1567 54.08287488416672 20.23762664457202 -27.889720355099
1568 41.3273867614621 12.52111968978579 -35.82578963985475
1569 14.838784996861 32.30824073544856 -32.63119548082957
1570 21.61820953441932 13.70555278806972 -30.88177681133755
1571 39.80594684773517 24.28429947607613 -43.14883336282402
1572 38.93483484899897 33.45312790657181 -33.22405945300942
1573 15.85890003891195 16.36983609263162 -32.9744800162201
1574 40.32486333690594 8.067168692371625 -50.0753781537059
1575 35.09097116995528 10.27388876452759 -51.85301980441503
1576 50.27502306991676 8.152114527424693 -35.87096579476583
1577 32.27282615300089 8.702578804612305 -44.68219267774001
1578 44.39110681446291 38.71062299722824 -27.22727091219149
1579 45.04999991512814 24.52124029290238 -41.51196768042536
1580 40.65820461138619 0.6381323245482131 -33.13264517416957
1581 44.08018966737029 1.611847291131428 -31.98805478294829
1582 24.08232163465356 19.24418649357914 -21.16660360522156
1583 50.13383370021729 12.23434018254347 -25.36055266161896
1584 26.87172089234391 24.22581506085432 -43.33503645290099
1585 16.57900679896557 33.4042312330147 -39.44610695440452
1586 55.05333804527117 13.45243081349936 -41.0469922115891
1587 44.12951983495316 2.848481238129244 -27.80487663988718
1588 31.93610929353725 21.99332744731494 -25.70241331655627
1589 44.32442956172521 9.880835736489704 -51.46565285360825
1590 34.37469399300659 20.50161257522207 -38.04463866403661
1591 27.67554922251214 3.201709112859722 -29.20344747859543
1592 48.57324018437489 29.57586019307174 -38.03161756301134
1593 57.90882015201195 22.66278586813378 -33.06099003915896
1594 10.09281781485979 27.38620432016441 -32.00414796401986
1595 26.52309019862494 22.69359180443466 -39.75296500491775
1596 36.46760170080966 11.31402847936124 -36.32317035860673
1597 32.65056715787073 36.46363814569557 -32.12384262332436
1598 42.38354948658511 32.5238281861439 -35.00757015199384
1599 55.39743488110182 11.17825596102768 -29.5093427454538
1600 24.74724861072921 26.53814888510067 -27.25665232534137
1601 38.50410152689388 35.25189015413001 -26.62904450734174
1602 43.90534777036108 13.04701460068783 -43.535848565751
1603 36.2139119170559 25.282691267313 -42.79144779842672
1604 17.66015195144076 22.72929706447998 -22.19366530514156
1605 52.16405897276361 5.95010334698294 -29.98847350322188
1606 59.76279033019904 20.69958267067945 -37.47775241329603
1607 62.99564203062452 23.23792582061515 -35.07133038164503
1608 26.95558139693318 16.3614284620722 -43.86282465145761
1609 49.24509800173517 6.010998476265439 -21.9893900051655
1610 60.34367045110941 26.11320876995694 -29.07707472514894
1611 19.30676229270505 35.42558878907586 -26.51836327939511
1612 20.61153422749608 9.325785122034224 -28.01658592108912
1613 34.78484161705867 11.5560385561883 -27.45977012017035
1614 50.46069069571296 36.32003359120028 -30.70742409738828
1615 20.83991850491332 10.22424460087456 -25.2813877619207
1616 47.10372023603997 2.663903201664062 -34.61200321053393
1617 46.2043447562392 8.667051808709669 -44.19135553055201
1618 27.68545232651001 26.51757870050519 -37.98093083940539
1619 38.64958116184496 27.62127445821427 -41.07906625013428
1620 39.8758828219605 35.99431910586918 -30.56453636193916
1621 41.83798687962192 6.260225267117996 -21.63791977196839
1622 55.34237419826068 14.20011058843442 -32.8907457337611
1623 61.66604869677158 20.04240707643993 -24.59434037021824
1624 31.10781499798209 16.60929340911293 -16.53490435003144
1625 58.12078823587662 18.42992359111762 -32.55356357868899
1626 24.56229966645347 22.00598564712088 -27.72985408102969
1627 61.00022030404644 27.00792891774813 -24.9809209325334
1628 41.0567123593224 11.7138798576068 -25.65801348213638
1629 35.27657602345817 11.78175412447092 -45.24207419176394
1630 30.95617794472099 6.476987918325882 -40.57950476829647
1631 27.12428207920223 33.84235138486759 -40.20277744283322
1632 25.94030694199849 18.1664252485453 -32.68395429924248
1633 47.24450289747583 11.81024205437993 -23.27366169489298
1634 35.49411174200734 6.051031319173013 -23.83382405132511
1635 27.69453139026003 9.35695269728528 -33.4670881070749
1636 31.75973533739921 24.93829253976406 -44.23227170195318
1637 33.28936182450337 18.46904515297745 -35.12174954537108
1638 20.73935208827193 32.28353817827526 -25.32396640477918
1639 30.248677024386 15.71127680308582 -45.67688939998789
1640 52.05353454847003 23.80703771722631 -32.48601878177478
1641 37.63056670609559 9.584535665302514 -22.46916386922955
1642 33.70789630672009 24.21037994720196 -19.64971279811688
1643 43.91573165877371 1.457181970453058 -36.577471499369
1644 34.04113655230895 14.41322401178478 -43.04390574193402
1645 41.35048326467358 22.18061050600323 -23.90929528653792
1646 56.43483859979267 6.076603026232274 -36.58428141211238
1647 47.52317417495931 7.277580720393867 -31.16571535205251
1648 48.48977825943636 22.34826613598783 -28.11508780421439
1649 37.48153161021835 10.80203653229514 -27.29978080987985
1650 26.14706764924129 15.21967436060762 -27.4762366430317
1651 30.49748470942487 22.8032953569221 -32.5220643979927
1652 41.86775873100294 12.27675259385559 -30.89523470505127
1653 22.13664727970102 21.12367320777411 -42.65099317173138
1654 21.88856586922318 27.17413634514888 -24.34531070314761
1655 46.7863990956957 15.60009951944977 -31.55783704786966
1656 24.10397747317859 33.58078801759439 -25.91760730820018
1657 62.46594034960171 10.6140830146348 -27.68264284543624
1658 38.20619152985203 0.3888375280373597 -25.21391880771053
1659 14.02354057304559 38.65527404299047 -30.69783589641769
1660 12.59991111088886 36.09380587027982 -28.63439577008292
1661 20.1491370384815 22.14071352060209 -38.14404870173735
1662 36.81552437545919 27.81330421260963 -22.9996441503435
1663 33.55133321134409 18.98643666588955 -18.15820620740272
1664 28.68183592629497 4.399549369646271 -20.32681853850774
1665 35.72385176137793 20.08770142531343 -46.82434628190175
1666 65.29912072325571 25.29019254310592 -31.74258250353861
1667 48.63132348936215 25.40468088409651 -41.92245086223954
1668 41.19703105792949 25.24598497521758 -29.91462443982422
1669 36.2927807809159 21.37560064297636 -40.71107134772053
1670 49.76904312672076 16.59490263292913 -25.65334183421296
1671 31.11788445140593 14.28276590283314 -22.45163344683719
1672 39.89367010795497 29.25595207044925 -30.11802466682416
1673 31.05832905262972 12.24378128676624 -41.09841457592157
1674 39.38418360764738 6.132962986818096 -18.384568783492
1675 27.91827685824783 26.45788528794349 -34.05791476980315
1676 28.60893014517143 2.897039911645229 -25.95921332367242
1677 34.34230331447078 3.904775988254151 -27.2940168875092
1678 23.62539587349891 28.70865174221431 -40.66089369113251
1679 24.18118876949922 13.10911833340422 -19.25087774922401
1680 38.62489663075258 10.81777074913667 -42.58828728017252
1681 18.92987785515174 19.59035838545529 -21.43246978379962
1682 23.17432493894033 18.78545419286337 -35.11899413113914
1683 41.62679764067886 6.309959268830852 -42.44434790809239
1684 63.79233617392155 29.84064640022449 -33.24286955871003
1685 13.86512926291185 27.87285490169783 -38.12464488382886
1686 26.70608875806403 5.490380492310948 -35.77739498137917
1687 39.15460871379454 38.5020022841009 -27.87519284267758
1688 22.61320666261864 7.975328661984245 -30.24260946349172
1689 54.93086774862223 9.43490872504012 -21.8110246132378
1690 62.25569971100148 12.90398595967586 -32.53363614892117
1691 31.15670558607224 17.41187127033685 -20.22990696576607
1692 37.35799219700334 18.43367647467105 -17.2445815476322
1693 34.03122919174387 19.08867544106006 -22.84943023814628
1694 9.646604528911574 30.70662659783408 -30.84292090417426
1695 14.65007831993772 38.38015195793203 -33.98838971168666
1696 10.85285745039272 28.94973172140093 -34.8825380113683
1697 43.53709883587582 10.63276541403348 -17.95647767544743
1698 30.33053108327414 23.55013562057277 -28.40546625853877
1699 35.74619240049297 21.582338518361 -31.52344841243217
1700 38.51873806195099 0.3778263212945855 -29.06759748764884
1701 18.23214473437465 22.31932328979082 -30.35629879136686
1702 54.17731671903473 27.12919634000984 -33.75628916874086
1703 55.83033111135084 16.69621950513908 -36.03583144660408
1704 35.52879668741548 13.18428545175193 -34.41585330277198
1705 28.43241232891509 8.817641198648817 -37.58857212333711
1706 57.42316213793897 26.78336743813457 -39.80475747436073
1707 21.59680019880245 37.19621388038143 -39.07160242825197
1708 50.00694324226615 22.98377854415182 -44.05442935341758
1709 30.04776809712243 20.86638351368502 -22.69339952110109
1710 50.13410897953354 26.60626648858644 -35.33355152976625
1711 26.85268721256653 14.76211010869188 -17.15609405440294
1712 52.04770918134281 20.46659406508109 -30.56913141079798
1713 65.43671280189764 22.0389373203115 -29.82248599888238
1714 26.29019867963193 18.94033849026008 -39.24328457337895
1715 50.32418832414022 12.45764459593921 -34.30548468681997
1716 31.02547195934188 20.24293124726569 -30.06755615596455
1717 45.07597892004967 35.02162466839136 -26.46962114217896
1718 32.61989523073795 16.63919940709415 -25.98309386960674
1719 18.33610766985081 13.72892822488849 -38.7307997976509
1720 34.15311808199078 27.01135032474055 -25.80454775679491
1721 41.46051762519564 24.07402112586374 -20.07313973843839
1722 21.01901791505469 15.90287616118864 -36.34348337938474
1723 20.52782436720156 22.85833341274314 -25.87114467218312
1724 41.09760282725964 12.46818911022604 -21.46142880943636
1725 22.84843776326427 25.02704412188012 -39.82579573107933
1726 39.42074771062148 4.145899653462292 -33.4085057091981
1727 53.63143658074171 12.49583349664622 -20.21106230659611
1728 54.8178286801615 15.12478175744621 -20.85965215037628
1729 50.16376615391159 11.18587951455766 -19.25263726474789
1730 48.2597318843589 3.34139539358864 -39.73421886995222
1731 22.25866632922837 14.25490822102979 -25.1182397837399
1732 39.80113723418619 4.688292579052391 -40.78978013073939
1733 23.31525697396602 7.880788972829669 -22.51353046782222
1734 46.53614098610903 14.84198803306297 -26.94168535778373
1735 45.11540798407894 22.75379507384807 -34.47229998524819
1736 35.01448124756292 2.182301442513467 -20.60750657400366
1737 38.44410046389741 3.201807164538179 -20.00482080122537
1738 18.54160484441217 17.37398510568744 -33.79977712871537
1739 40.24681068606647 7.522073012570956 -38.25962360706792
1740 31.69600014885367 29.74299416539213 -34.37363503005578
1741 57.11676711740537 25.98033029950598 -28.26162846776679
1742 29.56992208006488 18.44463115167736 -41.74789280773973
1743 44.18737562376629 20.28885418648319 -23.84435545470923
1744 25.33892296707654 13.76742138199659 -22.3049939380121
1745 28.22468940150909 5.246332567088709 -38.75357650515608
1746 35.95113723721668 21.701029786307 -35.52104132619176
1747 62.25573753138434 28.77808959045461 -27.26503121548121
1748 52.8366160514169 29.42675095800356 -30.01174848504866
1749 33.68077987689477 22.4554223858884 -44.77222086699172
1750 11.69444568346426 37.10304157145351 -32.19313621602995
1751 31.26362821793498 8.828665298721312 -26.82277990797071
1752 16.31228912241785 29.96437434654391 -40.6521766551901
1753 30.98427059307974 32.49025796847438 -25.56726979833375
1754 53.38262114328815 23.6724915084936 -39.12122485604478
1755 65.02493795341073 21.70728034103074 -32.85950596601909
1756 47.17273324671851 5.273897395229752 -28.19908294151215
1757 55.25988596858465 22.88723291882562 -29.92735885597166
1758 48.80098238606173 18.91350065986212 -19.46373869602671
1759 40.04132395161136 21.57209287585881 -18.42089113098435
1760 15.21078995365236 33.63792416643977 -26.0415337715656
1761 51.36332006541713 9.531908768860246 -38.30543712635962
1762 27.19634543270617 11.70515610816682 -17.72551068577834
1763 29.11407383105368 8.716847436878782 -18.1790319097739
1764 52.59683354649771 12.0794266889019 -42.24246584733102
1765 41.22775372680523 20.46527300112401 -46.97380922468689
1766 38.52803920129311 11.98606814670195 -14.88410865761069
1767 37.39872762294573 15.43005028519315 -14.81273518987229
1768 35.98783248359639 13.08156270654286 -56.87581336815614
1769 31.39589299147052 41.63403392876245 -27.45762373028606
1770 44.01743285454578 11.84574149726934 -56.66741932367147
1771 35.31283040610376 9.481459161988242 -56.02498415271666
1772 39.88471877413814 40.23572553659434 -26.67849816109807
1773 33.15067370106729 17.00893488144153 -15.95290794234902
1774 39.85670236444584 15.19756077542298 -58.21461386661981
1775 34.86669058797198 16.5940081339611 -15.59677002802554
1776 43.52945732197034 9.273631873583231 -56.197115863541
1777 34.48389197113963 41.20271666652556 -27.21262716600524
1778 32.99067083399874 41.43237291869544 -27.33584299158778
1779 35.21188690024697 10.85897619736333 -56.37500006151634
1780 29.49892871932493 41.80213289079848 -27.6332542931281
1781 38.22013835010178 40.37037257272186 -27.16215983589816
1782 44.03277802852895 10.72625458597546 -56.50963989068772
1783 38.61204162959203 7.274605708223644 -55.37179673538129
1784 41.46490719402737 15.10804886485337 -57.93327135845298
1785 36.32546802881013 40.91521848244263 -27.28968299698722
1786 37.15961031584108 10.77732017907453 -15.61684906621192
1787 43.29239291310267 13.87462218738187 -57.08213022100897
1788 37.97279614979137 14.85679561387676 -57.76506091448314
1789 41.78894830454034 39.61329245765216 -27.01288462130934
1790 36.93228187248373 7.948199600317104 -55.49944180080467
1791 36.37910150176559 16.3383738778905 -15.27126211747237
1792 42.63780008908389 14.61844852598219 -57.60377774964385
1793 37.27517223105526 14.29067902973378 -57.14142087148814
1794 42.17804533819784 7.901380137550031 -55.7315237718753
1795 40.60860024754172 7.091017424436058 -55.5518413839793
1796 35.61531583910426 11.82978671213025 -56.45801422300038
1797 36.29410982648826 9.047445669144796 -55.83676426030951
$EndNodes
$Elements
9612
1 2 2 0 1 1 2 3
2 2 2 0 1 1 9 2
3 2 2 0 1 3 4 1
4 2 2 0 1 4 10 1
5 2 2 0 1 7 8 1
6 2 2 0 1 1 10 7
7 2 2 0 1 8 9 1
8 2 2 0 1 2 5 3
9 2 2 0 1 2 12 5
10 2 2 0 1 9 11 2
11 2 2 0 1 11 12 2
12 2 2 0 1 3 6 4
13 2 2 0 1 5 6 3
14 2 2 0 1 6 14 4
15 2 2 0 1 4 13 10
16 2 2 0 1 4 14 13
17 2 2 0 1 5 17 6
18 2 2 0 1 12 15 5
19 2 2 0 1 15 16 5
20 2 2 0 1 16 17 5
21 2 2 0 1 6 18 14
22 2 2 0 1 17 18 6
23 2 2 0 1 7 20 8
24 2 2 0 1 10 21 7
25 2 2 0 1 19 20 7
26 2 2 0 1 7 21 19
27 2 2 0 1 8 23 9
28 2 2 0 1 20 22 8
29 2 2 0 1 22 23 8
30 2 2 0 1 9 24 11
31 2 2 0 1 23 24 9
32 2 2 0 1 13 25 10
33 2 2 0 1 10 25 21
34 2 2 0 1 11 27 12
35 2 2 0 1 24 26 11
36 2 2 0 1 26 27 11
37 2 2 0 1 12 28 15
38 2 2 0 1 27 28 12
39 2 2 0 1 14 29 13
40 2 2 0 1 13 30 25
41 2 2 0 1 29 30 13
42 2 2 0 1 18 31 14
43 2 2 0 1 14 31 29
44 2 2 0 1 15 33 16
45 2 2 0 1 28 32 15
46 2 2 0 1 32 33 15
47 2 2 0 1 16 34 17
48 2 2 0 1 33 34 16
49 2 2 0 1 17 35 18
50 2 2 0 1 34 35 17
51 2 2 0 1 18 36 31
52 2 2 0 1 35 36 18
53 2 2 0 1 19 38 20
54 2 2 0 1 21 39 19
55 2 2 0 1 37 38 19
56 2 2 0 1 19 39 37
57 2 2 0 1 20 40 22
58 2 2 0 1 38 40 20
59 2 2 0 1 25 41 21
60 2 2 0 1 21 41 39
61 2 2 0 1 22 42 23
62 2 2 0 1 40 42 22
63 2 2 0 1 23 43 24
64 2 2 0 1 42 43 23
65 2 2 0 1 24 44 26
66 2 2 0 1 43 44 24
67 2 2 0 1 30 45 25
68 2 2 0 1 25 45 41
69 2 2 0 1 26 47 27
70 2 2 0 1 44 46 26
71 2 2 0 1 46 47 26
72 2 2 0 1 27 48 28
73 2 2 0 1 47 48 27
74 2 2 0 1 28 49 32
75 2 2 0 1 48 49 28
76 2 2 0 1 29 50 30
77 2 2 0 1 31 51 29
78 2 2 0 1 29 51 50
79 2 2 0 1 30 52 45
80 2 2 0 1 50 52 30
81 2 2 0 1 36 53 31
82 2 2 0 1 31 53 51
83 2 2 0 1 32 55 33
84 2 2 0 1 49 54 32
85 2 2 0 1 54 55 32
86 2 2 0 1 33 56 34
87 2 2 0 1 55 56 33
88 2 2 0 1 34 57 35
89 2 2 0 1 56 57 34
90 2 2 0 1 35 58 36
91 2 2 0 1 57 58 35
92 2 2 0 1 36 59 53
93 2 2 0 1 58 59 36
94 2 2 0 1 37 60 38
95 2 2 0 1 39 62 37
96 2 2 0 1 37 61 60
97 2 2 0 1 37 62 61
98 2 2 0 1 38 63 40
99 2 2 0 1 60 63 38
100 2 2 0 1 41 64 39
101 2 2 0 1 39 64 62
102 2 2 0 1 40 65 42
103 2 2 0 1 63 65 40
104 2 2 0 1 45 66 41
105 2 2 0 1 41 66 64
106 2 2 0 1 42 68 43
107 2 2 0 1 65 67 42
108 2 2 0 1 67 68 42
109 2 2 0 1 43 69 44
110 2 2 0 1 68 69 43
111 2 2 0 1 44 70 46
112 2 2 0 1 69 70 44
113 2 2 0 1 52 72 45
114 2 2 0 1 45 71 66
115 2 2 0 1 45 72 71
116 2 2 0 1 46 74 47
117 2 2 0 1 70 73 46
118 2 2 0 1 73 74 46
119 2 2 0 1 47 75 48
120 2 2 0 1 74 75 47
121 2 2 0 1 48 76 49
122 2 2 0 1 75 76 48
123 2 2 0 1 49 77 54
124 2 2 0 1 76 77 49
125 2 2 0 1 51 79 50
126 2 2 0 1 50 78 52
127 2 2 0 1 50 79 78
128 2 2 0 1 53 80 51
129 2 2 0 1 51 80 79
130 2 2 0 1 52 81 72
131 2 2 0 1 78 81 52
132 2 2 0 1 59 83 53
133 2 2 0 1 53 82 80
134 2 2 0 1 53 83 82
135 2 2 0 1 54 85 55
136 2 2 0 1 77 84 54
137 2 2 0 1 84 85 54
138 2 2 0 1 55 86 56
139 2 2 0 1 85 86 55
140 2 2 0 1 56 87 57
141 2 2 0 1 86 87 56
142 2 2 0 1 57 88 58
143 2 2 0 1 87 88 57
144 2 2 0 1 58 89 59
145 2 2 0 1 88 89 58
146 2 2 0 1 59 89 83
147 2 2 0 1 61 90 60
148 2 2 0 1 60 91 63
149 2 2 0 1 90 91 60
150 2 2 0 1 62 93 61
151 2 2 0 1 61 92 90
152 2 2 0 1 61 93 92
153 2 2 0 1 64 94 62
154 2 2 0 1 62 94 93
155 2 2 0 1 63 95 65
156 2 2 0 1 91 95 63
157 2 2 0 1 66 94 64
158 2 2 0 1 65 96 67
159 2 2 0 1 95 96 65
160 2 2 0 1 71 97 66
161 2 2 0 1 66 97 94
162 2 2 0 1 67 99 68
163 2 2 0 1 96 98 67
164 2 2 0 1 98 99 67
165 2 2 0 1 68 100 69
166 2 2 0 1 99 100 68
167 2 2 0 1 69 101 70
168 2 2 0 1 100 101 69
169 2 2 0 1 70 102 73
170 2 2 0 1 101 102 70
171 2 2 0 1 72 103 71
172 2 2 0 1 71 103 97
173 2 2 0 1 81 104 72
174 2 2 0 1 72 104 103
175 2 2 0 1 73 106 74
176 2 2 0 1 102 105 73
177 2 2 0 1 105 106 73
178 2 2 0 1 74 107 75
179 2 2 0 1 106 107 74
180 2 2 0 1 75 108 76
181 2 2 0 1 107 108 75
182 2 2 0 1 76 109 77
183 2 2 0 1 108 109 76
184 2 2 0 1 77 110 84
185 2 2 0 1 109 110 77
186 2 2 0 1 79 112 78
187 2 2 0 1 78 111 81
188 2 2 0 1 78 112 111
189 2 2 0 1 80 113 79
190 2 2 0 1 79 114 112
191 2 2 0 1 113 114 79
192 2 2 0 1 82 113 80
193 2 2 0 1 81 115 104
194 2 2 0 1 111 115 81
195 2 2 0 1 83 116 82
196 2 2 0 1 82 117 113
197 2 2 0 1 116 117 82
198 2 2 0 1 89 118 83
199 2 2 0 1 83 118 116
200 2 2 0 1 84 120 85
201 2 2 0 1 110 119 84
202 2 2 0 1 119 120 84
203 2 2 0 1 85 121 86
204 2 2 0 1 120 121 85
205 2 2 0 1 86 121 87
206 2 2 0 1 87 123 88
207 2 2 0 1 121 122 87
208 2 2 0 1 122 123 87
209 2 2 0 1 88 124 89
210 2 2 0 1 123 124 88
211 2 2 0 1 89 124 118
212 2 2 0 1 90 126 91
213 2 2 0 1 92 125 90
214 2 2 0 1 125 126 90
215 2 2 0 1 91 127 95
216 2 2 0 1 126 127 91
217 2 2 0 1 93 129 92
218 2 2 0 1 92 128 125
219 2 2 0 1 92 129 128
220 2 2 0 1 94 131 93
221 2 2 0 1 93 130 129
222 2 2 0 1 93 131 130
223 2 2 0 1 97 131 94
224 2 2 0 1 95 132 96
225 2 2 0 1 127 132 95
226 2 2 0 1 96 133 98
227 2 2 0 1 132 133 96
228 2 2 0 1 103 135 97
229 2 2 0 1 97 134 131
230 2 2 0 1 97 135 134
231 2 2 0 1 98 137 99
232 2 2 0 1 133 136 98
233 2 2 0 1 136 137 98
234 2 2 0 1 99 138 100
235 2 2 0 1 137 138 99
236 2 2 0 1 100 139 101
237 2 2 0 1 138 139 100
238 2 2 0 1 101 140 102
239 2 2 0 1 139 140 101
240 2 2 0 1 102 141 105
241 2 2 0 1 140 141 102
242 2 2 0 1 104 142 103
243 2 2 0 1 103 142 135
244 2 2 0 1 115 143 104
245 2 2 0 1 104 143 142
246 2 2 0 1 105 146 106
247 2 2 0 1 141 144 105
248 2 2 0 1 144 145 105
249 2 2 0 1 145 146 105
250 2 2 0 1 106 147 107
251 2 2 0 1 146 147 106
252 2 2 0 1 107 147 108
253 2 2 0 1 108 148 109
254 2 2 0 1 147 148 108
255 2 2 0 1 109 149 110
256 2 2 0 1 148 149 109
257 2 2 0 1 110 150 119
258 2 2 0 1 149 150 110
259 2 2 0 1 112 152 111
260 2 2 0 1 111 151 115
261 2 2 0 1 111 152 151
262 2 2 0 1 114 153 112
263 2 2 0 1 112 153 152
264 2 2 0 1 113 154 114
265 2 2 0 1 117 154 113
266 2 2 0 1 114 154 153
267 2 2 0 1 115 155 143
268 2 2 0 1 151 155 115
269 2 2 0 1 116 157 117
270 2 2 0 1 118 156 116
271 2 2 0 1 156 157 116
272 2 2 0 1 117 158 154
273 2 2 0 1 157 158 117
274 2 2 0 1 124 159 118
275 2 2 0 1 118 159 156
276 2 2 0 1 119 161 120
277 2 2 0 1 150 160 119
278 2 2 0 1 160 161 119
279 2 2 0 1 120 162 121
280 2 2 0 1 161 162 120
281 2 2 0 1 121 162 122
282 2 2 0 1 122 164 123
283 2 2 0 1 162 163 122
284 2 2 0 1 163 164 122
285 2 2 0 1 123 165 124
286 2 2 0 1 164 165 123
287 2 2 0 1 124 165 159
288 2 2 0 1 125 166 126
289 2 2 0 1 128 167 125
290 2 2 0 1 125 167 166
291 2 2 0 1 126 168 127
292 2 2 0 1 166 168 126
293 2 2 0 1 127 169 132
294 2 2 0 1 168 169 127
295 2 2 0 1 129 171 128
296 2 2 0 1 128 170 167
297 2 2 0 1 128 171 170
298 2 2 0 1 130 172 129
299 2 2 0 1 129 172 171
300 2 2 0 1 131 173 130
301 2 2 0 1 130 173 172
302 2 2 0 1 134 173 131
303 2 2 0 1 132 174 133
304 2 2 0 1 169 174 132
305 2 2 0 1 133 175 136
306 2 2 0 1 174 175 133
307 2 2 0 1 135 177 134
308 2 2 0 1 134 176 173
309 2 2 0 1 134 177 176
310 2 2 0 1 142 178 135
311 2 2 0 1 135 178 177
312 2 2 0 1 136 179 137
313 2 2 0 1 175 179 136
314 2 2 0 1 137 180 138
315 2 2 0 1 179 180 137
316 2 2 0 1 138 181 139
317 2 2 0 1 180 181 138
318 2 2 0 1 139 182 140
319 2 2 0 1 181 182 139
320 2 2 0 1 140 183 141
321 2 2 0 1 182 183 140
322 2 2 0 1 141 183 144
323 2 2 0 1 143 184 142
324 2 2 0 1 142 184 178
325 2 2 0 1 155 185 143
326 2 2 0 1 143 185 184
327 2 2 0 1 144 187 145
328 2 2 0 1 183 186 144
329 2 2 0 1 186 187 144
330 2 2 0 1 145 189 146
331 2 2 0 1 187 188 145
332 2 2 0 1 188 189 145
333 2 2 0 1 146 190 147
334 2 2 0 1 189 190 146
335 2 2 0 1 147 190 148
336 2 2 0 1 148 191 149
337 2 2 0 1 190 191 148
338 2 2 0 1 149 192 150
339 2 2 0 1 191 192 149
340 2 2 0 1 150 192 160
341 2 2 0 1 152 193 151
342 2 2 0 1 151 194 155
343 2 2 0 1 193 194 151
344 2 2 0 1 153 195 152
345 2 2 0 1 152 195 193
346 2 2 0 1 154 196 153
347 2 2 0 1 153 196 195
348 2 2 0 1 158 196 154
349 2 2 0 1 155 197 185
350 2 2 0 1 194 197 155
351 2 2 0 1 156 200 157
352 2 2 0 1 159 198 156
353 2 2 0 1 198 199 156
354 2 2 0 1 199 200 156
355 2 2 0 1 157 201 158
356 2 2 0 1 200 201 157
357 2 2 0 1 158 202 196
358 2 2 0 1 201 202 158
359 2 2 0 1 165 203 159
360 2 2 0 1 159 203 198
361 2 2 0 1 160 205 161
362 2 2 0 1 192 204 160
363 2 2 0 1 204 205 160
364 2 2 0 1 161 206 162
365 2 2 0 1 205 206 161
366 2 2 0 1 162 206 163
367 2 2 0 1 163 208 164
368 2 2 0 1 206 207 163
369 2 2 0 1 207 208 163
370 2 2 0 1 164 203 165
371 2 2 0 1 164 208 203
372 2 2 0 1 167 209 166
373 2 2 0 1 166 210 168
374 2 2 0 1 209 210 166
375 2 2 0 1 170 211 167
376 2 2 0 1 167 211 209
377 2 2 0 1 168 212 169
378 2 2 0 1 210 212 168
379 2 2 0 1 169 213 174
380 2 2 0 1 212 213 169
381 2 2 0 1 171 216 170
382 2 2 0 1 170 215 211
383 2 2 0 1 214 215 170
384 2 2 0 1 170 216 214
385 2 2 0 1 172 218 171
386 2 2 0 1 171 217 216
387 2 2 0 1 171 218 217
388 2 2 0 1 173 220 172
389 2 2 0 1 172 219 218
390 2 2 0 1 172 220 219
391 2 2 0 1 176 220 173
392 2 2 0 1 174 221 175
393 2 2 0 1 213 221 174
394 2 2 0 1 175 223 179
395 2 2 0 1 221 222 175
396 2 2 0 1 222 223 175
397 2 2 0 1 177 225 176
398 2 2 0 1 176 224 220
399 2 2 0 1 176 225 224
400 2 2 0 1 178 226 177
401 2 2 0 1 177 226 225
402 2 2 0 1 184 227 178
403 2 2 0 1 178 227 226
404 2 2 0 1 179 229 180
405 2 2 0 1 223 228 179
406 2 2 0 1 228 229 179
407 2 2 0 1 180 230 181
408 2 2 0 1 229 230 180
409 2 2 0 1 181 231 182
410 2 2 0 1 230 231 181
411 2 2 0 1 182 232 183
412 2 2 0 1 231 232 182
413 2 2 0 1 183 232 186
414 2 2 0 1 185 233 184
415 2 2 0 1 184 233 227
416 2 2 0 1 197 234 185
417 2 2 0 1 185 234 233
418 2 2 0 1 186 235 187
419 2 2 0 1 232 235 186
420 2 2 0 1 187 237 188
421 2 2 0 1 235 236 187
422 2 2 0 1 236 237 187
423 2 2 0 1 188 238 189
424 2 2 0 1 237 238 188
425 2 2 0 1 189 239 190
426 2 2 0 1 238 239 189
427 2 2 0 1 190 239 191
428 2 2 0 1 191 240 192
429 2 2 0 1 239 240 191
430 2 2 0 1 192 241 204
431 2 2 0 1 240 241 192
432 2 2 0 1 193 242 194
433 2 2 0 1 195 242 193
434 2 2 0 1 194 243 197
435 2 2 0 1 242 244 194
436 2 2 0 1 194 244 243
437 2 2 0 1 196 246 195
438 2 2 0 1 195 245 242
439 2 2 0 1 195 246 245
440 2 2 0 1 202 246 196
441 2 2 0 1 197 247 234
442 2 2 0 1 243 247 197
443 2 2 0 1 198 249 199
444 2 2 0 1 203 248 198
445 2 2 0 1 248 249 198
446 2 2 0 1 199 251 200
447 2 2 0 1 249 250 199
448 2 2 0 1 250 251 199
449 2 2 0 1 200 251 201
450 2 2 0 1 201 252 202
451 2 2 0 1 251 252 201
452 2 2 0 1 202 253 246
453 2 2 0 1 252 253 202
454 2 2 0 1 208 248 203
455 2 2 0 1 204 254 205
456 2 2 0 1 241 254 204
457 2 2 0 1 205 207 206
458 2 2 0 1 205 255 207
459 2 2 0 1 254 255 205
460 2 2 0 1 207 257 208
461 2 2 0 1 255 256 207
462 2 2 0 1 256 257 207
463 2 2 0 1 208 257 248
464 2 2 0 1 209 259 210
465 2 2 0 1 211 258 209
466 2 2 0 1 258 259 209
467 2 2 0 1 210 260 212
468 2 2 0 1 259 260 210
469 2 2 0 1 215 261 211
470 2 2 0 1 211 261 258
471 2 2 0 1 212 262 213
472 2 2 0 1 260 262 212
473 2 2 0 1 213 263 221
474 2 2 0 1 262 263 213
475 2 2 0 1 214 264 215
476 2 2 0 1 216 266 214
477 2 2 0 1 214 265 264
478 2 2 0 1 214 266 265
479 2 2 0 1 215 264 261
480 2 2 0 1 217 267 216
481 2 2 0 1 216 267 266
482 2 2 0 1 218 269 217
483 2 2 0 1 217 268 267
484 2 2 0 1 217 269 268
485 2 2 0 1 219 270 218
486 2 2 0 1 218 270 269
487 2 2 0 1 220 272 219
488 2 2 0 1 219 271 270
489 2 2 0 1 219 272 271
490 2 2 0 1 224 273 220
491 2 2 0 1 220 273 272
492 2 2 0 1 221 274 222
493 2 2 0 1 263 274 221
494 2 2 0 1 222 276 223
495 2 2 0 1 274 275 222
496 2 2 0 1 275 276 222
497 2 2 0 1 223 277 228
498 2 2 0 1 276 277 223
499 2 2 0 1 225 278 224
500 2 2 0 1 224 278 273
501 2 2 0 1 226 279 225
502 2 2 0 1 225 279 278
503 2 2 0 1 227 280 226
504 2 2 0 1 226 280 279
505 2 2 0 1 233 281 227
506 2 2 0 1 227 281 280
507 2 2 0 1 228 283 229
508 2 2 0 1 277 282 228
509 2 2 0 1 282 283 228
510 2 2 0 1 229 283 230
511 2 2 0 1 230 284 231
512 2 2 0 1 283 284 230
513 2 2 0 1 231 285 232
514 2 2 0 1 284 285 231
515 2 2 0 1 232 285 235
516 2 2 0 1 234 286 233
517 2 2 0 1 233 286 281
518 2 2 0 1 247 287 234
519 2 2 0 1 234 287 286
520 2 2 0 1 235 288 236
521 2 2 0 1 285 288 235
522 2 2 0 1 236 289 237
523 2 2 0 1 288 289 236
524 2 2 0 1 237 290 238
525 2 2 0 1 289 290 237
526 2 2 0 1 238 292 239
527 2 2 0 1 290 291 238
528 2 2 0 1 291 292 238
529 2 2 0 1 239 292 240
530 2 2 0 1 240 294 241
531 2 2 0 1 292 293 240
532 2 2 0 1 293 294 240
533 2 2 0 1 241 295 254
534 2 2 0 1 294 295 241
535 2 2 0 1 242 296 244
536 2 2 0 1 245 296 242
537 2 2 0 1 244 298 243
538 2 2 0 1 243 297 247
539 2 2 0 1 243 298 297
540 2 2 0 1 296 299 244
541 2 2 0 1 244 299 298
542 2 2 0 1 246 300 245
543 2 2 0 1 245 300 296
544 2 2 0 1 253 300 246
545 2 2 0 1 247 301 287
546 2 2 0 1 297 301 247
547 2 2 0 1 248 302 249
548 2 2 0 1 257 302 248
549 2 2 0 1 249 303 250
550 2 2 0 1 302 303 249
551 2 2 0 1 250 305 251
552 2 2 0 1 303 304 250
553 2 2 0 1 304 305 250
554 2 2 0 1 251 306 252
555 2 2 0 1 305 306 251
556 2 2 0 1 252 307 253
557 2 2 0 1 306 307 252
558 2 2 0 1 253 308 300
559 2 2 0 1 307 308 253
560 2 2 0 1 254 309 255
561 2 2 0 1 295 309 254
562 2 2 0 1 255 310 256
563 2 2 0 1 309 310 255
564 2 2 0 1 256 311 257
565 2 2 0 1 310 311 256
566 2 2 0 1 257 311 302
567 2 2 0 1 258 312 259
568 2 2 0 1 261 313 258
569 2 2 0 1 258 313 312
570 2 2 0 1 259 314 260
571 2 2 0 1 312 314 259
572 2 2 0 1 260 315 262
573 2 2 0 1 314 315 260
574 2 2 0 1 264 317 261
575 2 2 0 1 261 316 313
576 2 2 0 1 261 317 316
577 2 2 0 1 262 318 263
578 2 2 0 1 315 318 262
579 2 2 0 1 263 319 274
580 2 2 0 1 318 319 263
581 2 2 0 1 265 321 264
582 2 2 0 1 264 320 317
583 2 2 0 1 264 321 320
584 2 2 0 1 266 323 265
585 2 2 0 1 265 322 321
586 2 2 0 1 265 323 322
587 2 2 0 1 267 324 266
588 2 2 0 1 266 324 323
589 2 2 0 1 268 325 267
590 2 2 0 1 267 325 324
591 2 2 0 1 269 326 268
592 2 2 0 1 268 327 325
593 2 2 0 1 326 327 268
594 2 2 0 1 270 326 269
595 2 2 0 1 271 328 270
596 2 2 0 1 270 328 326
597 2 2 0 1 272 329 271
598 2 2 0 1 271 331 328
599 2 2 0 1 329 330 271
600 2 2 0 1 330 331 271
601 2 2 0 1 273 332 272
602 2 2 0 1 272 332 329
603 2 2 0 1 278 334 273
604 2 2 0 1 273 333 332
605 2 2 0 1 273 334 333
606 2 2 0 1 274 335 275
607 2 2 0 1 319 335 274
608 2 2 0 1 275 337 276
609 2 2 0 1 335 336 275
610 2 2 0 1 336 337 275
611 2 2 0 1 276 338 277
612 2 2 0 1 337 338 276
613 2 2 0 1 277 339 282
614 2 2 0 1 338 339 277
615 2 2 0 1 279 340 278
616 2 2 0 1 278 340 334
617 2 2 0 1 280 341 279
618 2 2 0 1 279 341 340
619 2 2 0 1 281 342 280
620 2 2 0 1 280 342 341
621 2 2 0 1 286 343 281
622 2 2 0 1 281 343 342
623 2 2 0 1 282 346 283
624 2 2 0 1 339 344 282
625 2 2 0 1 344 345 282
626 2 2 0 1 345 346 282
627 2 2 0 1 283 346 284
628 2 2 0 1 284 347 285
629 2 2 0 1 346 347 284
630 2 2 0 1 285 348 288
631 2 2 0 1 347 348 285
632 2 2 0 1 287 349 286
633 2 2 0 1 286 349 343
634 2 2 0 1 301 350 287
635 2 2 0 1 287 350 349
636 2 2 0 1 288 351 289
637 2 2 0 1 348 351 288
638 2 2 0 1 289 352 290
639 2 2 0 1 351 352 289
640 2 2 0 1 290 353 291
641 2 2 0 1 352 353 290
642 2 2 0 1 291 293 292
643 2 2 0 1 291 355 293
644 2 2 0 1 353 354 291
645 2 2 0 1 354 355 291
646 2 2 0 1 293 356 294
647 2 2 0 1 355 356 293
648 2 2 0 1 294 356 295
649 2 2 0 1 295 357 309
650 2 2 0 1 356 357 295
651 2 2 0 1 296 358 299
652 2 2 0 1 300 358 296
653 2 2 0 1 298 360 297
654 2 2 0 1 297 359 301
655 2 2 0 1 297 360 359
656 2 2 0 1 299 361 298
657 2 2 0 1 298 361 360
658 2 2 0 1 358 362 299
659 2 2 0 1 299 362 361
660 2 2 0 1 308 358 300
661 2 2 0 1 301 363 350
662 2 2 0 1 359 363 301
663 2 2 0 1 302 364 303
664 2 2 0 1 311 364 302
665 2 2 0 1 303 365 304
666 2 2 0 1 364 365 303
667 2 2 0 1 304 367 305
668 2 2 0 1 365 366 304
669 2 2 0 1 366 367 304
670 2 2 0 1 305 368 306
671 2 2 0 1 367 368 305
672 2 2 0 1 306 369 307
673 2 2 0 1 368 369 306
674 2 2 0 1 307 370 308
675 2 2 0 1 369 370 307
676 2 2 0 1 308 371 358
677 2 2 0 1 370 371 308
678 2 2 0 1 309 372 310
679 2 2 0 1 357 372 309
680 2 2 0 1 310 373 311
681 2 2 0 1 372 373 310
682 2 2 0 1 311 373 364
683 2 2 0 1 313 376 312
684 2 2 0 1 312 375 314
685 2 2 0 1 374 375 312
686 2 2 0 1 312 376 374
687 2 2 0 1 316 377 313
688 2 2 0 1 313 377 376
689 2 2 0 1 314 378 315
690 2 2 0 1 375 378 314
691 2 2 0 1 315 378 318
692 2 2 0 1 317 380 316
693 2 2 0 1 316 379 377
694 2 2 0 1 316 380 379
695 2 2 0 1 320 381 317
696 2 2 0 1 317 381 380
697 2 2 0 1 318 383 319
698 2 2 0 1 378 382 318
699 2 2 0 1 382 383 318
700 2 2 0 1 319 383 335
701 2 2 0 1 321 384 320
702 2 2 0 1 320 384 381
703 2 2 0 1 322 385 321
704 2 2 0 1 321 385 384
705 2 2 0 1 323 387 322
706 2 2 0 1 322 386 385
707 2 2 0 1 322 387 386
708 2 2 0 1 324 388 323
709 2 2 0 1 323 388 387
710 2 2 0 1 325 389 324
711 2 2 0 1 324 389 388
712 2 2 0 1 327 389 325
713 2 2 0 1 326 391 327
714 2 2 0 1 328 390 326
715 2 2 0 1 390 391 326
716 2 2 0 1 327 392 389
717 2 2 0 1 391 392 327
718 2 2 0 1 331 393 328
719 2 2 0 1 328 393 390
720 2 2 0 1 329 379 330
721 2 2 0 1 332 394 329
722 2 2 0 1 329 394 379
723 2 2 0 1 330 395 331
724 2 2 0 1 379 380 330
725 2 2 0 1 380 395 330
726 2 2 0 1 331 396 393
727 2 2 0 1 395 396 331
728 2 2 0 1 333 397 332
729 2 2 0 1 332 397 394
730 2 2 0 1 334 398 333
731 2 2 0 1 333 398 397
732 2 2 0 1 340 399 334
733 2 2 0 1 334 399 398
734 2 2 0 1 335 400 336
735 2 2 0 1 383 400 335
736 2 2 0 1 336 403 337
737 2 2 0 1 400 401 336
738 2 2 0 1 401 402 336
739 2 2 0 1 402 403 336
740 2 2 0 1 337 403 338
741 2 2 0 1 338 403 339
742 2 2 0 1 339 403 344
743 2 2 0 1 341 405 340
744 2 2 0 1 340 404 399
745 2 2 0 1 340 405 404
746 2 2 0 1 342 406 341
747 2 2 0 1 341 406 405
748 2 2 0 1 343 407 342
749 2 2 0 1 342 407 406
750 2 2 0 1 349 408 343
751 2 2 0 1 343 408 407
752 2 2 0 1 344 410 345
753 2 2 0 1 403 409 344
754 2 2 0 1 409 410 344
755 2 2 0 1 345 412 346
756 2 2 0 1 410 411 345
757 2 2 0 1 411 412 345
758 2 2 0 1 346 412 347
759 2 2 0 1 347 412 348
760 2 2 0 1 348 413 351
761 2 2 0 1 412 413 348
762 2 2 0 1 350 414 349
763 2 2 0 1 349 414 408
764 2 2 0 1 363 415 350
765 2 2 0 1 350 415 414
766 2 2 0 1 351 416 352
767 2 2 0 1 413 416 351
768 2 2 0 1 352 417 353
769 2 2 0 1 416 417 352
770 2 2 0 1 353 418 354
771 2 2 0 1 417 418 353
772 2 2 0 1 354 420 355
773 2 2 0 1 418 419 354
774 2 2 0 1 419 420 354
775 2 2 0 1 355 421 356
776 2 2 0 1 420 421 355
777 2 2 0 1 356 422 357
778 2 2 0 1 421 422 356
779 2 2 0 1 357 423 372
780 2 2 0 1 422 423 357
781 2 2 0 1 358 371 362
782 2 2 0 1 360 424 359
783 2 2 0 1 359 424 363
784 2 2 0 1 361 425 360
785 2 2 0 1 360 425 424
786 2 2 0 1 362 426 361
787 2 2 0 1 361 426 425
788 2 2 0 1 371 427 362
789 2 2 0 1 362 427 426
790 2 2 0 1 363 428 415
791 2 2 0 1 424 428 363
792 2 2 0 1 364 429 365
793 2 2 0 1 373 429 364
794 2 2 0 1 365 430 366
795 2 2 0 1 429 430 365
796 2 2 0 1 366 432 367
797 2 2 0 1 430 431 366
798 2 2 0 1 431 432 366
799 2 2 0 1 367 433 368
800 2 2 0 1 432 433 367
801 2 2 0 1 368 433 369
802 2 2 0 1 369 434 370
803 2 2 0 1 433 434 369
804 2 2 0 1 370 435 371
805 2 2 0 1 434 435 370
806 2 2 0 1 371 435 427
807 2 2 0 1 372 436 373
808 2 2 0 1 423 436 372
809 2 2 0 1 373 436 429
810 2 2 0 1 374 438 375
811 2 2 0 1 376 439 374
812 2 2 0 1 437 438 374
813 2 2 0 1 374 439 437
814 2 2 0 1 375 440 378
815 2 2 0 1 438 440 375
816 2 2 0 1 377 441 376
817 2 2 0 1 376 441 439
818 2 2 0 1 379 394 377
819 2 2 0 1 394 442 377
820 2 2 0 1 377 442 441
821 2 2 0 1 378 440 382
822 2 2 0 1 381 395 380
823 2 2 0 1 384 443 381
824 2 2 0 1 381 444 395
825 2 2 0 1 443 444 381
826 2 2 0 1 382 445 383
827 2 2 0 1 440 446 382
828 2 2 0 1 382 446 445
829 2 2 0 1 383 445 400
830 2 2 0 1 385 447 384
831 2 2 0 1 384 448 443
832 2 2 0 1 447 448 384
833 2 2 0 1 386 449 385
834 2 2 0 1 385 449 447
835 2 2 0 1 387 450 386
836 2 2 0 1 386 451 449
837 2 2 0 1 450 451 386
838 2 2 0 1 388 452 387
839 2 2 0 1 387 452 450
840 2 2 0 1 389 453 388
841 2 2 0 1 388 454 452
842 2 2 0 1 453 454 388
843 2 2 0 1 392 453 389
844 2 2 0 1 390 456 391
845 2 2 0 1 393 455 390
846 2 2 0 1 455 456 390
847 2 2 0 1 391 456 392
848 2 2 0 1 392 457 453
849 2 2 0 1 456 457 392
850 2 2 0 1 396 458 393
851 2 2 0 1 393 458 455
852 2 2 0 1 397 442 394
853 2 2 0 1 395 444 396
854 2 2 0 1 444 459 396
855 2 2 0 1 396 459 458
856 2 2 0 1 398 460 397
857 2 2 0 1 397 460 442
858 2 2 0 1 399 461 398
859 2 2 0 1 398 461 460
860 2 2 0 1 404 462 399
861 2 2 0 1 399 462 461
862 2 2 0 1 400 463 401
863 2 2 0 1 445 463 400
864 2 2 0 1 401 464 402
865 2 2 0 1 463 464 401
866 2 2 0 1 402 409 403
867 2 2 0 1 402 465 409
868 2 2 0 1 464 465 402
869 2 2 0 1 405 467 404
870 2 2 0 1 404 466 462
871 2 2 0 1 404 467 466
872 2 2 0 1 406 467 405
873 2 2 0 1 407 468 406
874 2 2 0 1 406 468 467
875 2 2 0 1 408 469 407
876 2 2 0 1 407 469 468
877 2 2 0 1 414 470 408
878 2 2 0 1 408 470 469
879 2 2 0 1 409 471 410
880 2 2 0 1 465 471 409
881 2 2 0 1 410 472 411
882 2 2 0 1 471 472 410
883 2 2 0 1 411 473 412
884 2 2 0 1 472 473 411
885 2 2 0 1 412 473 413
886 2 2 0 1 413 474 416
887 2 2 0 1 473 474 413
888 2 2 0 1 415 475 414
889 2 2 0 1 414 475 470
890 2 2 0 1 428 476 415
891 2 2 0 1 415 476 475
892 2 2 0 1 416 477 417
893 2 2 0 1 474 477 416
894 2 2 0 1 417 478 418
895 2 2 0 1 477 478 417
896 2 2 0 1 418 479 419
897 2 2 0 1 478 479 418
898 2 2 0 1 419 482 420
899 2 2 0 1 479 480 419
900 2 2 0 1 480 481 419
901 2 2 0 1 481 482 419
902 2 2 0 1 420 483 421
903 2 2 0 1 482 483 420
904 2 2 0 1 421 483 422
905 2 2 0 1 422 485 423
906 2 2 0 1 483 484 422
907 2 2 0 1 484 485 422
908 2 2 0 1 423 486 436
909 2 2 0 1 485 486 423
910 2 2 0 1 425 487 424
911 2 2 0 1 424 487 428
912 2 2 0 1 426 488 425
913 2 2 0 1 425 488 487
914 2 2 0 1 427 489 426
915 2 2 0 1 426 489 488
916 2 2 0 1 435 490 427
917 2 2 0 1 427 490 489
918 2 2 0 1 428 491 476
919 2 2 0 1 487 491 428
920 2 2 0 1 429 492 430
921 2 2 0 1 436 492 429
922 2 2 0 1 430 493 431
923 2 2 0 1 492 493 430
924 2 2 0 1 431 496 432
925 2 2 0 1 493 494 431
926 2 2 0 1 494 495 431
927 2 2 0 1 495 496 431
928 2 2 0 1 432 497 433
929 2 2 0 1 496 497 432
930 2 2 0 1 433 498 434
931 2 2 0 1 497 498 433
932 2 2 0 1 434 499 435
933 2 2 0 1 498 499 434
934 2 2 0 1 435 499 490
935 2 2 0 1 486 500 436
936 2 2 0 1 436 500 492
937 2 2 0 1 437 501 438
938 2 2 0 1 439 502 437
939 2 2 0 1 437 502 501
940 2 2 0 1 438 503 440
941 2 2 0 1 501 503 438
942 2 2 0 1 441 504 439
943 2 2 0 1 439 504 502
944 2 2 0 1 440 503 446
945 2 2 0 1 442 505 441
946 2 2 0 1 441 505 504
947 2 2 0 1 460 505 442
948 2 2 0 1 443 506 444
949 2 2 0 1 448 506 443
950 2 2 0 1 444 506 459
951 2 2 0 1 446 507 445
952 2 2 0 1 445 507 463
953 2 2 0 1 503 508 446
954 2 2 0 1 446 508 507
955 2 2 0 1 447 510 448
956 2 2 0 1 449 509 447
957 2 2 0 1 509 510 447
958 2 2 0 1 448 510 506
959 2 2 0 1 451 511 449
960 2 2 0 1 449 511 509
961 2 2 0 1 450 512 451
962 2 2 0 1 452 513 450
963 2 2 0 1 450 513 512
964 2 2 0 1 451 514 511
965 2 2 0 1 512 514 451
966 2 2 0 1 454 513 452
967 2 2 0 1 453 515 454
968 2 2 0 1 457 515 453
969 2 2 0 1 454 516 513
970 2 2 0 1 515 516 454
971 2 2 0 1 455 518 456
972 2 2 0 1 458 517 455
973 2 2 0 1 517 518 455
974 2 2 0 1 456 518 457
975 2 2 0 1 457 519 515
976 2 2 0 1 518 519 457
977 2 2 0 1 459 520 458
978 2 2 0 1 458 520 517
979 2 2 0 1 506 520 459
980 2 2 0 1 461 521 460
981 2 2 0 1 460 521 505
982 2 2 0 1 462 523 461
983 2 2 0 1 461 522 521
984 2 2 0 1 461 523 522
985 2 2 0 1 466 524 462
986 2 2 0 1 462 524 523
987 2 2 0 1 463 525 464
988 2 2 0 1 507 525 463
989 2 2 0 1 464 526 465
990 2 2 0 1 525 527 464
991 2 2 0 1 464 527 526
992 2 2 0 1 465 528 471
993 2 2 0 1 526 528 465
994 2 2 0 1 467 530 466
995 2 2 0 1 466 529 524
996 2 2 0 1 466 530 529
997 2 2 0 1 468 530 467
998 2 2 0 1 469 531 468
999 2 2 0 1 468 531 530
1000 2 2 0 1 470 533 469
1001 2 2 0 1 469 532 531
1002 2 2 0 1 469 533 532
1003 2 2 0 1 475 534 470
1004 2 2 0 1 470 534 533
1005 2 2 0 1 471 535 472
1006 2 2 0 1 528 535 471
1007 2 2 0 1 472 536 473
1008 2 2 0 1 535 536 472
1009 2 2 0 1 473 536 474
1010 2 2 0 1 474 537 477
1011 2 2 0 1 536 537 474
1012 2 2 0 1 476 538 475
1013 2 2 0 1 475 538 534
1014 2 2 0 1 491 539 476
1015 2 2 0 1 476 539 538
1016 2 2 0 1 477 540 478
1017 2 2 0 1 537 540 477
1018 2 2 0 1 478 541 479
1019 2 2 0 1 540 541 478
1020 2 2 0 1 479 542 480
1021 2 2 0 1 541 542 479
1022 2 2 0 1 480 544 481
1023 2 2 0 1 542 543 480
1024 2 2 0 1 543 544 480
1025 2 2 0 1 481 545 482
1026 2 2 0 1 544 545 481
1027 2 2 0 1 482 546 483
1028 2 2 0 1 545 546 482
1029 2 2 0 1 483 546 484
1030 2 2 0 1 484 547 485
1031 2 2 0 1 546 547 484
1032 2 2 0 1 485 548 486
1033 2 2 0 1 547 548 485
1034 2 2 0 1 486 549 500
1035 2 2 0 1 548 549 486
1036 2 2 0 1 488 550 487
1037 2 2 0 1 487 550 491
1038 2 2 0 1 489 551 488
1039 2 2 0 1 488 551 550
1040 2 2 0 1 490 552 489
1041 2 2 0 1 489 552 551
1042 2 2 0 1 499 553 490
1043 2 2 0 1 490 553 552
1044 2 2 0 1 491 554 539
1045 2 2 0 1 550 554 491
1046 2 2 0 1 492 555 493
1047 2 2 0 1 500 555 492
1048 2 2 0 1 493 555 494
1049 2 2 0 1 494 557 495
1050 2 2 0 1 555 556 494
1051 2 2 0 1 556 557 494
1052 2 2 0 1 495 559 496
1053 2 2 0 1 557 558 495
1054 2 2 0 1 558 559 495
1055 2 2 0 1 496 560 497
1056 2 2 0 1 559 560 496
1057 2 2 0 1 497 561 498
1058 2 2 0 1 560 561 497
1059 2 2 0 1 498 561 499
1060 2 2 0 1 499 561 553
1061 2 2 0 1 549 562 500
1062 2 2 0 1 500 563 555
1063 2 2 0 1 562 563 500
1064 2 2 0 1 502 565 501
1065 2 2 0 1 501 564 503
1066 2 2 0 1 501 565 564
1067 2 2 0 1 504 566 502
1068 2 2 0 1 502 566 565
1069 2 2 0 1 503 567 508
1070 2 2 0 1 564 567 503
1071 2 2 0 1 505 568 504
1072 2 2 0 1 504 568 566
1073 2 2 0 1 521 568 505
1074 2 2 0 1 510 569 506
1075 2 2 0 1 506 569 520
1076 2 2 0 1 508 570 507
1077 2 2 0 1 507 570 525
1078 2 2 0 1 567 570 508
1079 2 2 0 1 509 572 510
1080 2 2 0 1 511 571 509
1081 2 2 0 1 571 572 509
1082 2 2 0 1 510 572 569
1083 2 2 0 1 514 573 511
1084 2 2 0 1 511 573 571
1085 2 2 0 1 513 574 512
1086 2 2 0 1 512 575 514
1087 2 2 0 1 574 575 512
1088 2 2 0 1 516 574 513
1089 2 2 0 1 514 576 573
1090 2 2 0 1 575 576 514
1091 2 2 0 1 515 577 516
1092 2 2 0 1 519 577 515
1093 2 2 0 1 516 579 574
1094 2 2 0 1 577 578 516
1095 2 2 0 1 578 579 516
1096 2 2 0 1 517 581 518
1097 2 2 0 1 520 580 517
1098 2 2 0 1 580 581 517
1099 2 2 0 1 518 581 519
1100 2 2 0 1 519 582 577
1101 2 2 0 1 581 582 519
1102 2 2 0 1 569 583 520
1103 2 2 0 1 520 583 580
1104 2 2 0 1 522 584 521
1105 2 2 0 1 521 584 568
1106 2 2 0 1 523 585 522
1107 2 2 0 1 522 585 584
1108 2 2 0 1 524 586 523
1109 2 2 0 1 523 586 585
1110 2 2 0 1 529 587 524
1111 2 2 0 1 524 587 586
1112 2 2 0 1 525 588 527
1113 2 2 0 1 570 588 525
1114 2 2 0 1 527 589 526
1115 2 2 0 1 526 590 528
1116 2 2 0 1 589 590 526
1117 2 2 0 1 588 589 527
1118 2 2 0 1 528 591 535
1119 2 2 0 1 590 591 528
1120 2 2 0 1 530 593 529
1121 2 2 0 1 529 592 587
1122 2 2 0 1 529 593 592
1123 2 2 0 1 531 593 530
1124 2 2 0 1 532 594 531
1125 2 2 0 1 531 594 593
1126 2 2 0 1 533 595 532
1127 2 2 0 1 532 595 594
1128 2 2 0 1 534 596 533
1129 2 2 0 1 533 596 595
1130 2 2 0 1 538 597 534
1131 2 2 0 1 534 597 596
1132 2 2 0 1 535 598 536
1133 2 2 0 1 591 598 535
1134 2 2 0 1 536 598 537
1135 2 2 0 1 537 599 540
1136 2 2 0 1 598 599 537
1137 2 2 0 1 539 600 538
1138 2 2 0 1 538 600 597
1139 2 2 0 1 554 601 539
1140 2 2 0 1 539 601 600
1141 2 2 0 1 540 599 541
1142 2 2 0 1 541 602 542
1143 2 2 0 1 599 602 541
1144 2 2 0 1 542 603 543
1145 2 2 0 1 602 603 542
1146 2 2 0 1 543 605 544
1147 2 2 0 1 603 604 543
1148 2 2 0 1 604 605 543
1149 2 2 0 1 544 607 545
1150 2 2 0 1 605 606 544
1151 2 2 0 1 606 607 544
1152 2 2 0 1 545 608 546
1153 2 2 0 1 607 608 545
1154 2 2 0 1 546 608 547
1155 2 2 0 1 547 610 548
1156 2 2 0 1 608 609 547
1157 2 2 0 1 609 610 547
1158 2 2 0 1 548 611 549
1159 2 2 0 1 610 611 548
1160 2 2 0 1 549 611 562
1161 2 2 0 1 551 613 550
1162 2 2 0 1 550 612 554
1163 2 2 0 1 550 613 612
1164 2 2 0 1 552 614 551
1165 2 2 0 1 551 614 613
1166 2 2 0 1 553 615 552
1167 2 2 0 1 552 615 614
1168 2 2 0 1 561 616 553
1169 2 2 0 1 553 616 615
1170 2 2 0 1 554 617 601
1171 2 2 0 1 612 617 554
1172 2 2 0 1 555 563 556
1173 2 2 0 1 556 618 557
1174 2 2 0 1 563 619 556
1175 2 2 0 1 556 619 618
1176 2 2 0 1 557 620 558
1177 2 2 0 1 618 620 557
1178 2 2 0 1 558 622 559
1179 2 2 0 1 620 621 558
1180 2 2 0 1 621 622 558
1181 2 2 0 1 559 623 560
1182 2 2 0 1 622 623 559
1183 2 2 0 1 560 624 561
1184 2 2 0 1 623 624 560
1185 2 2 0 1 561 624 616
1186 2 2 0 1 562 626 563
1187 2 2 0 1 611 625 562
1188 2 2 0 1 625 626 562
1189 2 2 0 1 563 626 619
1190 2 2 0 1 565 627 564
1191 2 2 0 1 564 628 567
1192 2 2 0 1 627 628 564
1193 2 2 0 1 566 629 565
1194 2 2 0 1 565 629 627
1195 2 2 0 1 568 630 566
1196 2 2 0 1 566 630 629
1197 2 2 0 1 567 631 570
1198 2 2 0 1 628 631 567
1199 2 2 0 1 584 630 568
1200 2 2 0 1 572 632 569
1201 2 2 0 1 569 632 583
1202 2 2 0 1 570 633 588
1203 2 2 0 1 631 633 570
1204 2 2 0 1 571 635 572
1205 2 2 0 1 573 634 571
1206 2 2 0 1 634 635 571
1207 2 2 0 1 572 635 632
1208 2 2 0 1 576 637 573
1209 2 2 0 1 573 636 634
1210 2 2 0 1 573 637 636
1211 2 2 0 1 574 638 575
1212 2 2 0 1 579 638 574
1213 2 2 0 1 575 639 576
1214 2 2 0 1 638 639 575
1215 2 2 0 1 576 640 637
1216 2 2 0 1 639 640 576
1217 2 2 0 1 577 641 578
1218 2 2 0 1 582 641 577
1219 2 2 0 1 578 642 579
1220 2 2 0 1 641 642 578
1221 2 2 0 1 579 643 638
1222 2 2 0 1 642 643 579
1223 2 2 0 1 580 645 581
1224 2 2 0 1 583 644 580
1225 2 2 0 1 644 645 580
1226 2 2 0 1 581 645 582
1227 2 2 0 1 582 646 641
1228 2 2 0 1 645 646 582
1229 2 2 0 1 632 644 583
1230 2 2 0 1 585 647 584
1231 2 2 0 1 584 647 630
1232 2 2 0 1 586 648 585
1233 2 2 0 1 585 648 647
1234 2 2 0 1 587 649 586
1235 2 2 0 1 586 649 648
1236 2 2 0 1 592 650 587
1237 2 2 0 1 587 650 649
1238 2 2 0 1 588 651 589
1239 2 2 0 1 633 651 588
1240 2 2 0 1 589 652 590
1241 2 2 0 1 651 652 589
1242 2 2 0 1 590 654 591
1243 2 2 0 1 652 653 590
1244 2 2 0 1 653 654 590
1245 2 2 0 1 591 655 598
1246 2 2 0 1 654 655 591
1247 2 2 0 1 593 657 592
1248 2 2 0 1 592 656 650
1249 2 2 0 1 592 657 656
1250 2 2 0 1 594 657 593
1251 2 2 0 1 595 658 594
1252 2 2 0 1 594 658 657
1253 2 2 0 1 596 659 595
1254 2 2 0 1 595 659 658
1255 2 2 0 1 597 660 596
1256 2 2 0 1 596 660 659
1257 2 2 0 1 600 661 597
1258 2 2 0 1 597 661 660
1259 2 2 0 1 598 655 599
1260 2 2 0 1 599 662 602
1261 2 2 0 1 655 662 599
1262 2 2 0 1 601 663 600
1263 2 2 0 1 600 663 661
1264 2 2 0 1 617 664 601
1265 2 2 0 1 601 664 663
1266 2 2 0 1 602 665 603
1267 2 2 0 1 662 665 602
1268 2 2 0 1 603 666 604
1269 2 2 0 1 665 666 603
1270 2 2 0 1 604 668 605
1271 2 2 0 1 666 667 604
1272 2 2 0 1 667 668 604
1273 2 2 0 1 605 669 606
1274 2 2 0 1 668 669 605
1275 2 2 0 1 606 670 607
1276 2 2 0 1 669 670 606
1277 2 2 0 1 607 671 608
1278 2 2 0 1 670 671 607
1279 2 2 0 1 608 671 609
1280 2 2 0 1 609 673 610
1281 2 2 0 1 671 672 609
1282 2 2 0 1 672 673 609
1283 2 2 0 1 610 674 611
1284 2 2 0 1 673 674 610
1285 2 2 0 1 611 674 625
1286 2 2 0 1 613 675 612
1287 2 2 0 1 612 675 617
1288 2 2 0 1 614 676 613
1289 2 2 0 1 613 676 675
1290 2 2 0 1 615 677 614
1291 2 2 0 1 614 677 676
1292 2 2 0 1 616 678 615
1293 2 2 0 1 615 678 677
1294 2 2 0 1 624 679 616
1295 2 2 0 1 616 679 678
1296 2 2 0 1 617 680 664
1297 2 2 0 1 675 680 617
1298 2 2 0 1 619 681 618
1299 2 2 0 1 618 682 620
1300 2 2 0 1 681 682 618
1301 2 2 0 1 626 683 619
1302 2 2 0 1 619 683 681
1303 2 2 0 1 620 684 621
1304 2 2 0 1 682 684 620
1305 2 2 0 1 621 686 622
1306 2 2 0 1 684 685 621
1307 2 2 0 1 685 686 621
1308 2 2 0 1 622 687 623
1309 2 2 0 1 686 687 622
1310 2 2 0 1 623 688 624
1311 2 2 0 1 687 688 623
1312 2 2 0 1 624 688 679
1313 2 2 0 1 625 690 626
1314 2 2 0 1 674 689 625
1315 2 2 0 1 689 690 625
1316 2 2 0 1 626 690 683
1317 2 2 0 1 627 691 628
1318 2 2 0 1 629 691 627
1319 2 2 0 1 628 692 631
1320 2 2 0 1 691 692 628
1321 2 2 0 1 630 693 629
1322 2 2 0 1 629 693 691
1323 2 2 0 1 647 693 630
1324 2 2 0 1 631 694 633
1325 2 2 0 1 692 694 631
1326 2 2 0 1 635 695 632
1327 2 2 0 1 632 695 644
1328 2 2 0 1 633 696 651
1329 2 2 0 1 694 696 633
1330 2 2 0 1 634 697 635
1331 2 2 0 1 636 697 634
1332 2 2 0 1 635 697 695
1333 2 2 0 1 637 698 636
1334 2 2 0 1 636 699 697
1335 2 2 0 1 698 699 636
1336 2 2 0 1 640 700 637
1337 2 2 0 1 637 700 698
1338 2 2 0 1 638 701 639
1339 2 2 0 1 643 701 638
1340 2 2 0 1 639 701 640
1341 2 2 0 1 640 702 700
1342 2 2 0 1 701 702 640
1343 2 2 0 1 641 703 642
1344 2 2 0 1 646 703 641
1345 2 2 0 1 642 704 643
1346 2 2 0 1 703 704 642
1347 2 2 0 1 643 705 701
1348 2 2 0 1 704 706 643
1349 2 2 0 1 643 706 705
1350 2 2 0 1 644 708 645
1351 2 2 0 1 695 707 644
1352 2 2 0 1 707 708 644
1353 2 2 0 1 645 708 646
1354 2 2 0 1 646 709 703
1355 2 2 0 1 708 709 646
1356 2 2 0 1 648 711 647
1357 2 2 0 1 647 710 693
1358 2 2 0 1 647 711 710
1359 2 2 0 1 649 712 648
1360 2 2 0 1 648 712 711
1361 2 2 0 1 650 713 649
1362 2 2 0 1 649 713 712
1363 2 2 0 1 656 714 650
1364 2 2 0 1 650 714 713
1365 2 2 0 1 651 715 652
1366 2 2 0 1 696 715 651
1367 2 2 0 1 652 716 653
1368 2 2 0 1 715 716 652
1369 2 2 0 1 653 718 654
1370 2 2 0 1 716 717 653
1371 2 2 0 1 717 718 653
1372 2 2 0 1 654 718 655
1373 2 2 0 1 655 718 662
1374 2 2 0 1 657 720 656
1375 2 2 0 1 656 719 714
1376 2 2 0 1 656 720 719
1377 2 2 0 1 658 720 657
1378 2 2 0 1 659 721 658
1379 2 2 0 1 658 721 720
1380 2 2 0 1 660 723 659
1381 2 2 0 1 659 722 721
1382 2 2 0 1 659 723 722
1383 2 2 0 1 661 724 660
1384 2 2 0 1 660 724 723
1385 2 2 0 1 663 725 661
1386 2 2 0 1 661 725 724
1387 2 2 0 1 662 726 665
1388 2 2 0 1 718 726 662
1389 2 2 0 1 664 727 663
1390 2 2 0 1 663 727 725
1391 2 2 0 1 680 727 664
1392 2 2 0 1 665 728 666
1393 2 2 0 1 726 728 665
1394 2 2 0 1 666 729 667
1395 2 2 0 1 728 729 666
1396 2 2 0 1 667 730 668
1397 2 2 0 1 729 731 667
1398 2 2 0 1 667 731 730
1399 2 2 0 1 668 732 669
1400 2 2 0 1 730 732 668
1401 2 2 0 1 669 733 670
1402 2 2 0 1 732 733 669
1403 2 2 0 1 670 734 671
1404 2 2 0 1 733 734 670
1405 2 2 0 1 671 734 672
1406 2 2 0 1 672 736 673
1407 2 2 0 1 734 735 672
1408 2 2 0 1 735 736 672
1409 2 2 0 1 673 737 674
1410 2 2 0 1 736 737 673
1411 2 2 0 1 674 738 689
1412 2 2 0 1 737 738 674
1413 2 2 0 1 676 739 675
1414 2 2 0 1 675 739 680
1415 2 2 0 1 677 740 676
1416 2 2 0 1 676 740 739
1417 2 2 0 1 678 741 677
1418 2 2 0 1 677 741 740
1419 2 2 0 1 679 742 678
1420 2 2 0 1 678 742 741
1421 2 2 0 1 688 742 679
1422 2 2 0 1 680 743 727
1423 2 2 0 1 739 743 680
1424 2 2 0 1 681 744 682
1425 2 2 0 1 683 745 681
1426 2 2 0 1 681 745 744
1427 2 2 0 1 682 746 684
1428 2 2 0 1 744 746 682
1429 2 2 0 1 690 747 683
1430 2 2 0 1 683 747 745
1431 2 2 0 1 684 748 685
1432 2 2 0 1 746 748 684
1433 2 2 0 1 685 750 686
1434 2 2 0 1 748 749 685
1435 2 2 0 1 749 750 685
1436 2 2 0 1 686 751 687
1437 2 2 0 1 750 751 686
1438 2 2 0 1 687 752 688
1439 2 2 0 1 751 752 687
1440 2 2 0 1 688 752 742
1441 2 2 0 1 689 753 690
1442 2 2 0 1 738 754 689
1443 2 2 0 1 689 754 753
1444 2 2 0 1 690 753 747
1445 2 2 0 1 691 755 692
1446 2 2 0 1 693 755 691
1447 2 2 0 1 692 756 694
1448 2 2 0 1 755 756 692
1449 2 2 0 1 710 755 693
1450 2 2 0 1 694 757 696
1451 2 2 0 1 756 757 694
1452 2 2 0 1 697 758 695
1453 2 2 0 1 695 758 707
1454 2 2 0 1 696 759 715
1455 2 2 0 1 757 759 696
1456 2 2 0 1 699 758 697
1457 2 2 0 1 698 761 699
1458 2 2 0 1 700 760 698
1459 2 2 0 1 760 761 698
1460 2 2 0 1 699 762 758
1461 2 2 0 1 761 762 699
1462 2 2 0 1 702 763 700
1463 2 2 0 1 700 763 760
1464 2 2 0 1 701 705 702
1465 2 2 0 1 705 764 702
1466 2 2 0 1 702 764 763
1467 2 2 0 1 703 765 704
1468 2 2 0 1 709 765 703
1469 2 2 0 1 704 766 706
1470 2 2 0 1 765 766 704
1471 2 2 0 1 706 767 705
1472 2 2 0 1 705 767 764
1473 2 2 0 1 766 769 706
1474 2 2 0 1 706 768 767
1475 2 2 0 1 706 769 768
1476 2 2 0 1 707 771 708
1477 2 2 0 1 758 770 707
1478 2 2 0 1 770 771 707
1479 2 2 0 1 708 771 709
1480 2 2 0 1 709 772 765
1481 2 2 0 1 771 772 709
1482 2 2 0 1 711 773 710
1483 2 2 0 1 710 773 755
1484 2 2 0 1 712 774 711
1485 2 2 0 1 711 774 773
1486 2 2 0 1 713 775 712
1487 2 2 0 1 712 775 774
1488 2 2 0 1 714 776 713
1489 2 2 0 1 713 776 775
1490 2 2 0 1 719 777 714
1491 2 2 0 1 714 777 776
1492 2 2 0 1 715 778 716
1493 2 2 0 1 759 778 715
1494 2 2 0 1 716 779 717
1495 2 2 0 1 778 779 716
1496 2 2 0 1 717 781 718
1497 2 2 0 1 779 780 717
1498 2 2 0 1 780 781 717
1499 2 2 0 1 718 781 726
1500 2 2 0 1 720 783 719
1501 2 2 0 1 719 782 777
1502 2 2 0 1 719 783 782
1503 2 2 0 1 721 783 720
1504 2 2 0 1 722 784 721
1505 2 2 0 1 721 784 783
1506 2 2 0 1 723 785 722
1507 2 2 0 1 722 785 784
1508 2 2 0 1 724 786 723
1509 2 2 0 1 723 786 785
1510 2 2 0 1 725 786 724
1511 2 2 0 1 727 787 725
1512 2 2 0 1 725 787 786
1513 2 2 0 1 726 788 728
1514 2 2 0 1 781 788 726
1515 2 2 0 1 743 787 727
1516 2 2 0 1 728 789 729
1517 2 2 0 1 788 789 728
1518 2 2 0 1 729 790 731
1519 2 2 0 1 789 790 729
1520 2 2 0 1 731 791 730
1521 2 2 0 1 730 792 732
1522 2 2 0 1 791 792 730
1523 2 2 0 1 790 793 731
1524 2 2 0 1 731 793 791
1525 2 2 0 1 732 794 733
1526 2 2 0 1 792 794 732
1527 2 2 0 1 733 795 734
1528 2 2 0 1 794 795 733
1529 2 2 0 1 734 795 735
1530 2 2 0 1 735 797 736
1531 2 2 0 1 795 796 735
1532 2 2 0 1 796 797 735
1533 2 2 0 1 736 798 737
1534 2 2 0 1 797 798 736
1535 2 2 0 1 737 799 738
1536 2 2 0 1 798 799 737
1537 2 2 0 1 738 799 754
1538 2 2 0 1 740 800 739
1539 2 2 0 1 739 800 743
1540 2 2 0 1 741 801 740
1541 2 2 0 1 740 801 800
1542 2 2 0 1 742 802 741
1543 2 2 0 1 741 802 801
1544 2 2 0 1 752 802 742
1545 2 2 0 1 743 803 787
1546 2 2 0 1 800 803 743
1547 2 2 0 1 745 804 744
1548 2 2 0 1 744 805 746
1549 2 2 0 1 804 805 744
1550 2 2 0 1 747 806 745
1551 2 2 0 1 745 806 804
1552 2 2 0 1 746 807 748
1553 2 2 0 1 805 807 746
1554 2 2 0 1 753 808 747
1555 2 2 0 1 747 808 806
1556 2 2 0 1 748 809 749
1557 2 2 0 1 807 809 748
1558 2 2 0 1 749 811 750
1559 2 2 0 1 809 810 749
1560 2 2 0 1 810 811 749
1561 2 2 0 1 750 812 751
1562 2 2 0 1 811 812 750
1563 2 2 0 1 751 813 752
1564 2 2 0 1 812 813 751
1565 2 2 0 1 752 813 802
1566 2 2 0 1 754 814 753
1567 2 2 0 1 753 814 808
1568 2 2 0 1 799 815 754
1569 2 2 0 1 754 815 814
1570 2 2 0 1 755 816 756
1571 2 2 0 1 773 816 755
1572 2 2 0 1 756 817 757
1573 2 2 0 1 816 817 756
1574 2 2 0 1 757 818 759
1575 2 2 0 1 817 818 757
1576 2 2 0 1 762 819 758
1577 2 2 0 1 758 819 770
1578 2 2 0 1 759 818 778
1579 2 2 0 1 760 821 761
1580 2 2 0 1 763 820 760
1581 2 2 0 1 820 821 760
1582 2 2 0 1 761 823 762
1583 2 2 0 1 821 822 761
1584 2 2 0 1 822 823 761
1585 2 2 0 1 762 824 819
1586 2 2 0 1 823 824 762
1587 2 2 0 1 764 825 763
1588 2 2 0 1 763 825 820
1589 2 2 0 1 767 826 764
1590 2 2 0 1 764 826 825
1591 2 2 0 1 765 827 766
1592 2 2 0 1 772 827 765
1593 2 2 0 1 766 827 769
1594 2 2 0 1 768 828 767
1595 2 2 0 1 767 828 826
1596 2 2 0 1 769 829 768
1597 2 2 0 1 768 829 828
1598 2 2 0 1 827 830 769
1599 2 2 0 1 769 830 829
1600 2 2 0 1 770 832 771
1601 2 2 0 1 819 831 770
1602 2 2 0 1 831 832 770
1603 2 2 0 1 771 832 772
1604 2 2 0 1 772 833 827
1605 2 2 0 1 832 833 772
1606 2 2 0 1 774 834 773
1607 2 2 0 1 773 834 816
1608 2 2 0 1 775 835 774
1609 2 2 0 1 774 835 834
1610 2 2 0 1 776 836 775
1611 2 2 0 1 775 836 835
1612 2 2 0 1 777 837 776
1613 2 2 0 1 776 837 836
1614 2 2 0 1 782 839 777
1615 2 2 0 1 777 838 837
1616 2 2 0 1 777 839 838
1617 2 2 0 1 778 841 779
1618 2 2 0 1 818 840 778
1619 2 2 0 1 840 841 778
1620 2 2 0 1 779 842 780
1621 2 2 0 1 841 842 779
1622 2 2 0 1 780 788 781
1623 2 2 0 1 780 843 788
1624 2 2 0 1 842 843 780
1625 2 2 0 1 783 844 782
1626 2 2 0 1 782 845 839
1627 2 2 0 1 844 845 782
1628 2 2 0 1 784 844 783
1629 2 2 0 1 785 846 784
1630 2 2 0 1 784 846 844
1631 2 2 0 1 786 847 785
1632 2 2 0 1 785 847 846
1633 2 2 0 1 787 847 786
1634 2 2 0 1 803 847 787
1635 2 2 0 1 788 848 789
1636 2 2 0 1 843 848 788
1637 2 2 0 1 789 848 790
1638 2 2 0 1 790 849 793
1639 2 2 0 1 848 850 790
1640 2 2 0 1 790 850 849
1641 2 2 0 1 791 852 792
1642 2 2 0 1 793 851 791
1643 2 2 0 1 851 852 791
1644 2 2 0 1 792 853 794
1645 2 2 0 1 852 853 792
1646 2 2 0 1 849 854 793
1647 2 2 0 1 793 854 851
1648 2 2 0 1 794 855 795
1649 2 2 0 1 853 855 794
1650 2 2 0 1 795 855 796
1651 2 2 0 1 796 857 797
1652 2 2 0 1 855 856 796
1653 2 2 0 1 856 857 796
1654 2 2 0 1 797 858 798
1655 2 2 0 1 857 858 797
1656 2 2 0 1 798 815 799
1657 2 2 0 1 798 859 815
1658 2 2 0 1 858 859 798
1659 2 2 0 1 801 860 800
1660 2 2 0 1 800 860 803
1661 2 2 0 1 802 861 801
1662 2 2 0 1 801 861 860
1663 2 2 0 1 813 861 802
1664 2 2 0 1 803 862 847
1665 2 2 0 1 860 862 803
1666 2 2 0 1 804 863 805
1667 2 2 0 1 806 864 804
1668 2 2 0 1 804 865 863
1669 2 2 0 1 864 865 804
1670 2 2 0 1 805 866 807
1671 2 2 0 1 863 866 805
1672 2 2 0 1 808 867 806
1673 2 2 0 1 806 867 864
1674 2 2 0 1 807 868 809
1675 2 2 0 1 866 868 807
1676 2 2 0 1 814 869 808
1677 2 2 0 1 808 869 867
1678 2 2 0 1 809 870 810
1679 2 2 0 1 868 870 809
1680 2 2 0 1 810 872 811
1681 2 2 0 1 870 871 810
1682 2 2 0 1 871 872 810
1683 2 2 0 1 811 873 812
1684 2 2 0 1 872 873 811
1685 2 2 0 1 812 874 813
1686 2 2 0 1 873 874 812
1687 2 2 0 1 813 874 861
1688 2 2 0 1 815 875 814
1689 2 2 0 1 814 875 869
1690 2 2 0 1 859 875 815
1691 2 2 0 1 816 876 817
1692 2 2 0 1 834 876 816
1693 2 2 0 1 817 877 818
1694 2 2 0 1 876 877 817
1695 2 2 0 1 818 877 840
1696 2 2 0 1 824 831 819
1697 2 2 0 1 820 878 821
1698 2 2 0 1 825 879 820
1699 2 2 0 1 820 879 878
1700 2 2 0 1 821 880 822
1701 2 2 0 1 878 880 821
1702 2 2 0 1 822 881 823
1703 2 2 0 1 880 881 822
1704 2 2 0 1 823 882 824
1705 2 2 0 1 881 882 823
1706 2 2 0 1 824 884 831
1707 2 2 0 1 882 883 824
1708 2 2 0 1 883 884 824
1709 2 2 0 1 826 885 825
1710 2 2 0 1 825 885 879
1711 2 2 0 1 828 886 826
1712 2 2 0 1 826 886 885
1713 2 2 0 1 827 833 830
1714 2 2 0 1 829 887 828
1715 2 2 0 1 828 887 886
1716 2 2 0 1 830 888 829
1717 2 2 0 1 829 888 887
1718 2 2 0 1 833 889 830
1719 2 2 0 1 830 889 888
1720 2 2 0 1 831 890 832
1721 2 2 0 1 884 890 831
1722 2 2 0 1 832 890 833
1723 2 2 0 1 833 890 889
1724 2 2 0 1 835 891 834
1725 2 2 0 1 834 891 876
1726 2 2 0 1 836 892 835
1727 2 2 0 1 835 892 891
1728 2 2 0 1 837 893 836
1729 2 2 0 1 836 893 892
1730 2 2 0 1 838 894 837
1731 2 2 0 1 837 894 893
1732 2 2 0 1 839 895 838
1733 2 2 0 1 838 895 894
1734 2 2 0 1 845 896 839
1735 2 2 0 1 839 896 895
1736 2 2 0 1 840 898 841
1737 2 2 0 1 877 897 840
1738 2 2 0 1 897 898 840
1739 2 2 0 1 841 899 842
1740 2 2 0 1 898 899 841
1741 2 2 0 1 842 901 843
1742 2 2 0 1 899 900 842
1743 2 2 0 1 900 901 842
1744 2 2 0 1 843 850 848
1745 2 2 0 1 843 901 850
1746 2 2 0 1 844 902 845
1747 2 2 0 1 846 902 844
1748 2 2 0 1 845 903 896
1749 2 2 0 1 902 903 845
1750 2 2 0 1 847 862 846
1751 2 2 0 1 862 902 846
1752 2 2 0 1 850 904 849
1753 2 2 0 1 849 905 854
1754 2 2 0 1 904 905 849
1755 2 2 0 1 901 904 850
1756 2 2 0 1 851 908 852
1757 2 2 0 1 854 906 851
1758 2 2 0 1 906 907 851
1759 2 2 0 1 907 908 851
1760 2 2 0 1 852 909 853
1761 2 2 0 1 908 909 852
1762 2 2 0 1 853 910 855
1763 2 2 0 1 909 910 853
1764 2 2 0 1 905 911 854
1765 2 2 0 1 854 911 906
1766 2 2 0 1 855 912 856
1767 2 2 0 1 910 912 855
1768 2 2 0 1 856 915 857
1769 2 2 0 1 912 913 856
1770 2 2 0 1 913 914 856
1771 2 2 0 1 914 915 856
1772 2 2 0 1 857 917 858
1773 2 2 0 1 915 916 857
1774 2 2 0 1 916 917 857
1775 2 2 0 1 858 918 859
1776 2 2 0 1 917 918 858
1777 2 2 0 1 859 919 875
1778 2 2 0 1 918 919 859
1779 2 2 0 1 861 920 860
1780 2 2 0 1 860 920 862
1781 2 2 0 1 874 920 861
1782 2 2 0 1 862 920 902
1783 2 2 0 1 865 922 863
1784 2 2 0 1 863 921 866
1785 2 2 0 1 863 922 921
1786 2 2 0 1 864 924 865
1787 2 2 0 1 867 923 864
1788 2 2 0 1 923 924 864
1789 2 2 0 1 865 925 922
1790 2 2 0 1 924 925 865
1791 2 2 0 1 866 926 868
1792 2 2 0 1 921 926 866
1793 2 2 0 1 869 927 867
1794 2 2 0 1 867 927 923
1795 2 2 0 1 868 928 870
1796 2 2 0 1 926 929 868
1797 2 2 0 1 868 929 928
1798 2 2 0 1 875 930 869
1799 2 2 0 1 869 930 927
1800 2 2 0 1 870 931 871
1801 2 2 0 1 928 931 870
1802 2 2 0 1 871 895 872
1803 2 2 0 1 871 931 895
1804 2 2 0 1 872 896 873
1805 2 2 0 1 895 896 872
1806 2 2 0 1 873 903 874
1807 2 2 0 1 896 903 873
1808 2 2 0 1 903 920 874
1809 2 2 0 1 919 930 875
1810 2 2 0 1 876 932 877
1811 2 2 0 1 891 932 876
1812 2 2 0 1 877 932 897
1813 2 2 0 1 879 934 878
1814 2 2 0 1 878 933 880
1815 2 2 0 1 878 934 933
1816 2 2 0 1 885 935 879
1817 2 2 0 1 879 935 934
1818 2 2 0 1 880 936 881
1819 2 2 0 1 933 936 880
1820 2 2 0 1 881 937 882
1821 2 2 0 1 936 937 881
1822 2 2 0 1 882 938 883
1823 2 2 0 1 937 938 882
1824 2 2 0 1 883 939 884
1825 2 2 0 1 938 939 883
1826 2 2 0 1 884 940 890
1827 2 2 0 1 939 940 884
1828 2 2 0 1 886 941 885
1829 2 2 0 1 885 941 935
1830 2 2 0 1 887 942 886
1831 2 2 0 1 886 943 941
1832 2 2 0 1 942 943 886
1833 2 2 0 1 888 944 887
1834 2 2 0 1 887 944 942
1835 2 2 0 1 889 945 888
1836 2 2 0 1 888 945 944
1837 2 2 0 1 890 940 889
1838 2 2 0 1 940 945 889
1839 2 2 0 1 892 946 891
1840 2 2 0 1 891 946 932
1841 2 2 0 1 893 947 892
1842 2 2 0 1 892 947 946
1843 2 2 0 1 894 948 893
1844 2 2 0 1 893 948 947
1845 2 2 0 1 895 931 894
1846 2 2 0 1 931 948 894
1847 2 2 0 1 897 950 898
1848 2 2 0 1 932 949 897
1849 2 2 0 1 949 950 897
1850 2 2 0 1 898 951 899
1851 2 2 0 1 950 951 898
1852 2 2 0 1 899 951 900
1853 2 2 0 1 900 925 901
1854 2 2 0 1 922 925 900
1855 2 2 0 1 900 951 922
1856 2 2 0 1 901 925 904
1857 2 2 0 1 902 920 903
1858 2 2 0 1 904 924 905
1859 2 2 0 1 904 925 924
1860 2 2 0 1 905 923 911
1861 2 2 0 1 905 924 923
1862 2 2 0 1 906 952 907
1863 2 2 0 1 911 952 906
1864 2 2 0 1 907 955 908
1865 2 2 0 1 952 953 907
1866 2 2 0 1 953 954 907
1867 2 2 0 1 954 955 907
1868 2 2 0 1 908 956 909
1869 2 2 0 1 955 956 908
1870 2 2 0 1 909 957 910
1871 2 2 0 1 956 957 909
1872 2 2 0 1 910 958 912
1873 2 2 0 1 957 958 910
1874 2 2 0 1 923 927 911
1875 2 2 0 1 927 930 911
1876 2 2 0 1 930 952 911
1877 2 2 0 1 912 958 913
1878 2 2 0 1 913 960 914
1879 2 2 0 1 958 959 913
1880 2 2 0 1 959 960 913
1881 2 2 0 1 914 962 915
1882 2 2 0 1 960 961 914
1883 2 2 0 1 961 962 914
1884 2 2 0 1 915 962 916
1885 2 2 0 1 916 964 917
1886 2 2 0 1 962 963 916
1887 2 2 0 1 963 964 916
1888 2 2 0 1 917 965 918
1889 2 2 0 1 964 965 917
1890 2 2 0 1 918 966 919
1891 2 2 0 1 965 966 918
1892 2 2 0 1 919 952 930
1893 2 2 0 1 919 953 952
1894 2 2 0 1 919 966 953
1895 2 2 0 1 922 951 921
1896 2 2 0 1 921 951 926
1897 2 2 0 1 926 950 929
1898 2 2 0 1 926 951 950
1899 2 2 0 1 929 967 928
1900 2 2 0 1 928 948 931
1901 2 2 0 1 928 967 948
1902 2 2 0 1 929 950 949
1903 2 2 0 1 949 967 929
1904 2 2 0 1 946 949 932
1905 2 2 0 1 934 969 933
1906 2 2 0 1 933 968 936
1907 2 2 0 1 933 969 968
1908 2 2 0 1 935 970 934
1909 2 2 0 1 934 970 969
1910 2 2 0 1 941 971 935
1911 2 2 0 1 935 971 970
1912 2 2 0 1 936 972 937
1913 2 2 0 1 968 972 936
1914 2 2 0 1 937 973 938
1915 2 2 0 1 972 973 937
1916 2 2 0 1 938 975 939
1917 2 2 0 1 973 974 938
1918 2 2 0 1 974 975 938
1919 2 2 0 1 939 976 940
1920 2 2 0 1 975 976 939
1921 2 2 0 1 940 976 945
1922 2 2 0 1 943 971 941
1923 2 2 0 1 942 977 943
1924 2 2 0 1 944 977 942
1925 2 2 0 1 943 978 971
1926 2 2 0 1 977 978 943
1927 2 2 0 1 945 980 944
1928 2 2 0 1 944 979 977
1929 2 2 0 1 944 980 979
1930 2 2 0 1 976 980 945
1931 2 2 0 1 947 967 946
1932 2 2 0 1 946 967 949
1933 2 2 0 1 948 967 947
1934 2 2 0 1 953 981 954
1935 2 2 0 1 966 981 953
1936 2 2 0 1 954 983 955
1937 2 2 0 1 981 982 954
1938 2 2 0 1 982 983 954
1939 2 2 0 1 955 984 956
1940 2 2 0 1 983 984 955
1941 2 2 0 1 956 985 957
1942 2 2 0 1 984 985 956
1943 2 2 0 1 957 986 958
1944 2 2 0 1 985 986 957
1945 2 2 0 1 958 986 959
1946 2 2 0 1 959 970 960
1947 2 2 0 1 969 970 959
1948 2 2 0 1 959 986 969
1949 2 2 0 1 960 971 961
1950 2 2 0 1 970 971 960
1951 2 2 0 1 961 987 962
1952 2 2 0 1 971 978 961
1953 2 2 0 1 978 987 961
1954 2 2 0 1 962 987 963
1955 2 2 0 1 963 988 964
1956 2 2 0 1 987 989 963
1957 2 2 0 1 963 989 988
1958 2 2 0 1 964 988 965
1959 2 2 0 1 965 991 966
1960 2 2 0 1 988 990 965
1961 2 2 0 1 990 991 965
1962 2 2 0 1 966 991 981
1963 2 2 0 1 969 986 968
1964 2 2 0 1 968 992 972
1965 2 2 0 1 968 986 985
1966 2 2 0 1 985 992 968
1967 2 2 0 1 972 993 973
1968 2 2 0 1 992 993 972
1969 2 2 0 1 973 994 974
1970 2 2 0 1 993 994 973
1971 2 2 0 1 974 996 975
1972 2 2 0 1 994 995 974
1973 2 2 0 1 995 996 974
1974 2 2 0 1 975 996 976
1975 2 2 0 1 976 997 980
1976 2 2 0 1 996 997 976
1977 2 2 0 1 977 987 978
1978 2 2 0 1 979 989 977
1979 2 2 0 1 977 989 987
1980 2 2 0 1 980 997 979
1981 2 2 0 1 979 998 989
1982 2 2 0 1 997 998 979
1983 2 2 0 1 981 999 982
1984 2 2 0 1 991 999 981
1985 2 2 0 1 982 994 983
1986 2 2 0 1 982 995 994
1987 2 2 0 1 982 999 995
1988 2 2 0 1 983 993 984
1989 2 2 0 1 983 994 993
1990 2 2 0 1 984 992 985
1991 2 2 0 1 984 993 992
1992 2 2 0 1 989 998 988
1993 2 2 0 1 988 998 990
1994 2 2 0 1 990 999 991
1995 2 2 0 1 998 1000 990
1996 2 2 0 1 990 1000 999
1997 2 2 0 1 995 1000 996
1998 2 2 0 1 999 1000 995
1999 2 2 0 1 996 1000 997
2000 2 2 0 1 997 1000 998
2001 4 2 0 1 558 1201 1179 1391
2002 4 2 0 1 1080 1165 1036 1322
2003 4 2 0 1 496 1237 1279 1405
2004 4 2 0 1 1082 1286 1394 1285
2005 4 2 0 1 769 1108 1307 1403
2006 4 2 0 1 732 1776 669 733
2007 4 2 0 1 1545 1403 1108 1168
2008 4 2 0 1 702 1130 1141 1445
2009 4 2 0 1 6 1125 1235 1368
2010 4 2 0 1 1385 942 887 1765
2011 4 2 0 1 1796 952 953 1779
2012 4 2 0 1 334 1100 1252 1306
2013 4 2 0 1 769 1168 1108 1403
2014 4 2 0 1 1796 952 1779 930
2015 4 2 0 1 1052 1243 1244 1135
2016 4 2 0 1 1085 1010 1234 1313
2017 4 2 0 1 1082 1286 1285 1116
2018 4 2 0 1 1004 1242 1149 1384
2019 4 2 0 1 1114 1025 1174 1425
2020 4 2 0 1 1162 310 1378 1458
2021 4 2 0 1 1114 1025 1425 1468
2022 4 2 0 1 1242 1360 1149 1384
2023 4 2 0 1 650 1208 1387 1147
2024 4 2 0 1 1022 1179 1092 1194
2025 4 2 0 1 1325 1235 3 1125
2026 4 2 0 1 1237 1405 496 1472
2027 4 2 0 1 953 1768 919 952
2028 4 2 0 1 656 1147 1387 1160
2029 4 2 0 1 1024 1218 1133 1614
2030 4 2 0 1 1078 1191 1145 1013
2031 4 2 0 1 1108 1054 1307 1403
2032 4 2 0 1 1110 1282 11 1623
2033 4 2 0 1 1115 1475 1289 1732
2034 4 2 0 1 1109 1220 1492 1748
2035 4 2 0 1 1085 1234 1137 1313
2036 4 2 0 1 669 1776 732 958
2037 4 2 0 1 230 1228 1175 1328
2038 4 2 0 1 1024 1492 1220 1748
2039 4 2 0 1 1074 1270 1202 1669
2040 4 2 0 1 439 1107 1246 1664
2041 4 2 0 1 983 854 984 1575
2042 4 2 0 1 1234 1313 1010 1544
2043 4 2 0 1 1202 1074 1669 1749
2044 4 2 0 1 1181 1221 636 1568
2045 4 2 0 1 498 1092 1279 1466
2046 4 2 0 1 1187 1188 221 1609
2047 4 2 0 1 667 986 1574 1589
2048 4 2 0 1 1264 1341 1265 1119
2049 4 2 0 1 1111 1341 484 1385
2050 4 2 0 1 415 1414 1072 1559
2051 4 2 0 1 1338 1406 1029 1472
2052 4 2 0 1 790 992 1422 1574
2053 4 2 0 1 1768 1796 953 981
2054 4 2 0 1 1396 1664 1305 1142
2055 4 2 0 1 1124 1019 1272 1431
2056 4 2 0 1 1108 1168 830 1571
2057 4 2 0 1 1664 1233 1396 1305
2058 4 2 0 1 1074 1406 1338 1472
2059 4 2 0 1 1396 1664 1142 1246
2060 4 2 0 1 1235 1748 1492 1474
2061 4 2 0 1 797 1784 736 798
2062 4 2 0 1 483 1341 1111 1350
2063 4 2 0 1 1022 1179 1194 1678
2064 4 2 0 1 1019 1305 1272 1431
2065 4 2 0 1 1083 1694 1333 1696
2066 4 2 0 1 1011 1137 1085 1412
2067 4 2 0 1 1137 1313 1234 1544
2068 4 2 0 1 1768 1796 869 930
2069 4 2 0 1 6 1368 1235 1377
2070 4 2 0 1 70 1106 1319 1470
2071 4 2 0 1 13 1235 1109 1492
2072 4 2 0 1 1162 1458 1039 1754
2073 4 2 0 1 1151 1146 1652 514
2074 4 2 0 1 1072 1351 415 1559
2075 4 2 0 1 1528 1343 1375 1147
2076 4 2 0 1 1020 1565 1239 1714
2077 4 2 0 1 1664 1396 1233 1107
2078 4 2 0 1 1090 1247 1309 1216
2079 4 2 0 1 1082 1286 1116 1583
2080 4 2 0 1 1090 1247 1216 1289
2081 4 2 0 1 1112 1339 1291 1553
2082 4 2 0 1 1097 1256 1096 1469
2083 4 2 0 1 1343 1723 1147 1701
2084 4 2 0 1 1025 1049 1266 1395
2085 4 2 0 1 969 1574 986 1589
2086 4 2 0 1 1150 1350 1111 1549
2087 4 2 0 1 1112 1372 1339 1553
2088 4 2 0 1 1076 1172 1134 1718
2089 4 2 0 1 1011 1412 1085 1649
2090 4 2 0 1 292 1131 1258 1301
2091 4 2 0 1 1057 1291 1339 1553
2092 4 2 0 1 1052 1149 1242 1672
2093 4 2 0 1 1024 1249 1218 1614
2094 4 2 0 1 1036 1165 1080 1479
2095 4 2 0 1 764 1141 1130 1549
2096 4 2 0 1 1671 1134 1342 1172
2097 4 2 0 1 1187 169 213 1188
2098 4 2 0 1 1181 1123 637 1652
2099 4 2 0 1 11 1282 1110 1381
2100 4 2 0 1 1343 1723 1701 1043
2101 4 2 0 1 1024 1133 1248 1614
2102 4 2 0 1 483 1350 1111 1370
2103 4 2 0 1 1210 1279 1092 1466
2104 4 2 0 1 1158 1344 949 1354
2105 4 2 0 1 1211 1466 1092 1631
2106 4 2 0 1 1478 1020 1714 1565
2107 4 2 0 1 1047 1096 1256 1469
2108 4 2 0 1 1050 1528 532 1413
2109 4 2 0 1 1165 1322 1080 1675
2110 4 2 0 1 63 1369 1223 1245
2111 4 2 0 1 1217 1420 1500 1677
2112 4 2 0 1 736 1784 1792 916
2113 4 2 0 1 764 702 1130 1141
2114 4 2 0 1 1149 1360 1242 1672
2115 4 2 0 1 611 1385 1765 942
2116 4 2 0 1 1060 1249 1302 1526
2117 4 2 0 1 1474 1492 1024 1748
2118 4 2 0 1 1151 1146 514 1628
2119 4 2 0 1 63 1369 1245 1729
2120 4 2 0 1 1109 1220 13 1492
2121 4 2 0 1 1238 1485 1325 1566
2122 4 2 0 1 1343 1433 1528 1199
2123 4 2 0 1 1068 1387 1140 1013
2124 4 2 0 1 1050 1375 532 1528
2125 4 2 0 1 1147 1160 1013 1387
2126 4 2 0 1 1110 1325 1238 1485
2127 4 2 0 1 637 1123 1229 1652
2128 4 2 0 1 1021 1122 1112 1516
2129 4 2 0 1 1092 1179 1022 1631
2130 4 2 0 1 301 1506 1373 1129
2131 4 2 0 1 1671 1134 1172 1718
2132 4 2 0 1 1166 1489 1095 1668
2133 4 2 0 1 1304 1202 1669 1749
2134 4 2 0 1 413 1462 1424 1646
2135 4 2 0 1 1637 771 832 1590
2136 4 2 0 1 803 1333 1268 1521
2137 4 2 0 1 1344 1564 1045 1719
2138 4 2 0 1 1044 1109 1294 1120
2139 4 2 0 1 1200 1045 1564 1719
2140 4 2 0 1 1111 1350 1150 1370
2141 4 2 0 1 1031 1103 1157 1335
2142 4 2 0 1 1019 1272 1155 1450
2143 4 2 0 1 1545 1403 1168 1579
2144 4 2 0 1 1060 1507 1249 1526
2145 4 2 0 1 1637 832 771 770
2146 4 2 0 1 1044 1109 1120 1238
2147 4 2 0 1 1343 1723 1043 1094
2148 4 2 0 1 1034 1350 1150 1549
2149 4 2 0 1 1019 1233 1102 1744
2150 4 2 0 1 1031 1103 1335 1282
2151 4 2 0 1 1186 1504 280 1522
2152 4 2 0 1 1127 1481 1122 1112
2153 4 2 0 1 1147 1013 1208 1387
2154 4 2 0 1 1274 1628 512 1146
2155 4 2 0 1 1777 1310 308 1261
2156 4 2 0 1 774 1467 1176 1476
2157 4 2 0 1 501 1142 1246 1500
2158 4 2 0 1 1051 1485 1238 1566
2159 4 2 0 1 443 448 1276 1342
2160 4 2 0 1 1068 1160 1387 1013
2161 4 2 0 1 1135 1243 1075 1471
2162 4 2 0 1 1243 1302 1075 1471
2163 4 2 0 1 872 1283 1152 1284
2164 4 2 0 1 1057 1339 1372 1553
2165 4 2 0 1 1145 1196 1042 1432
2166 4 2 0 1 1162 1265 310 1458
2167 4 2 0 1 651 1101 1197 1257
2168 4 2 0 1 126 1163 1438 1524
2169 4 2 0 1 1104 1264 1162 1429
2170 4 2 0 1 1006 1162 1264 1429
2171 4 2 0 1 1343 1723 1094 1147
2172 4 2 0 1 1076 1134 1536 1718
2173 4 2 0 1 1795 1794 909 957
2174 4 2 0 1 411 1424 1332 1558
2175 4 2 0 1 1116 1188 133 1729
2176 4 2 0 1 1155 1450 1272 1615
2177 4 2 0 1 1019 1155 1233 1744
2178 4 2 0 1 728 1178 1314 1337
2179 4 2 0 1 415 1351 1072 1611
2180 4 2 0 1 1202 1270 890 1669
2181 4 2 0 1 1166 642 1095 1449
2182 4 2 0 1 1016 1067 1565 1478
2183 4 2 0 1 1016 1067 1478 1320
2184 4 2 0 1 909 1794 1795 853
2185 4 2 0 1 769 830 1108 1168
2186 4 2 0 1 1274 1456 1365 1056
2187 4 2 0 1 1082 1286 1583 1394
2188 4 2 0 1 1100 1504 1186 1522
2189 4 2 0 1 1304 1202 1749 1665
2190 4 2 0 1 853 909 852 1795
2191 4 2 0 1 1050 532 1535 1413
2192 4 2 0 1 9 1325 1485 1566
2193 4 2 0 1 1162 1039 1458 1378
2194 4 2 0 1 1025 1049 1395 1240
2195 4 2 0 1 1042 1432 1196 1482
2196 4 2 0 1 1022 1330 1439 1631
2197 4 2 0 1 1540 1466 1211 499
2198 4 2 0 1 1034 1341 1264 1119
2199 4 2 0 1 1059 1512 1294 1526
2200 4 2 0 1 1480 1229 1062 1365
2201 4 2 0 1 501 1246 1142 1664
2202 4 2 0 1 1124 1272 1019 1070
2203 4 2 0 1 1034 1131 1119 1382
2204 4 2 0 1 1021 1516 1112 1555
2205 4 2 0 1 1096 1047 1256 1374
2206 4 2 0 1 1294 1512 1024 1526
2207 4 2 0 1 1050 532 1094 1535
2208 4 2 0 1 138 1175 1502 1657
2209 4 2 0 1 1031 1103 1282 1215
2210 4 2 0 1 1031 1103 1215 1157
2211 4 2 0 1 1181 637 1123 1568
2212 4 2 0 1 1080 1322 1036 1376
2213 4 2 0 1 1025 1297 1174 1395
2214 4 2 0 1 736 1784 737 798
2215 4 2 0 1 1455 1534 400 1280
2216 4 2 0 1 1093 1522 1186 1543
2217 4 2 0 1 1325 1235 1125 1109
2218 4 2 0 1 1024 1248 1133 1474
2219 4 2 0 1 1064 1174 1297 1395
2220 4 2 0 1 1593 1103 1335 1157
2221 4 2 0 1 1212 1291 1022 1339
2222 4 2 0 1 1540 1466 499 1207
2223 4 2 0 1 1092 1210 1021 1555
2224 4 2 0 1 1540 1466 1207 1339
2225 4 2 0 1 1202 1270 1081 1644
2226 4 2 0 1 1072 1414 415 1611
2227 4 2 0 1 1088 1161 1409 1309
2228 4 2 0 1 1187 169 1188 1509
2229 4 2 0 1 1054 1321 1262 1489
2230 4 2 0 1 1166 1095 642 1267
2231 4 2 0 1 1286 1175 229 1228
2232 4 2 0 1 963 736 916 1784
2233 4 2 0 1 1096 1047 1374 1474
2234 4 2 0 1 1059 1164 1294 1512
2235 4 2 0 1 274 1203 1187 1534
2236 4 2 0 1 1001 1145 1078 1191
2237 4 2 0 1 737 1784 963 798
2238 4 2 0 1 1021 1112 1122 1372
2239 4 2 0 1 634 1234 1137 1412
2240 4 2 0 1 1032 1544 1409 1073
2241 4 2 0 1 1016 1300 1161 1065
2242 4 2 0 1 70 1388 1319 1106
2243 4 2 0 1 838 1277 1152 1358
2244 4 2 0 1 1027 1085 1253 1634
2245 4 2 0 1 1146 514 1229 1652
2246 4 2 0 1 872 1152 1224 1284
2247 4 2 0 1 1029 1279 1237 1405
2248 4 2 0 1 1057 1291 1212 1339
2249 4 2 0 1 1109 1294 1220 1748
2250 4 2 0 1 1239 1383 1037 1565
2251 4 2 0 1 1176 1467 774 1612
2252 4 2 0 1 1038 1286 1175 1502
2253 4 2 0 1 1241 1253 1085 1634
2254 4 2 0 1 984 992 993 1575
2255 4 2 0 1 1424 1462 1113 1646
2256 4 2 0 1 1169 1178 878 1314
2257 4 2 0 1 1096 1256 1097 1269
2258 4 2 0 1 730 1794 732 792
2259 4 2 0 1 360 297 1129 1423
2260 4 2 0 1 1220 1294 1024 1748
2261 4 2 0 1 728 1314 1574 1337
2262 4 2 0 1 1013 1160 1147 1701
2263 4 2 0 1 1022 1211 1212 1339
2264 4 2 0 1 1211 1339 1092 1466
2265 4 2 0 1 1028 1343 1199 1433
2266 4 2 0 1 623 1439 1330 1631
2267 4 2 0 1 1114 1174 1025 1297
2268 4 2 0 1 1124 1430 1272 1070
2269 4 2 0 1 1366 1645 1317 1026
2270 4 2 0 1 1085 1436 1011 1649
2271 4 2 0 1 1313 1011 1085 1503
2272 4 2 0 1 443 1276 1107 1342
2273 4 2 0 1 1088 1213 1577 1630
2274 4 2 0 1 160 1097 1269 1402
2275 4 2 0 1 1538 1645 1510 1743
2276 4 2 0 1 516 579 578 1167
2277 4 2 0 1 1175 1038 1502 1657
2278 4 2 0 1 1671 1134 1718 520
2279 4 2 0 1 1122 1481 1553 1112
2280 4 2 0 1 907 1797 1790 955
2281 4 2 0 1 1019 1155 1272 1733
2282 4 2 0 1 1366 1645 1026 1066
2283 4 2 0 1 1104 1265 1264 1341
2284 4 2 0 1 1099 1279 367 1501
2285 4 2 0 1 1049 1266 1395 1007
2286 4 2 0 1 1092 1022 1211 1631
2287 4 2 0 1 1029 1405 1237 1472
2288 4 2 0 1 1784 1774 798 858
2289 4 2 0 1 439 1107 1664 1763
2290 4 2 0 1 1107 1551 1505 439
2291 4 2 0 1 1114 1425 1115 1468
2292 4 2 0 1 1471 1513 1135 1164
2293 4 2 0 1 1313 1011 1503 1441
2294 4 2 0 1 1103 1157 1156 1607
2295 4 2 0 1 1363 1267 1480 1105
2296 4 2 0 1 984 1797 955 1790
2297 4 2 0 1 1034 1264 1341 1104
2298 4 2 0 1 1138 1148 1033 1205
2299 4 2 0 1 634 571 1234 1412
2300 4 2 0 1 1056 1538 1510 1743
2301 4 2 0 1 1388 1502 1038 1657
2302 4 2 0 1 1097 161 1269 1256
2303 4 2 0 1 983 984 993 1575
2304 4 2 0 1 46 1282 1215 1319
2305 4 2 0 1 1045 1260 1476 1570
2306 4 2 0 1 1085 1011 1436 1503
2307 4 2 0 1 697 1137 634 1234
2308 4 2 0 1 1115 1425 1114 1475
2309 4 2 0 1 1354 1320 1144 1158
2310 4 2 0 1 847 1694 1696 1333
2311 4 2 0 1 253 1261 308 307
2312 4 2 0 1 963 736 1784 737
2313 4 2 0 1 1011 1151 1412 1649
2314 4 2 0 1 1026 1061 1645 1317
2315 4 2 0 1 1062 1251 1263 1670
2316 4 2 0 1 1108 830 1304 1571
2317 4 2 0 1 925 1329 1192 1577
2318 4 2 0 1 1261 308 370 1310
2319 4 2 0 1 1024 1249 1507 1526
2320 4 2 0 1 954 1797 983 1771
2321 4 2 0 1 1313 1011 1441 1137
2322 4 2 0 1 1021 1210 1092 1466
2323 4 2 0 1 340 1100 1306 1582
2324 4 2 0 1 1131 1350 1034 1119
2325 4 2 0 1 1057 1212 1211 1339
2326 4 2 0 1 253 1261 307 1687
2327 4 2 0 1 1049 1240 1143 1395
2328 4 2 0 1 1455 1534 1280 1548
2329 4 2 0 1 1313 1011 1137 1085
2330 4 2 0 1 119 1315 1097 1402
2331 4 2 0 1 1176 1355 1045 1465
2332 4 2 0 1 1288 1272 1450 1069
2333 4 2 0 1 1096 1269 1097 1380
2334 4 2 0 1 1166 1449 1095 1489
2335 4 2 0 1 1001 1078 1145 1517
2336 4 2 0 1 523 1155 1316 1679
2337 4 2 0 1 1060 1302 1249 1303
2338 4 2 0 1 963 1784 964 798
2339 4 2 0 1 964 1784 963 916
2340 4 2 0 1 1045 1290 1144 1320
2341 4 2 0 1 1510 1538 1066 1645
2342 4 2 0 1 1022 1179 1330 1631
2343 4 2 0 1 954 1797 1771 907
2344 4 2 0 1 1322 1376 1080 1555
2345 4 2 0 1 1176 1045 1355 1564
2346 4 2 0 1 1045 1476 1176 1570
2347 4 2 0 1 1029 1118 1338 1349
2348 4 2 0 1 1355 1356 1144 1686
2349 4 2 0 1 878 1178 1169 1602
2350 4 2 0 1 504 1305 1233 1664
2351 4 2 0 1 1068 1459 1160 1013
2352 4 2 0 1 1144 1158 1016 1705
2353 4 2 0 1 1145 1013 1043 1701
2354 4 2 0 1 425 360 1129 1423
2355 4 2 0 1 1515 1489 1166 1668
2356 4 2 0 1 1244 1052 1135 1601
2357 4 2 0 1 1231 1248 1024 1748
2358 4 2 0 1 1194 1179 1495 1618
2359 4 2 0 1 1268 800 1128 1585
2360 4 2 0 1 849 1422 992 1575
2361 4 2 0 1 1072 1122 1481 1553
2362 4 2 0 1 1152 1277 838 1461
2363 4 2 0 1 1045 1355 1144 1465
2364 4 2 0 1 1510 1645 1159 1743
2365 4 2 0 1 290 1132 1258 1586
2366 4 2 0 1 871 1152 1461 1224
2367 4 2 0 1 523 1316 1155 1454
2368 4 2 0 1 1144 1016 1158 1320
2369 4 2 0 1 1044 1109 1238 1444
2370 4 2 0 1 1083 1333 1268 1696
2371 4 2 0 1 221 1187 213 1188
2372 4 2 0 1 1410 1657 1038 1175
2373 4 2 0 1 1263 1457 1251 1655
2374 4 2 0 1 934 1169 878 1314
2375 4 2 0 1 1036 1376 1322 1516
2376 4 2 0 1 359 360 297 1129
2377 4 2 0 1 984 1797 1790 854
2378 4 2 0 1 1044 1109 1444 1294
2379 4 2 0 1 1062 1263 1204 1670
2380 4 2 0 1 1022 1439 1211 1631
2381 4 2 0 1 21 1120 1401 1426
2382 4 2 0 1 1796 952 930 1768
2383 4 2 0 1 86 1312 55 1514
2384 4 2 0 1 1255 1254 1692 453
2385 4 2 0 1 31 1352 1133 1492
2386 4 2 0 1 1355 1686 1635 1180
2387 4 2 0 1 1796 982 1779 954
2388 4 2 0 1 1442 1135 1052 1601
2389 4 2 0 1 651 1197 1101 1214
2390 4 2 0 1 577 1198 1366 1317
2391 4 2 0 1 885 1348 1111 1602
2392 4 2 0 1 175 1188 1116 1609
2393 4 2 0 1 482 1348 1169 1370
2394 4 2 0 1 1235 1748 1474 1326
2395 4 2 0 1 1138 1554 1264 1487
2396 4 2 0 1 1004 1384 1149 1720
2397 4 2 0 1 1230 1581 1114 1121
2398 4 2 0 1 1024 1248 1231 1507
2399 4 2 0 1 1213 899 1577 1630
2400 4 2 0 1 1255 1663 1058 1693
2401 4 2 0 1 73 1319 1215 1470
2402 4 2 0 1 1566 1561 10 1109
2403 4 2 0 1 1278 1379 71 1159
2404 4 2 0 1 1102 1019 1172 1342
2405 4 2 0 1 1294 1421 1526 1177
2406 4 2 0 1 790 984 992 985
2407 4 2 0 1 1174 1297 1114 1616
2408 4 2 0 1 418 1132 1764 1367
2409 4 2 0 1 1593 1103 1157 1156
2410 4 2 0 1 1061 1026 1278 1360
2411 4 2 0 1 1629 1422 1337 1216
2412 4 2 0 1 640 637 1123 1229
2413 4 2 0 1 295 1119 1392 1458
2414 4 2 0 1 1045 1144 1355 1354
2415 4 2 0 1 1100 279 1504 1522
2416 4 2 0 1 1096 1248 1231 1748
2417 4 2 0 1 1768 814 999 1793
2418 4 2 0 1 1067 1260 1045 1290
2419 4 2 0 1 1008 1481 1127 1112
2420 4 2 0 1 1043 1196 1145 1343
2421 4 2 0 1 1273 1127 408 1638
2422 4 2 0 1 1265 1458 1162 1754
2423 4 2 0 1 1054 1166 1321 1489
2424 4 2 0 1 1064 1297 1174 1616
2425 4 2 0 1 1238 1484 1110 1485
2426 4 2 0 1 634 1234 571 635
2427 4 2 0 1 119 1097 1315 1684
2428 4 2 0 1 669 1776 670 733
2429 4 2 0 1 1051 1484 1238 1485
2430 4 2 0 1 1133 1218 1024 1492
2431 4 2 0 1 1037 1383 1239 1550
2432 4 2 0 1 1198 1317 582 1533
2433 4 2 0 1 1354 1355 1045 1564
2434 4 2 0 1 642 1267 1095 1317
2435 4 2 0 1 1229 1365 1146 1734
2436 4 2 0 1 1281 1500 1420 1677
2437 4 2 0 1 869 1796 1768 982
2438 4 2 0 1 484 1348 1111 1385
2439 4 2 0 1 1768 991 1793 999
2440 4 2 0 1 570 1217 1420 1500
2441 4 2 0 1 1118 1029 1338 1406
2442 4 2 0 1 1253 1276 448 1342
2443 4 2 0 1 1193 1403 1104 1579
2444 4 2 0 1 1095 1267 1166 1668
2445 4 2 0 1 1410 1657 1175 1499
2446 4 2 0 1 1649 1234 1085 1613
2447 4 2 0 1 1307 1399 1403 1166
2448 4 2 0 1 1405 1495 1179 1618
2449 4 2 0 1 1187 1203 1509 1621
2450 4 2 0 1 1480 1229 1365 575
2451 4 2 0 1 1155 1615 1272 1733
2452 4 2 0 1 1307 1399 1166 704
2453 4 2 0 1 1181 636 1221 1137
2454 4 2 0 1 13 1220 1109 1561
2455 4 2 0 1 884 1270 1202 1644
2456 4 2 0 1 1024 1248 1249 1614
2457 4 2 0 1 847 1268 1333 1696
2458 4 2 0 1 1153 1161 1016 1318
2459 4 2 0 1 1153 1161 1318 819
2460 4 2 0 1 1377 1492 31 1133
2461 4 2 0 1 951 1158 1213 1226
2462 4 2 0 1 1004 1149 1242 1359
2463 4 2 0 1 1052 1242 1149 1359
2464 4 2 0 1 70 1106 1470 102
2465 4 2 0 1 1768 814 1793 875
2466 4 2 0 1 401 1280 1230 1700
2467 4 2 0 1 1175 1286 180 1502
2468 4 2 0 1 86 1312 85 55
2469 4 2 0 1 1108 1304 830 1669
2470 4 2 0 1 1021 1210 1206 1376
2471 4 2 0 1 1140 1299 1068 1013
2472 4 2 0 1 1340 1693 1663 1691
2473 4 2 0 1 577 1198 1317 582
2474 4 2 0 1 212 1203 1509 1187
2475 4 2 0 1 1766 266 1438 265
2476 4 2 0 1 876 1356 1355 1686
2477 4 2 0 1 1032 1289 1090 1739
2478 4 2 0 1 1096 1374 1256 1440
2479 4 2 0 1 1010 1180 1070 1635
2480 4 2 0 1 266 1438 323 1524
2481 4 2 0 1 221 1188 175 1609
2482 4 2 0 1 1092 1194 1179 1495
2483 4 2 0 1 1629 1422 1216 1329
2484 4 2 0 1 1168 1403 1193 1579
2485 4 2 0 1 1147 1208 1094 1375
2486 4 2 0 1 1593 1103 1156 1529
2487 4 2 0 1 626 1665 980 945
2488 4 2 0 1 1096 1248 1374 1440
2489 4 2 0 1 371 1206 1310 1423
2490 4 2 0 1 163 1269 1256 1440
2491 4 2 0 1 863 1226 1497 1639
2492 4 2 0 1 1304 1202 1665 889
2493 4 2 0 1 1669 1307 1338 1746
2494 4 2 0 1 1322 1516 1376 1555
2495 4 2 0 1 1038 1175 1286 1599
2496 4 2 0 1 1013 1701 1147 1723
2497 4 2 0 1 301 359 1129 1414
2498 4 2 0 1 1366 1645 1066 1538
2499 4 2 0 1 1054 1262 1321 1429
2500 4 2 0 1 425 1129 426 1423
2501 4 2 0 1 90 1223 1163 1437
2502 4 2 0 1 1016 1144 1290 1320
2503 4 2 0 1 1567 1250 1484 1460
2504 4 2 0 1 1016 1153 1478 1565
2505 4 2 0 1 90 1369 1163 1223
2506 4 2 0 1 1071 1457 1138 1541
2507 4 2 0 1 1067 1290 1045 1320
2508 4 2 0 1 1046 1338 1118 1349
2509 4 2 0 1 1138 1264 1554 1382
2510 4 2 0 1 1032 1090 1221 1739
2511 4 2 0 1 1028 1196 1432 1482
2512 4 2 0 1 1028 1196 1145 1432
2513 4 2 0 1 1038 1106 1388 1657
2514 4 2 0 1 974 1493 864 1575
2515 4 2 0 1 1262 1302 1012 1321
2516 4 2 0 1 640 1229 1123 1445
2517 4 2 0 1 1649 1234 1613 572
2518 4 2 0 1 739 1473 1695 1128
2519 4 2 0 1 1401 1426 1117 1758
2520 4 2 0 1 1099 1053 1416 1597
2521 4 2 0 1 1060 1546 1592 1429
2522 4 2 0 1 1009 1076 1419 1716
2523 4 2 0 1 1768 999 869 982
2524 4 2 0 1 1026 1061 1317 1360
2525 4 2 0 1 1316 399 461 1306
2526 4 2 0 1 1117 1120 1018 1426
2527 4 2 0 1 1602 1348 1370 1169
2528 4 2 0 1 571 1234 1412 1649
2529 4 2 0 1 1024 1507 1231 1526
2530 4 2 0 1 1133 1024 1474 1492
2531 4 2 0 1 1272 1450 1069 1615
2532 4 2 0 1 319 1534 383 1203
2533 4 2 0 1 1186 1522 280 1543
2534 4 2 0 1 864 1329 1575 1493
2535 4 2 0 1 1021 1206 1210 1466
2536 4 2 0 1 1128 1292 1055 1481
2537 4 2 0 1 1137 1234 1085 1412
2538 4 2 0 1 1088 1161 1673 1409
2539 4 2 0 1 1424 1558 1646 1113
2540 4 2 0 1 433 1279 1210 1466
2541 4 2 0 1 1044 1294 1177 1421
2542 4 2 0 1 1009 1185 1417 1588
2543 4 2 0 1 483 1111 1348 1370
2544 4 2 0 1 1081 1497 1226 1639
2545 4 2 0 1 1117 1017 1056 1456
2546 4 2 0 1 830 1168 1483 1571
2547 4 2 0 1 1060 1302 1262 1321
2548 4 2 0 1 1249 1526 1512 1302
2549 4 2 0 1 1026 1645 1061 1278
2550 4 2 0 1 1028 1295 1199 1343
2551 4 2 0 1 1050 1199 1295 1343
2552 4 2 0 1 1092 1495 1210 1555
2553 4 2 0 1 1071 1138 1382 1541
2554 4 2 0 1 1471 1513 1164 1512
2555 4 2 0 1 1032 1409 1353 1073
2556 4 2 0 1 577 1317 1366 1538
2557 4 2 0 1 1201 1179 1618 1405
2558 4 2 0 1 1120 1238 1109 1566
2559 4 2 0 1 1022 1092 1211 1339
2560 4 2 0 1 642 1317 1095 1533
2561 4 2 0 1 892 1564 1344 1719
2562 4 2 0 1 1768 814 875 869
2563 4 2 0 1 1276 1551 1246 1634
2564 4 2 0 1 1123 1136 1015 1415
2565 4 2 0 1 566 1142 1305 1664
2566 4 2 0 1 1748 1526 1177 1294
2567 4 2 0 1 1019 1102 1233 1342
2568 4 2 0 1 614 1057 1540 1323
2569 4 2 0 1 703 642 1095 1533
2570 4 2 0 1 1207 1323 552 1540
2571 4 2 0 1 524 1140 1681 1316
2572 4 2 0 1 456 1663 1255 1693
2573 4 2 0 1 1009 1170 1076 1560
2574 4 2 0 1 1434 885 826 1111
2575 4 2 0 1 1081 1192 1497 1639
2576 4 2 0 1 1377 1492 1474 1235
2577 4 2 0 1 223 1116 1084 1609
2578 4 2 0 1 1145 1196 1043 1001
2579 4 2 0 1 1567 1250 1460 1002
2580 4 2 0 1 1060 1303 1249 1507
2581 4 2 0 1 622 558 1179 1391
2582 4 2 0 1 1218 1324 51 1352
2583 4 2 0 1 1327 1558 1113 1646
2584 4 2 0 1 592 1208 1147 1375
2585 4 2 0 1 1241 1253 1634 1641
2586 4 2 0 1 1010 1085 1613 1751
2587 4 2 0 1 1021 1092 1339 1466
2588 4 2 0 1 1123 1015 1136 1229
2589 4 2 0 1 545 1169 482 1348
2590 4 2 0 1 319 1203 274 1534
2591 4 2 0 1 1276 1634 1253 1641
2592 4 2 0 1 1029 1237 1338 1472
2593 4 2 0 1 1002 1251 1263 1457
2594 4 2 0 1 1768 814 869 999
2595 4 2 0 1 892 1200 1564 1719
2596 4 2 0 1 1235 1368 1047 1377
2597 4 2 0 1 1189 1435 870 1520
2598 4 2 0 1 1011 1436 1151 1649
2599 4 2 0 1 576 1652 637 1229
2600 4 2 0 1 851 1790 1783 908
2601 4 2 0 1 1045 1476 1260 1722
2602 4 2 0 1 1262 1243 1302 1303
2603 4 2 0 1 1210 1495 1080 1555
2604 4 2 0 1 1748 1526 1294 1024
2605 4 2 0 1 1288 1272 1069 1070
2606 4 2 0 1 301 359 297 1129
2607 4 2 0 1 1289 1475 718 1732
2608 4 2 0 1 1129 297 247 1423
2609 4 2 0 1 1158 1226 926 1435
2610 4 2 0 1 1128 739 1521 1695
2611 4 2 0 1 127 1188 1509 1697
2612 4 2 0 1 1194 1179 1048 1678
2613 4 2 0 1 1099 1210 1053 1597
2614 4 2 0 1 1019 1450 1155 1744
2615 4 2 0 1 1133 1374 124 1377
2616 4 2 0 1 1118 1182 1029 1406
2617 4 2 0 1 1459 1013 1145 1701
2618 4 2 0 1 1262 1302 1243 1012
2619 4 2 0 1 623 1330 1179 1631
2620 4 2 0 1 1027 1107 1396 1246
2621 4 2 0 1 1088 1577 1247 1630
2622 4 2 0 1 1085 1010 1313 1357
2623 4 2 0 1 1494 1645 1167 1743
2624 4 2 0 1 439 1107 1763 1505
2625 4 2 0 1 1292 1481 1128 1553
2626 4 2 0 1 484 1111 483 1341
2627 4 2 0 1 1145 1459 1078 1013
2628 4 2 0 1 1062 1365 1229 1734
2629 4 2 0 1 1096 1374 1248 1474
2630 4 2 0 1 1022 1194 1092 1339
2631 4 2 0 1 1231 1378 1162 1592
2632 4 2 0 1 1010 1085 1234 1613
2633 4 2 0 1 1029 1406 1201 1472
2634 4 2 0 1 1480 1229 575 1363
2635 4 2 0 1 1008 1553 1481 1112
2636 4 2 0 1 1608 1520 1435 1126
2637 4 2 0 1 604 1574 1314 1589
2638 4 2 0 1 1770 914 1787 856
2639 4 2 0 1 1060 1546 1429 1262
2640 4 2 0 1 1120 1117 1051 1401
2641 4 2 0 1 976 980 1665 945
2642 4 2 0 1 1316 461 399 462
2643 4 2 0 1 1124 1180 1010 1101
2644 4 2 0 1 1041 1130 1141 1541
2645 4 2 0 1 1425 1475 1115 1732
2646 4 2 0 1 1220 1294 1164 1512
2647 4 2 0 1 1770 913 856 912
2648 4 2 0 1 1013 1043 1701 1723
2649 4 2 0 1 558 1405 1179 1201
2650 4 2 0 1 1783 1790 956 908
2651 4 2 0 1 1202 889 1669 890
2652 4 2 0 1 1246 1634 1551 1736
2653 4 2 0 1 1053 1206 1210 1376
2654 4 2 0 1 1602 1370 1348 1111
2655 4 2 0 1 1009 1417 1076 1716
2656 4 2 0 1 1105 1267 1166 1399
2657 4 2 0 1 443 1342 1107 1386
2658 4 2 0 1 1128 1481 1055 1569
2659 4 2 0 1 1107 1551 439 1246
2660 4 2 0 1 1566 1401 21 1120
2661 4 2 0 1 1052 1491 1149 1442
2662 4 2 0 1 1085 1253 1241 1649
2663 4 2 0 1 1770 913 1782 734
2664 4 2 0 1 1087 1551 1634 1736
2665 4 2 0 1 1099 1052 1242 1572
2666 4 2 0 1 489 1323 552 1207
2667 4 2 0 1 1494 1159 1645 1743
2668 4 2 0 1 1228 1286 1175 1599
2669 4 2 0 1 1016 1065 1290 1300
2670 4 2 0 1 899 1497 1213 1577
2671 4 2 0 1 1186 1411 1091 1463
2672 4 2 0 1 1116 1188 1084 1609
2673 4 2 0 1 1045 1200 1476 1722
2674 4 2 0 1 1081 1497 1192 1673
2675 4 2 0 1 88 1374 1498 1514
2676 4 2 0 1 863 1226 921 1497
2677 4 2 0 1 1060 1546 1262 303
2678 4 2 0 1 908 955 1790 956
2679 4 2 0 1 1066 1026 1278 1645
2680 4 2 0 1 702 1266 1130 1445
2681 4 2 0 1 1012 1302 1243 1471
2682 4 2 0 1 88 1377 1374 1514
2683 4 2 0 1 976 683 1427 1665
2684 4 2 0 1 1337 1314 878 1178
2685 4 2 0 1 1165 1322 1191 1463
2686 4 2 0 1 656 1433 1147 1160
2687 4 2 0 1 1010 1070 1180 1124
2688 4 2 0 1 288 1287 1646 1328
2689 4 2 0 1 1046 1242 1095 1489
2690 4 2 0 1 1001 1239 1078 1517
2691 4 2 0 1 1363 1267 643 638
2692 4 2 0 1 1782 913 1770 912
2693 4 2 0 1 1304 1202 889 1669
2694 4 2 0 1 823 1088 1309 1318
2695 4 2 0 1 278 334 1100 1252
2696 4 2 0 1 1298 1026 1720 1662
2697 4 2 0 1 1032 1221 1090 1309
2698 4 2 0 1 1149 1491 1184 1518
2699 4 2 0 1 1036 1080 1376 1479
2700 4 2 0 1 697 634 635 1234
2701 4 2 0 1 9 1325 1110 1485
2702 4 2 0 1 1411 1753 1518 1184
2703 4 2 0 1 867 974 864 1575
2704 4 2 0 1 1191 1463 1322 1600
2705 4 2 0 1 1019 1233 1305 1396
2706 4 2 0 1 1165 1036 1322 1463
2707 4 2 0 1 802 1212 1232 1439
2708 4 2 0 1 1410 1397 1250 1525
2709 4 2 0 1 1003 1632 1260 1013
2710 4 2 0 1 1262 1321 1012 1489
2711 4 2 0 1 1213 1497 1088 1577
2712 4 2 0 1 1162 1231 1039 1378
2713 4 2 0 1 1410 1250 1397 1079
2714 4 2 0 1 368 1416 1099 1572
2715 4 2 0 1 1156 1033 1593 1554
2716 4 2 0 1 1782 913 733 734
2717 4 2 0 1 1235 1748 1326 1109
2718 4 2 0 1 1054 1429 1403 1579
2719 4 2 0 1 160 1097 1402 119
2720 4 2 0 1 1027 1107 1246 1276
2721 4 2 0 1 1771 1779 983 954
2722 4 2 0 1 507 1420 1217 1658
2723 4 2 0 1 1053 1210 1099 1477
2724 4 2 0 1 1212 1128 740 1585
2725 4 2 0 1 1167 1494 1061 1645
2726 4 2 0 1 413 1462 1646 351
2727 4 2 0 1 1096 1269 1380 1702
2728 4 2 0 1 1341 1350 421 1119
2729 4 2 0 1 1258 1287 1035 1346
2730 4 2 0 1 1050 1273 1094 1343
2731 4 2 0 1 510 1253 1613 1649
2732 4 2 0 1 1243 1471 1135 1672
2733 4 2 0 1 1776 913 1782 912
2734 4 2 0 1 1032 1313 1544 1073
2735 4 2 0 1 278 1252 1100 1340
2736 4 2 0 1 1201 1618 1179 1048
2737 4 2 0 1 1039 1231 1162 1710
2738 4 2 0 1 1005 1380 1096 1469
2739 4 2 0 1 1399 1267 1363 1105
2740 4 2 0 1 640 639 1229 1445
2741 4 2 0 1 1005 1096 1326 1469
2742 4 2 0 1 1671 1134 506 1342
2743 4 2 0 1 1033 1148 1138 1407
2744 4 2 0 1 876 1354 1355 1356
2745 4 2 0 1 1567 1250 1002 1148
2746 4 2 0 1 1097 1096 1380 1469
2747 4 2 0 1 14 1377 1235 1492
2748 4 2 0 1 550 1292 1323 1559
2749 4 2 0 1 1046 1236 1108 1237
2750 4 2 0 1 1081 1226 1497 1673
2751 4 2 0 1 1237 1279 1029 1349
2752 4 2 0 1 1036 1091 1463 1479
2753 4 2 0 1 263 1187 274 1203
2754 4 2 0 1 1084 1188 1116 1633
2755 4 2 0 1 1509 1621 1203 1674
2756 4 2 0 1 588 1214 1101 1420
2757 4 2 0 1 1117 1018 1120 1204
2758 4 2 0 1 1366 1645 1538 1317
2759 4 2 0 1 1041 1141 1130 1445
2760 4 2 0 1 1567 1250 1148 1484
2761 4 2 0 1 1035 1113 1346 1287
2762 4 2 0 1 1012 1471 1243 1672
2763 4 2 0 1 1087 1551 1276 1634
2764 4 2 0 1 1766 266 265 214
2765 4 2 0 1 1148 1205 1138 1712
2766 4 2 0 1 1291 1232 1585 1212
2767 4 2 0 1 242 1778 194 244
2768 4 2 0 1 1035 1113 1287 1327
2769 4 2 0 1 971 1348 935 1451
2770 4 2 0 1 1065 1544 1300 1161
2771 4 2 0 1 863 1608 1226 1639
2772 4 2 0 1 985 667 986 1574
2773 4 2 0 1 1322 1463 1036 1600
2774 4 2 0 1 1094 1375 1208 1604
2775 4 2 0 1 120 1097 1256 161
2776 4 2 0 1 1084 1116 1583 1633
2777 4 2 0 1 657 1433 1528 1147
2778 4 2 0 1 1367 1007 1143 1761
2779 4 2 0 1 1039 1380 1269 1702
2780 4 2 0 1 1397 190 189 1157
2781 4 2 0 1 1590 1153 832 1637
2782 4 2 0 1 1590 1153 1637 1383
2783 4 2 0 1 1298 1026 1662 1400
2784 4 2 0 1 650 1208 1147 592
2785 4 2 0 1 849 984 854 1575
2786 4 2 0 1 428 1414 415 1559
2787 4 2 0 1 1416 433 368 1099
2788 4 2 0 1 278 1504 1340 1100
2789 4 2 0 1 1009 1296 1186 1463
2790 4 2 0 1 1099 1053 1359 1416
2791 4 2 0 1 1337 878 1314 933
2792 4 2 0 1 1771 1779 954 907
2793 4 2 0 1 1202 1742 1209 1547
2794 4 2 0 1 700 1266 702 1445
2795 4 2 0 1 1081 1153 1478 1318
2796 4 2 0 1 1249 1512 1526 1024
2797 4 2 0 1 1239 1565 1037 1632
2798 4 2 0 1 1566 1561 1109 1120
2799 4 2 0 1 1115 1197 1032 1289
2800 4 2 0 1 1099 1242 1052 1359
2801 4 2 0 1 1052 1149 1491 1359
2802 4 2 0 1 1197 1289 717 1353
2803 4 2 0 1 126 1438 1163 1697
2804 4 2 0 1 69 1227 1388 1556
2805 4 2 0 1 1170 1419 1076 1447
2806 4 2 0 1 1124 1272 1430 1431
2807 4 2 0 1 1265 1341 1104 1708
2808 4 2 0 1 1202 1742 1547 1081
2809 4 2 0 1 593 1208 1375 1604
2810 4 2 0 1 1166 1403 1054 1735
2811 4 2 0 1 489 1129 1323 1207
2812 4 2 0 1 1795 1794 730 792
2813 4 2 0 1 1060 1546 303 1592
2814 4 2 0 1 1179 1201 1048 1391
2815 4 2 0 1 366 1236 1173 1501
2816 4 2 0 1 1094 1050 1343 1375
2817 4 2 0 1 26 11 1282 1623
2818 4 2 0 1 1071 1331 1457 1541
2819 4 2 0 1 1771 983 1779 911
2820 4 2 0 1 1573 836 837 1200
2821 4 2 0 1 169 174 213 1188
2822 4 2 0 1 1150 1049 1370 1367
2823 4 2 0 1 1027 1276 1246 1634
2824 4 2 0 1 1205 1712 1148 1757
2825 4 2 0 1 1129 1423 247 1506
2826 4 2 0 1 1399 1363 1267 643
2827 4 2 0 1 1594 1190 1696 1083
2828 4 2 0 1 1166 1399 1403 1735
2829 4 2 0 1 1594 1190 1083 1199
2830 4 2 0 1 1566 21 1401 7
2831 4 2 0 1 453 1366 1066 1538
2832 4 2 0 1 1123 1181 1025 1297
2833 4 2 0 1 1081 1270 1318 1644
2834 4 2 0 1 1480 1229 1363 1062
2835 4 2 0 1 1104 1403 1429 1579
2836 4 2 0 1 1777 1310 1261 194
2837 4 2 0 1 1594 1190 1199 1537
2838 4 2 0 1 1245 1583 1670 1082
2839 4 2 0 1 1164 1219 1294 1561
2840 4 2 0 1 867 994 974 1575
2841 4 2 0 1 1697 1724 1369 1063
2842 4 2 0 1 884 1270 1644 831
2843 4 2 0 1 119 150 1315 1402
2844 4 2 0 1 1094 1208 1147 1723
2845 4 2 0 1 653 1289 1197 1475
2846 4 2 0 1 1140 1208 1013 1387
2847 4 2 0 1 1024 1294 1220 1512
2848 4 2 0 1 1093 1186 1296 1463
2849 4 2 0 1 10 1109 1325 1566
2850 4 2 0 1 1026 1066 1278 1400
2851 4 2 0 1 545 1169 1348 1451
2852 4 2 0 1 1268 1128 800 1521
2853 4 2 0 1 1020 1182 1239 1383
2854 4 2 0 1 586 1140 1316 1454
2855 4 2 0 1 1440 1507 257 1231
2856 4 2 0 1 847 1268 1696 862
2857 4 2 0 1 367 1099 1173 1572
2858 4 2 0 1 1032 1115 1289 1739
2859 4 2 0 1 120 1097 161 119
2860 4 2 0 1 1116 133 1188 175
2861 4 2 0 1 637 1412 1181 1652
2862 4 2 0 1 1138 1487 1205 1554
2863 4 2 0 1 1166 1307 1054 1403
2864 4 2 0 1 1040 1228 1154 1599
2865 4 2 0 1 1300 1409 1544 1073
2866 4 2 0 1 504 1305 1664 566
2867 4 2 0 1 405 1604 1139 1681
2868 4 2 0 1 1093 1626 1296 1723
2869 4 2 0 1 1393 1554 1033 1606
2870 4 2 0 1 1164 1294 1220 1561
2871 4 2 0 1 762 1309 1161 1318
2872 4 2 0 1 704 642 1166 1449
2873 4 2 0 1 1340 1693 1691 1709
2874 4 2 0 1 1286 1394 1040 1583
2875 4 2 0 1 334 340 1100 1306
2876 4 2 0 1 1056 1017 1223 1274
2877 4 2 0 1 1094 1343 1147 1375
2878 4 2 0 1 1053 1310 1261 1597
2879 4 2 0 1 6 1125 3 1235
2880 4 2 0 1 954 1797 907 955
2881 4 2 0 1 1029 1182 1118 1293
2882 4 2 0 1 984 1797 854 983
2883 4 2 0 1 69 1227 1319 1388
2884 4 2 0 1 1022 1212 1232 1291
2885 4 2 0 1 703 1095 642 1449
2886 4 2 0 1 1156 1554 1392 1606
2887 4 2 0 1 1029 1293 1118 1349
2888 4 2 0 1 1769 194 1310 1778
2889 4 2 0 1 80 113 82 1324
2890 4 2 0 1 547 1348 971 1451
2891 4 2 0 1 1052 1491 1442 1601
2892 4 2 0 1 1032 1197 1115 1441
2893 4 2 0 1 830 1483 1304 1571
2894 4 2 0 1 700 1266 1445 1568
2895 4 2 0 1 1239 1383 1182 1550
2896 4 2 0 1 433 1210 1099 1597
2897 4 2 0 1 1062 1263 1251 1655
2898 4 2 0 1 223 1084 1116 1398
2899 4 2 0 1 1085 1613 1253 1649
2900 4 2 0 1 59 89 1133 1352
2901 4 2 0 1 1049 1395 1143 1007
2902 4 2 0 1 1219 1059 1494 1164
2903 4 2 0 1 265 321 1195 1552
2904 4 2 0 1 728 1178 1337 1683
2905 4 2 0 1 1001 1191 1078 1550
2906 4 2 0 1 869 1796 927 930
2907 4 2 0 1 1114 1425 1174 1643
2908 4 2 0 1 1027 1107 1276 1253
2909 4 2 0 1 1093 1296 1139 1723
2910 4 2 0 1 925 1192 922 1577
2911 4 2 0 1 697 1137 1234 1704
2912 4 2 0 1 367 1173 1099 1501
2913 4 2 0 1 1184 1518 1491 1753
2914 4 2 0 1 946 1354 1344 1564
2915 4 2 0 1 1176 1476 1467 1570
2916 4 2 0 1 558 1405 1201 495
2917 4 2 0 1 1294 1526 1421 1059
2918 4 2 0 1 1025 1049 1240 1486
2919 4 2 0 1 1123 1445 1266 1568
2920 4 2 0 1 759 1686 1257 1745
2921 4 2 0 1 1035 1287 1258 1308
2922 4 2 0 1 1594 1694 1083 1696
2923 4 2 0 1 1031 1460 1227 1484
2924 4 2 0 1 1001 1322 1165 1675
2925 4 2 0 1 1002 1082 1460 1051
2926 4 2 0 1 1046 1118 1336 1349
2927 4 2 0 1 1206 1376 1404 1506
2928 4 2 0 1 1020 1074 1209 1406
2929 4 2 0 1 1777 1310 194 1778
2930 4 2 0 1 898 1213 1158 1356
2931 4 2 0 1 1255 1366 457 1693
2932 4 2 0 1 1021 1339 1207 1466
2933 4 2 0 1 1090 1247 1289 1032
2934 4 2 0 1 1116 1245 1082 1583
2935 4 2 0 1 769 1669 827 1307
2936 4 2 0 1 1022 1291 1232 1488
2937 4 2 0 1 1084 1271 277 1756
2938 4 2 0 1 102 1106 141 1657
2939 4 2 0 1 1233 1342 1102 1386
2940 4 2 0 1 1329 1493 973 1575
2941 4 2 0 1 1123 1297 1025 1395
2942 4 2 0 1 1206 1021 1376 1506
2943 4 2 0 1 1363 1267 638 1480
2944 4 2 0 1 370 1261 1310 1597
2945 4 2 0 1 1473 1323 613 1292
2946 4 2 0 1 1194 1048 1179 1618
2947 4 2 0 1 1047 1235 1125 1368
2948 4 2 0 1 1061 1645 1494 1159
2949 4 2 0 1 1769 194 1778 244
2950 4 2 0 1 82 1352 1324 116
2951 4 2 0 1 1114 1121 1468 1726
2952 4 2 0 1 1004 1293 1089 1479
2953 4 2 0 1 1040 1154 1275 1599
2954 4 2 0 1 1006 1264 1141 1429
2955 4 2 0 1 1392 1554 1393 1606
2956 4 2 0 1 1354 1320 1158 1344
2957 4 2 0 1 643 1166 1267 1399
2958 4 2 0 1 1257 1313 1197 1353
2959 4 2 0 1 1769 1778 1310 308
2960 4 2 0 1 257 1378 1231 1592
2961 4 2 0 1 1425 1468 1025 1739
2962 4 2 0 1 1025 1049 1486 1266
2963 4 2 0 1 1108 1046 1237 1338
2964 4 2 0 1 1021 1339 1112 1372
2965 4 2 0 1 1085 1634 1027 1677
2966 4 2 0 1 196 1789 1772 202
2967 4 2 0 1 1279 1349 1237 1501
2968 4 2 0 1 1020 1074 1406 1590
2969 4 2 0 1 769 1307 706 1403
2970 4 2 0 1 1205 1640 1138 1712
2971 4 2 0 1 1002 1460 1567 1051
2972 4 2 0 1 1026 1720 1384 1058
2973 4 2 0 1 277 1271 1084 1398
2974 4 2 0 1 1054 1262 1429 1546
2975 4 2 0 1 787 1333 803 1521
2976 4 2 0 1 1268 1521 1333 1569
2977 4 2 0 1 1003 1170 1632 1013
2978 4 2 0 1 1010 1234 1134 1613
2979 4 2 0 1 1010 1613 1134 1751
2980 4 2 0 1 501 564 1142 1500
2981 4 2 0 1 1119 1131 293 1393
2982 4 2 0 1 101 1388 1106 1657
2983 4 2 0 1 265 1195 322 1438
2984 4 2 0 1 301 1506 1129 247
2985 4 2 0 1 1009 1419 1076 1170
2986 4 2 0 1 1110 1335 1238 1741
2987 4 2 0 1 138 181 1175 1657
2988 4 2 0 1 1110 1610 1335 1741
2989 4 2 0 1 311 1162 1378 1592
2990 4 2 0 1 1117 1401 1120 1426
2991 4 2 0 1 290 1258 1132 1287
2992 4 2 0 1 1094 1273 1043 1343
2993 4 2 0 1 1594 1190 1537 1696
2994 4 2 0 1 826 1193 1111 1385
2995 4 2 0 1 1082 1002 1670 1051
2996 4 2 0 1 1481 1128 1008 1569
2997 4 2 0 1 1066 1254 453 1538
2998 4 2 0 1 614 1057 1323 1473
2999 4 2 0 1 969 968 986 1574
3000 4 2 0 1 276 1084 1187 1609
3001 4 2 0 1 1742 1074 1270 1202
3002 4 2 0 1 1095 1360 1242 1384
3003 4 2 0 1 1082 1116 1285 1727
3004 4 2 0 1 301 1506 247 287
3005 4 2 0 1 1033 1138 1205 1554
3006 4 2 0 1 1073 1353 1257 1745
3007 4 2 0 1 1024 1249 1248 1507
3008 4 2 0 1 1001 1191 1165 1322
3009 4 2 0 1 1640 1712 1205 1757
3010 4 2 0 1 1114 1475 1425 1643
3011 4 2 0 1 1011 1468 1121 1726
3012 4 2 0 1 1053 1099 1359 1477
3013 4 2 0 1 1112 1225 1122 1273
3014 4 2 0 1 1082 1245 1116 1727
3015 4 2 0 1 932 1158 949 1354
3016 4 2 0 1 1258 1346 1035 1622
3017 4 2 0 1 735 1770 914 1787
3018 4 2 0 1 1081 1153 1318 1270
3019 4 2 0 1 1261 1416 1053 1597
3020 4 2 0 1 1037 1550 1239 1632
3021 4 2 0 1 604 667 1574 1589
3022 4 2 0 1 1232 1291 1077 1488
3023 4 2 0 1 1010 1357 1085 1751
3024 4 2 0 1 1117 1223 1017 1245
3025 4 2 0 1 1117 1056 1017 1223
3026 4 2 0 1 1076 1447 1419 1716
3027 4 2 0 1 1099 1242 1173 1572
3028 4 2 0 1 1085 1357 1313 1503
3029 4 2 0 1 1152 1283 896 1508
3030 4 2 0 1 279 280 1504 1522
3031 4 2 0 1 1346 1542 1007 1715
3032 4 2 0 1 1234 1347 1536 695
3033 4 2 0 1 6 5 1125 1368
3034 4 2 0 1 1156 1380 1392 1554
3035 4 2 0 1 779 1289 1247 1353
3036 4 2 0 1 1006 1321 1421 1526
3037 4 2 0 1 1789 202 1687 1772
3038 4 2 0 1 1149 1359 1184 1491
3039 4 2 0 1 488 1323 1129 1414
3040 4 2 0 1 1189 1344 928 1435
3041 4 2 0 1 1142 1246 1027 1396
3042 4 2 0 1 1524 1766 1438 166
3043 4 2 0 1 1772 1687 1781 202
3044 4 2 0 1 1029 1338 1237 1349
3045 4 2 0 1 1028 1145 1196 1343
3046 4 2 0 1 1325 1235 1109 4
3047 4 2 0 1 1152 1014 1224 1661
3048 4 2 0 1 1083 1199 1190 1295
3049 4 2 0 1 1190 1199 1028 1295
3050 4 2 0 1 1153 1270 831 1318
3051 4 2 0 1 232 1328 1175 1499
3052 4 2 0 1 1031 1227 1460 1525
3053 4 2 0 1 1634 1085 1086 1677
3054 4 2 0 1 1369 1724 1697 1163
3055 4 2 0 1 735 914 1770 734
3056 4 2 0 1 159 1374 1133 1614
3057 4 2 0 1 790 1574 985 992
3058 4 2 0 1 1515 1421 1494 1105
3059 4 2 0 1 1434 885 1111 1602
3060 4 2 0 1 1039 1392 1380 1554
3061 4 2 0 1 750 1183 1284 1390
3062 4 2 0 1 230 283 1228 1328
3063 4 2 0 1 1789 1687 202 201
3064 4 2 0 1 927 1796 869 982
3065 4 2 0 1 764 767 705 1141
3066 4 2 0 1 174 221 213 1188
3067 4 2 0 1 1111 1370 1434 1602
3068 4 2 0 1 871 1152 1224 872
3069 4 2 0 1 1021 1339 1092 1555
3070 4 2 0 1 1111 1348 885 1385
3071 4 2 0 1 1285 1460 1394 1082
3072 4 2 0 1 1634 1086 1085 1241
3073 4 2 0 1 636 1221 1137 1596
3074 4 2 0 1 1455 400 1534 383
3075 4 2 0 1 1467 1476 1068 1570
3076 4 2 0 1 1235 1748 1109 1492
3077 4 2 0 1 946 949 1344 1354
3078 4 2 0 1 1120 1044 1238 1567
3079 4 2 0 1 1051 1120 1238 1567
3080 4 2 0 1 1783 956 1795 909
3081 4 2 0 1 827 1307 1669 1746
3082 4 2 0 1 1242 1359 1099 1477
3083 4 2 0 1 1088 1247 1216 1309
3084 4 2 0 1 1134 1172 1076 1371
3085 4 2 0 1 595 532 1528 1413
3086 4 2 0 1 1396 1664 1246 1107
3087 4 2 0 1 640 576 637 1229
3088 4 2 0 1 1051 1238 1120 1566
3089 4 2 0 1 1006 1421 1177 1526
3090 4 2 0 1 1091 1720 1298 1058
3091 4 2 0 1 639 1363 1229 1445
3092 4 2 0 1 1005 1335 1610 1741
3093 4 2 0 1 927 1796 1779 930
3094 4 2 0 1 1080 1477 1376 1479
3095 4 2 0 1 968 992 985 1574
3096 4 2 0 1 1158 1354 932 1356
3097 4 2 0 1 1075 1244 1243 1135
3098 4 2 0 1 1129 1372 1207 1506
3099 4 2 0 1 1271 1084 1015 1756
3100 4 2 0 1 570 1420 1281 1500
3101 4 2 0 1 1215 1282 46 1713
3102 4 2 0 1 1035 1308 1258 1622
3103 4 2 0 1 63 1369 1729 91
3104 4 2 0 1 456 1255 457 1693
3105 4 2 0 1 1152 1014 1277 1461
3106 4 2 0 1 1491 1416 1359 1053
3107 4 2 0 1 702 1141 705 1445
3108 4 2 0 1 455 1691 1663 1693
3109 4 2 0 1 1150 1370 1350 1764
3110 4 2 0 1 511 1151 514 1628
3111 4 2 0 1 497 1405 1092 1631
3112 4 2 0 1 587 1208 1140 1387
3113 4 2 0 1 1536 520 583 1718
3114 4 2 0 1 1028 1199 1190 1537
3115 4 2 0 1 63 1245 1223 1758
3116 4 2 0 1 1335 1741 1757 1238
3117 4 2 0 1 102 101 1106 1657
3118 4 2 0 1 1233 1396 1342 1107
3119 4 2 0 1 1207 1372 1021 1506
3120 4 2 0 1 295 1265 1119 1458
3121 4 2 0 1 1036 1091 1411 1463
3122 4 2 0 1 1233 1342 1396 1019
3123 4 2 0 1 9 1110 1325 1627
3124 4 2 0 1 1157 189 1397 1563
3125 4 2 0 1 1770 914 913 734
3126 4 2 0 1 1101 1420 1214 1503
3127 4 2 0 1 496 1237 432 1279
3128 4 2 0 1 656 1147 650 1387
3129 4 2 0 1 1007 1542 1346 1761
3130 4 2 0 1 1031 1250 1460 1484
3131 4 2 0 1 695 1234 1065 1704
3132 4 2 0 1 1154 1228 1035 1599
3133 4 2 0 1 1033 1382 1138 1554
3134 4 2 0 1 1115 1468 1425 1739
3135 4 2 0 1 1244 1789 201 1687
3136 4 2 0 1 1143 1240 1174 1395
3137 4 2 0 1 1067 1320 1045 1722
3138 4 2 0 1 1360 1442 1135 1672
3139 4 2 0 1 1103 1315 1666 1607
3140 4 2 0 1 1067 1045 1260 1722
3141 4 2 0 1 969 1314 1574 1589
3142 4 2 0 1 295 1265 357 1119
3143 4 2 0 1 852 1783 1795 909
3144 4 2 0 1 1056 1511 1117 1743
3145 4 2 0 1 1107 1551 1246 1276
3146 4 2 0 1 1004 1359 1242 1477
3147 4 2 0 1 1515 1489 1668 1012
3148 4 2 0 1 303 1262 1060 1303
3149 4 2 0 1 962 1787 914 915
3150 4 2 0 1 514 1151 1412 1652
3151 4 2 0 1 1505 261 313 1552
3152 4 2 0 1 1043 1196 1343 1446
3153 4 2 0 1 1269 1378 1096 1440
3154 4 2 0 1 1286 229 1175 180
3155 4 2 0 1 639 576 640 1229
3156 4 2 0 1 867 864 923 1575
3157 4 2 0 1 769 1669 1307 1108
3158 4 2 0 1 1214 1503 1420 1700
3159 4 2 0 1 412 1424 411 1558
3160 4 2 0 1 1563 1157 239 1301
3161 4 2 0 1 1096 1047 1326 1469
3162 4 2 0 1 915 1787 914 856
3163 4 2 0 1 11 1381 1110 1627
3164 4 2 0 1 230 229 1175 1228
3165 4 2 0 1 472 1174 1332 1730
3166 4 2 0 1 941 971 943 1348
3167 4 2 0 1 1152 1224 1014 1461
3168 4 2 0 1 1032 1441 1115 1739
3169 4 2 0 1 1234 1347 695 1065
3170 4 2 0 1 1092 497 1279 1405
3171 4 2 0 1 974 973 1493 1575
3172 4 2 0 1 1219 1059 1164 1294
3173 4 2 0 1 956 957 1795 909
3174 4 2 0 1 1545 1403 1579 1054
3175 4 2 0 1 1671 506 1134 520
3176 4 2 0 1 1411 1463 1186 1543
3177 4 2 0 1 1247 1289 780 1216
3178 4 2 0 1 1117 1245 1017 1670
3179 4 2 0 1 736 1792 1784 797
3180 4 2 0 1 1107 1342 1233 1386
3181 4 2 0 1 802 1232 1212 1585
3182 4 2 0 1 1343 1528 1433 1147
3183 4 2 0 1 951 1226 1213 1497
3184 4 2 0 1 1226 863 866 1608
3185 4 2 0 1 1239 1565 1067 1714
3186 4 2 0 1 1776 853 1794 910
3187 4 2 0 1 1006 1264 1138 1541
3188 4 2 0 1 1021 1207 1206 1466
3189 4 2 0 1 1001 1078 1239 1550
3190 4 2 0 1 867 923 994 1575
3191 4 2 0 1 958 1794 910 1776
3192 4 2 0 1 1185 1671 1172 1718
3193 4 2 0 1 1111 1193 826 1434
3194 4 2 0 1 1325 1235 4 3
3195 4 2 0 1 1794 910 909 957
3196 4 2 0 1 63 1369 91 1223
3197 4 2 0 1 36 31 1133 1377
3198 4 2 0 1 1041 1331 1130 1541
3199 4 2 0 1 1189 1224 870 1461
3200 4 2 0 1 1059 1512 1471 1164
3201 4 2 0 1 1486 1683 1240 1739
3202 4 2 0 1 1623 1485 11 1110
3203 4 2 0 1 1471 1512 1059 1302
3204 4 2 0 1 1162 1264 1104 1265
3205 4 2 0 1 1421 1712 1648 1263
3206 4 2 0 1 1633 1245 1369 1729
3207 4 2 0 1 1162 1265 1104 1667
3208 4 2 0 1 1141 1541 1130 1549
3209 4 2 0 1 681 1427 683 1665
3210 4 2 0 1 1742 1074 1202 1209
3211 4 2 0 1 1648 1712 1421 1044
3212 4 2 0 1 1268 1333 1083 1569
3213 4 2 0 1 1132 1346 1542 1761
3214 4 2 0 1 909 910 1794 853
3215 4 2 0 1 571 1234 1649 572
3216 4 2 0 1 1092 1466 498 1631
3217 4 2 0 1 769 1669 1108 830
3218 4 2 0 1 958 1794 1776 732
3219 4 2 0 1 1155 1316 1679 1744
3220 4 2 0 1 1728 1460 1364 1556
3221 4 2 0 1 1258 1308 237 1563
3222 4 2 0 1 1071 1407 1138 1457
3223 4 2 0 1 693 1272 1305 1431
3224 4 2 0 1 323 266 265 1438
3225 4 2 0 1 433 1099 1210 1279
3226 4 2 0 1 826 1111 885 1385
3227 4 2 0 1 1768 991 999 981
3228 4 2 0 1 1137 1011 1181 1412
3229 4 2 0 1 926 1158 951 1226
3230 4 2 0 1 1285 1394 1460 1038
3231 4 2 0 1 1031 1460 1250 1525
3232 4 2 0 1 966 1768 1793 919
3233 4 2 0 1 1186 1296 1009 1709
3234 4 2 0 1 1323 1414 550 1559
3235 4 2 0 1 621 1201 1391 1584
3236 4 2 0 1 1257 1313 1101 1197
3237 4 2 0 1 1768 991 981 966
3238 4 2 0 1 922 1192 1497 1577
3239 4 2 0 1 283 1327 1228 1328
3240 4 2 0 1 1038 1388 1106 1525
3241 4 2 0 1 342 1543 1093 1654
3242 4 2 0 1 1029 1080 1293 1740
3243 4 2 0 1 1781 1261 253 1687
3244 4 2 0 1 1227 1031 1484 1623
3245 4 2 0 1 1217 1634 1246 1736
3246 4 2 0 1 1126 1435 1189 1520
3247 4 2 0 1 298 1780 361 299
3248 4 2 0 1 561 1466 1211 1631
3249 4 2 0 1 1151 1181 1011 1412
3250 4 2 0 1 975 1427 745 1493
3251 4 2 0 1 1251 1275 1136 1457
3252 4 2 0 1 918 1793 1788 919
3253 4 2 0 1 1045 1290 1260 1465
3254 4 2 0 1 164 1256 1374 1440
3255 4 2 0 1 523 522 1155 1679
3256 4 2 0 1 1478 1020 1565 1153
3257 4 2 0 1 1665 976 940 1427
3258 4 2 0 1 712 1612 1467 1615
3259 4 2 0 1 1218 1352 29 1492
3260 4 2 0 1 322 1724 1438 1195
3261 4 2 0 1 1117 1511 1223 1758
3262 4 2 0 1 1210 1376 1021 1555
3263 4 2 0 1 109 1666 1607 1755
3264 4 2 0 1 1106 1410 1038 1525
3265 4 2 0 1 26 1282 11 1381
3266 4 2 0 1 1154 1035 1275 1599
3267 4 2 0 1 1016 1213 1158 1226
3268 4 2 0 1 1718 458 1693 1185
3269 4 2 0 1 1011 1181 1151 1121
3270 4 2 0 1 1015 1136 1229 1362
3271 4 2 0 1 1016 1161 1409 1673
3272 4 2 0 1 933 934 878 1314
3273 4 2 0 1 1215 1282 1031 1319
3274 4 2 0 1 1274 1456 1734 1365
3275 4 2 0 1 763 1130 702 1266
3276 4 2 0 1 1027 1107 1253 1396
3277 4 2 0 1 143 1442 1149 1491
3278 4 2 0 1 1053 1206 1376 1404
3279 4 2 0 1 1025 1114 1297 1468
3280 4 2 0 1 1006 1138 1487 1640
3281 4 2 0 1 1576 1761 1424 1143
3282 4 2 0 1 216 1766 266 1524
3283 4 2 0 1 457 453 515 1366
3284 4 2 0 1 1053 1210 1206 1597
3285 4 2 0 1 1136 1251 1040 1275
3286 4 2 0 1 1193 1434 1111 1549
3287 4 2 0 1 918 1793 919 966
3288 4 2 0 1 1195 1334 386 1724
3289 4 2 0 1 1107 1276 443 1505
3290 4 2 0 1 6 17 1368 1377
3291 4 2 0 1 1396 1676 1027 1142
3292 4 2 0 1 1248 1440 1231 1507
3293 4 2 0 1 1071 1382 1331 1541
3294 4 2 0 1 1307 1399 704 706
3295 4 2 0 1 1063 1274 1146 1628
3296 4 2 0 1 1029 1293 1080 1675
3297 4 2 0 1 1129 1373 301 1414
3298 4 2 0 1 1090 1247 1032 1309
3299 4 2 0 1 1056 1254 1510 1538
3300 4 2 0 1 1315 1607 109 1666
3301 4 2 0 1 1093 1522 342 1523
3302 4 2 0 1 1087 1548 1334 1621
3303 4 2 0 1 3 1325 1125 1627
3304 4 2 0 1 113 117 82 1324
3305 4 2 0 1 495 1405 1201 1472
3306 4 2 0 1 361 1780 298 1423
3307 4 2 0 1 1470 1690 144 1106
3308 4 2 0 1 966 965 1793 991
3309 4 2 0 1 510 1134 1613 1253
3310 4 2 0 1 830 1168 829 1483
3311 4 2 0 1 1086 1085 1436 1503
3312 4 2 0 1 739 1473 1128 740
3313 4 2 0 1 1141 1193 1403 1104
3314 4 2 0 1 1242 1489 1173 1672
3315 4 2 0 1 1238 1325 1109 1566
3316 4 2 0 1 1032 1221 1441 1739
3317 4 2 0 1 365 1262 1236 1546
3318 4 2 0 1 1150 1370 1049 1434
3319 4 2 0 1 1792 962 916 915
3320 4 2 0 1 1052 1099 1359 1416
3321 4 2 0 1 1221 1025 1739 1486
3322 4 2 0 1 90 1223 1437 60
3323 4 2 0 1 1506 1122 1516 1656
3324 4 2 0 1 1728 1460 1556 1285
3325 4 2 0 1 1026 1366 1066 1400
3326 4 2 0 1 1244 1789 1687 112
3327 4 2 0 1 126 1163 1369 1697
3328 4 2 0 1 1071 1382 1138 1407
3329 4 2 0 1 1649 1234 1412 1085
3330 4 2 0 1 1135 1052 1243 1672
3331 4 2 0 1 836 1200 1476 1564
3332 4 2 0 1 1593 1103 1529 1335
3333 4 2 0 1 472 1332 1174 1616
3334 4 2 0 1 847 1694 1333 786
3335 4 2 0 1 484 483 1111 1348
3336 4 2 0 1 1629 1422 1329 937
3337 4 2 0 1 1159 1721 71 1278
3338 4 2 0 1 1032 1197 1313 1353
3339 4 2 0 1 1212 740 1128 1473
3340 4 2 0 1 1244 1789 112 1578
3341 4 2 0 1 1186 1463 1091 1698
3342 4 2 0 1 1397 1410 1106 1525
3343 4 2 0 1 1046 1108 1307 1338
3344 4 2 0 1 366 1237 1236 1501
3345 4 2 0 1 1506 1207 1423 1206
3346 4 2 0 1 1206 1207 1021 1506
3347 4 2 0 1 1144 1355 1354 1356
3348 4 2 0 1 1307 1399 706 1403
3349 4 2 0 1 418 1132 1367 1462
3350 4 2 0 1 1117 1511 1426 1743
3351 4 2 0 1 1499 1175 182 1657
3352 4 2 0 1 1293 1479 1477 1080
3353 4 2 0 1 1095 1449 1046 1489
3354 4 2 0 1 1092 1179 1405 1495
3355 4 2 0 1 361 1780 362 299
3356 4 2 0 1 1338 1118 1406 1590
3357 4 2 0 1 1138 1205 1487 1640
3358 4 2 0 1 1082 1002 1251 1670
3359 4 2 0 1 483 1348 482 1370
3360 4 2 0 1 915 1792 1787 857
3361 4 2 0 1 1030 1151 1241 1628
3362 4 2 0 1 1085 1027 1751 1357
3363 4 2 0 1 916 1792 915 857
3364 4 2 0 1 1138 1457 1407 1712
3365 4 2 0 1 453 515 1366 1538
3366 4 2 0 1 1175 1228 1035 1328
3367 4 2 0 1 731 1574 985 790
3368 4 2 0 1 92 1163 90 1524
3369 4 2 0 1 1221 1025 1486 1568
3370 4 2 0 1 1726 1503 1214 1230
3371 4 2 0 1 1029 1495 1080 1740
3372 4 2 0 1 761 1221 1309 1486
3373 4 2 0 1 1274 1456 1056 1017
3374 4 2 0 1 1145 1043 1013 1191
3375 4 2 0 1 1274 1628 1063 1724
3376 4 2 0 1 1236 1237 366 1619
3377 4 2 0 1 1028 1508 1358 1537
3378 4 2 0 1 236 1308 1287 1328
3379 4 2 0 1 1017 1245 1223 1369
3380 4 2 0 1 1052 1099 1416 1572
3381 4 2 0 1 1090 1683 1486 1739
3382 4 2 0 1 651 696 1101 1257
3383 4 2 0 1 1237 1338 1046 1349
3384 4 2 0 1 1107 1276 1253 1342
3385 4 2 0 1 1506 1516 1122 1021
3386 4 2 0 1 831 1318 1270 1644
3387 4 2 0 1 1291 1585 1232 1077
3388 4 2 0 1 1441 1503 1313 1197
3389 4 2 0 1 1133 1352 118 1614
3390 4 2 0 1 1065 1234 1371 1544
3391 4 2 0 1 50 1324 1218 1717
3392 4 2 0 1 1107 443 1386 1505
3393 4 2 0 1 1054 1046 1108 1307
3394 4 2 0 1 1054 1046 1307 1489
3395 4 2 0 1 404 1316 1139 1582
3396 4 2 0 1 362 1780 361 1423
3397 4 2 0 1 1025 1486 1240 1739
3398 4 2 0 1 1202 1644 1639 1427
3399 4 2 0 1 1004 1089 1384 1479
3400 4 2 0 1 1029 1080 1495 1675
3401 4 2 0 1 512 1274 1146 1365
3402 4 2 0 1 229 1398 1286 1228
3403 4 2 0 1 1478 1020 1153 1742
3404 4 2 0 1 1112 1516 1322 1555
3405 4 2 0 1 1293 1477 1479 1004
3406 4 2 0 1 413 1462 351 416
3407 4 2 0 1 1792 962 915 1787
3408 4 2 0 1 1002 1082 1251 1394
3409 4 2 0 1 1380 1554 1593 1205
3410 4 2 0 1 1178 603 665 1314
3411 4 2 0 1 1174 1240 1025 1395
3412 4 2 0 1 1165 1293 1080 1479
3413 4 2 0 1 1209 1595 1406 1584
3414 4 2 0 1 1202 1742 1081 1270
3415 4 2 0 1 482 1169 481 1370
3416 4 2 0 1 1775 1791 327 218
3417 4 2 0 1 764 705 702 1141
3418 4 2 0 1 1028 1433 1160 1701
3419 4 2 0 1 1267 1515 1166 1668
3420 4 2 0 1 1705 1635 1144 1686
3421 4 2 0 1 929 1344 1158 1435
3422 4 2 0 1 1230 1503 1214 1700
3423 4 2 0 1 1135 52 1164 1513
3424 4 2 0 1 1404 1491 155 1753
3425 4 2 0 1 1038 1460 1285 1556
3426 4 2 0 1 141 144 1106 1470
3427 4 2 0 1 1084 1040 1015 1362
3428 4 2 0 1 1084 1015 1040 1271
3429 4 2 0 1 1209 1595 1584 1345
3430 4 2 0 1 1326 1702 1444 1748
3431 4 2 0 1 1084 1271 1040 1398
3432 4 2 0 1 1006 1264 1162 1487
3433 4 2 0 1 1043 1191 1145 1001
3434 4 2 0 1 1317 1538 1167 1645
3435 4 2 0 1 1305 1396 1142 1431
3436 4 2 0 1 433 498 1279 1466
3437 4 2 0 1 1130 1541 1331 1549
3438 4 2 0 1 1170 1447 1076 1650
3439 4 2 0 1 1064 1174 1143 1332
3440 4 2 0 1 1792 962 1787 736
3441 4 2 0 1 1324 80 51 1352
3442 4 2 0 1 13 1235 1492 14
3443 4 2 0 1 506 1134 1253 1342
3444 4 2 0 1 1453 1543 1411 1186
3445 4 2 0 1 1064 1143 1174 1395
3446 4 2 0 1 1111 1370 1150 1434
3447 4 2 0 1 736 1787 1792 797
3448 4 2 0 1 427 1129 1207 1423
3449 4 2 0 1 512 450 1628 1274
3450 4 2 0 1 1326 1702 1748 1096
3451 4 2 0 1 1002 1407 1457 1712
3452 4 2 0 1 1130 1331 1150 1549
3453 4 2 0 1 453 1255 392 1692
3454 4 2 0 1 1006 1487 1138 1264
3455 4 2 0 1 1117 1223 1511 1056
3456 4 2 0 1 864 1329 1493 865
3457 4 2 0 1 294 295 1119 1392
3458 4 2 0 1 1507 1592 257 1231
3459 4 2 0 1 1078 1632 1170 1013
3460 4 2 0 1 1245 1670 1583 1017
3461 4 2 0 1 623 624 1439 1631
3462 4 2 0 1 1160 1433 1147 1701
3463 4 2 0 1 1015 1123 1297 1652
3464 4 2 0 1 1078 1260 1632 1013
3465 4 2 0 1 268 1791 327 1775
3466 4 2 0 1 1508 1028 1190 1537
3467 4 2 0 1 817 1355 1180 1686
3468 4 2 0 1 268 327 1791 325
3469 4 2 0 1 1608 1520 1126 1345
3470 4 2 0 1 1073 1257 1686 1745
3471 4 2 0 1 1718 1671 458 1185
3472 4 2 0 1 1085 1241 1436 1649
3473 4 2 0 1 1008 1127 1446 1112
3474 4 2 0 1 1019 1172 1134 1288
3475 4 2 0 1 1038 1286 1285 1394
3476 4 2 0 1 1748 1526 1024 1231
3477 4 2 0 1 1034 1150 1331 1549
3478 4 2 0 1 499 553 1211 1540
3479 4 2 0 1 1467 1612 1069 1615
3480 4 2 0 1 455 1663 456 1693
3481 4 2 0 1 1060 1321 1262 1429
3482 4 2 0 1 1112 1225 1273 1043
3483 4 2 0 1 864 1329 865 924
3484 4 2 0 1 1131 1119 355 1350
3485 4 2 0 1 1012 1173 1489 1672
3486 4 2 0 1 1019 1134 1172 1342
3487 4 2 0 1 1152 1284 1283 1661
3488 4 2 0 1 1189 931 928 1719
3489 4 2 0 1 1376 1477 1184 1479
3490 4 2 0 1 1231 1378 1096 1702
3491 4 2 0 1 1015 1297 1123 1415
3492 4 2 0 1 1087 1334 1195 1621
3493 4 2 0 1 303 1303 1060 1507
3494 4 2 0 1 1107 1551 1276 1505
3495 4 2 0 1 1080 1376 1210 1555
3496 4 2 0 1 1518 1662 1298 1720
3497 4 2 0 1 1137 1181 636 1412
3498 4 2 0 1 1071 1542 1346 1715
3499 4 2 0 1 327 1791 172 218
3500 4 2 0 1 1209 1595 1345 1020
3501 4 2 0 1 1491 1416 1053 1261
3502 4 2 0 1 1355 1635 1686 1144
3503 4 2 0 1 1209 1595 1020 1406
3504 4 2 0 1 671 1451 960 1589
3505 4 2 0 1 1184 1036 1411 1222
3506 4 2 0 1 1404 1491 1753 1053
3507 4 2 0 1 1779 1796 927 982
3508 4 2 0 1 1396 1676 1124 1027
3509 4 2 0 1 1176 1467 1069 1570
3510 4 2 0 1 1273 1654 407 1094
3511 4 2 0 1 172 1791 171 218
3512 4 2 0 1 1150 1007 1367 1761
3513 4 2 0 1 1491 1416 1261 1052
3514 4 2 0 1 1034 1119 1264 1382
3515 4 2 0 1 31 29 1352 1492
3516 4 2 0 1 311 1162 310 1378
3517 4 2 0 1 1377 31 1492 14
3518 4 2 0 1 1243 1572 1531 1598
3519 4 2 0 1 303 1507 1060 1592
3520 4 2 0 1 1002 1567 1204 1051
3521 4 2 0 1 508 1217 570 1500
3522 4 2 0 1 1100 1296 1186 1709
3523 4 2 0 1 1326 1702 1096 1005
3524 4 2 0 1 1748 1526 1231 1177
3525 4 2 0 1 407 1523 1094 1654
3526 4 2 0 1 1047 1377 1374 1474
3527 4 2 0 1 1061 1360 1278 1379
3528 4 2 0 1 863 1497 1192 1639
3529 4 2 0 1 1108 1236 1054 1545
3530 4 2 0 1 545 481 482 1169
3531 4 2 0 1 1025 1181 1123 1568
3532 4 2 0 1 1282 1484 1031 1623
3533 4 2 0 1 1110 1484 1282 1623
3534 4 2 0 1 986 667 668 1589
3535 4 2 0 1 327 1791 1692 172
3536 4 2 0 1 1039 1702 1231 1710
3537 4 2 0 1 1251 1457 1136 1655
3538 4 2 0 1 1040 1228 1398 1605
3539 4 2 0 1 1528 1343 1199 1050
3540 4 2 0 1 209 1195 259 1552
3541 4 2 0 1 1327 412 346 1558
3542 4 2 0 1 1421 1735 1515 1321
3543 4 2 0 1 1161 1409 1309 1596
3544 4 2 0 1 1253 1276 1027 1634
3545 4 2 0 1 670 1776 669 958
3546 4 2 0 1 1077 1291 1196 1488
3547 4 2 0 1 1069 1467 1176 1612
3548 4 2 0 1 1156 1033 1554 1606
3549 4 2 0 1 780 1247 1216 1577
3550 4 2 0 1 1081 1153 1270 1742
3551 4 2 0 1 1143 1240 1049 1367
3552 4 2 0 1 1309 1409 1032 1596
3553 4 2 0 1 262 1187 263 1203
3554 4 2 0 1 29 1220 1218 1492
3555 4 2 0 1 1742 1074 1209 1020
3556 4 2 0 1 1090 1309 1221 1486
3557 4 2 0 1 1032 1353 1313 1073
3558 4 2 0 1 310 1265 1162 1667
3559 4 2 0 1 1002 1275 1251 1457
3560 4 2 0 1 1002 1082 1394 1460
3561 4 2 0 1 433 1466 1210 1597
3562 4 2 0 1 319 383 1534 335
3563 4 2 0 1 1049 1007 1143 1367
3564 4 2 0 1 1004 1089 1293 1336
3565 4 2 0 1 1029 1201 1405 1472
3566 4 2 0 1 1045 1176 1465 1570
3567 4 2 0 1 1299 1260 1570 1068
3568 4 2 0 1 143 1491 1518 1753
3569 4 2 0 1 670 1776 913 733
3570 4 2 0 1 1021 1372 1122 1506
3571 4 2 0 1 1384 1479 1089 1698
3572 4 2 0 1 1791 267 325 1767
3573 4 2 0 1 1680 1088 823 1629
3574 4 2 0 1 589 1197 1214 1475
3575 4 2 0 1 1576 1715 1415 1154
3576 4 2 0 1 1214 527 1580 1700
3577 4 2 0 1 1114 1580 1230 1726
3578 4 2 0 1 1042 1196 1145 1001
3579 4 2 0 1 800 1128 739 1521
3580 4 2 0 1 344 1557 1558 1616
3581 4 2 0 1 1206 435 1466 1207
3582 4 2 0 1 1245 1633 1116 1729
3583 4 2 0 1 1786 265 1552 264
3584 4 2 0 1 947 892 1344 1719
3585 4 2 0 1 432 1279 1237 1501
3586 4 2 0 1 913 1776 670 958
3587 4 2 0 1 1041 1399 1141 1445
3588 4 2 0 1 1204 1670 1002 1051
3589 4 2 0 1 319 263 274 1203
3590 4 2 0 1 565 501 564 1142
3591 4 2 0 1 1374 1377 1133 1474
3592 4 2 0 1 1187 1188 1063 1509
3593 4 2 0 1 1192 1329 865 1493
3594 4 2 0 1 260 1509 1203 1674
3595 4 2 0 1 1328 1410 1308 1035
3596 4 2 0 1 1274 1456 1017 1734
3597 4 2 0 1 816 1180 1355 1430
3598 4 2 0 1 214 1786 265 1766
3599 4 2 0 1 1009 1463 1186 1698
3600 4 2 0 1 1106 1499 144 1657
3601 4 2 0 1 843 1329 1216 1422
3602 4 2 0 1 1250 1397 1031 1525
3603 4 2 0 1 127 1188 169 1509
3604 4 2 0 1 420 1350 483 1370
3605 4 2 0 1 1328 1410 1499 1308
3606 4 2 0 1 223 1084 1398 277
3607 4 2 0 1 1178 602 1240 1683
3608 4 2 0 1 1043 1516 1322 1112
3609 4 2 0 1 1230 1280 401 1587
3610 4 2 0 1 1174 1240 599 1425
3611 4 2 0 1 1291 1194 1196 1488
3612 4 2 0 1 1692 1791 327 325
3613 4 2 0 1 1221 1025 1568 1181
3614 4 2 0 1 1178 603 1314 1617
3615 4 2 0 1 1112 1225 1043 1516
3616 4 2 0 1 1016 1161 1300 1409
3617 4 2 0 1 9 1110 11 1485
3618 4 2 0 1 89 1133 124 1377
3619 4 2 0 1 1141 1193 767 1403
3620 4 2 0 1 1139 1522 405 1582
3621 4 2 0 1 1471 1513 1512 1075
3622 4 2 0 1 1056 1223 1163 1274
3623 4 2 0 1 1747 1312 1368 32
3624 4 2 0 1 1198 1384 1089 1588
3625 4 2 0 1 1282 1335 1110 1381
3626 4 2 0 1 1013 1147 1208 1723
3627 4 2 0 1 214 1786 1766 215
3628 4 2 0 1 1089 1479 1293 1698
3629 4 2 0 1 1200 1277 837 1573
3630 4 2 0 1 1198 1317 1026 1366
3631 4 2 0 1 1294 1444 1177 1748
3632 4 2 0 1 1088 1161 1309 1318
3633 4 2 0 1 1182 1118 1383 1406
3634 4 2 0 1 1378 310 255 1458
3635 4 2 0 1 875 1768 869 930
3636 4 2 0 1 425 488 1129 1414
3637 4 2 0 1 1242 1336 1095 1384
3638 4 2 0 1 1004 1336 1242 1384
3639 4 2 0 1 1791 325 267 268
3640 4 2 0 1 1633 1245 1583 1017
3641 4 2 0 1 1173 1243 1012 1262
3642 4 2 0 1 1123 1229 1136 1655
3643 4 2 0 1 656 1387 714 1160
3644 4 2 0 1 488 489 1129 1323
3645 4 2 0 1 127 1369 1188 1697
3646 4 2 0 1 1692 1791 129 172
3647 4 2 0 1 1189 1014 1224 1461
3648 4 2 0 1 823 1629 1088 1644
3649 4 2 0 1 1234 1010 1371 1544
3650 4 2 0 1 427 1206 371 1423
3651 4 2 0 1 1791 1767 325 171
3652 4 2 0 1 1186 1091 1588 1698
3653 4 2 0 1 1326 1702 1005 1444
3654 4 2 0 1 1278 1379 1360 1443
3655 4 2 0 1 1003 1299 1170 1013
3656 4 2 0 1 1018 1219 1120 1648
3657 4 2 0 1 884 1202 1427 1644
3658 4 2 0 1 9 1485 8 1566
3659 4 2 0 1 1255 1400 1366 1058
3660 4 2 0 1 1524 1766 166 167
3661 4 2 0 1 215 211 1766 170
3662 4 2 0 1 129 1791 1692 325
3663 4 2 0 1 1058 1255 1400 1642
3664 4 2 0 1 899 1630 1213 1745
3665 4 2 0 1 566 1142 629 1305
3666 4 2 0 1 854 983 905 1575
3667 4 2 0 1 788 1337 1422 1216
3668 4 2 0 1 21 1219 1120 1426
3669 4 2 0 1 1576 1424 1761 1113
3670 4 2 0 1 376 439 1505 1551
3671 4 2 0 1 1245 1527 1117 1758
3672 4 2 0 1 898 951 1158 1213
3673 4 2 0 1 1768 991 966 1793
3674 4 2 0 1 1223 1245 1117 1758
3675 4 2 0 1 1084 1187 1188 1063
3676 4 2 0 1 1774 964 917 1784
3677 4 2 0 1 1227 1484 1485 1623
3678 4 2 0 1 1347 1447 1076 1716
3679 4 2 0 1 1774 964 965 917
3680 4 2 0 1 958 959 986 669
3681 4 2 0 1 620 1201 1209 1636
3682 4 2 0 1 1421 1515 1735 1105
3683 4 2 0 1 785 1694 1594 1696
3684 4 2 0 1 1103 1215 1157 1755
3685 4 2 0 1 1084 1188 1187 1609
3686 4 2 0 1 1132 1287 1258 1346
3687 4 2 0 1 247 1423 1404 1506
3688 4 2 0 1 1140 1208 1139 1464
3689 4 2 0 1 1217 1500 1027 1677
3690 4 2 0 1 1258 1346 1542 1132
3691 4 2 0 1 1243 1303 1262 1598
3692 4 2 0 1 90 1223 60 91
3693 4 2 0 1 1178 1240 602 1617
3694 4 2 0 1 917 1774 1784 858
3695 4 2 0 1 129 1791 171 172
3696 4 2 0 1 1256 1269 1096 1440
3697 4 2 0 1 1052 1261 1491 1601
3698 4 2 0 1 1665 940 976 945
3699 4 2 0 1 621 1201 558 1391
3700 4 2 0 1 1091 1518 1298 1720
3701 4 2 0 1 1033 1205 1148 1593
3702 4 2 0 1 1009 1186 1588 1698
3703 4 2 0 1 1297 1395 1123 1415
3704 4 2 0 1 1030 1241 1151 1436
3705 4 2 0 1 1266 1486 1025 1568
3706 4 2 0 1 1027 1124 1281 1676
3707 4 2 0 1 1540 1466 1339 1211
3708 4 2 0 1 757 1101 1180 1591
3709 4 2 0 1 641 1317 642 1533
3710 4 2 0 1 1515 1489 1012 1321
3711 4 2 0 1 1217 1420 1086 1658
3712 4 2 0 1 1020 1270 1153 1742
3713 4 2 0 1 523 1155 585 1454
3714 4 2 0 1 420 1350 1370 1764
3715 4 2 0 1 1120 1204 1044 1567
3716 4 2 0 1 1045 1144 1290 1465
3717 4 2 0 1 141 1106 144 1657
3718 4 2 0 1 855 1776 1782 912
3719 4 2 0 1 1009 1296 1560 1709
3720 4 2 0 1 1046 1095 1242 1336
3721 4 2 0 1 1013 1208 1140 1464
3722 4 2 0 1 1019 1272 1305 1733
3723 4 2 0 1 1629 1337 937 881
3724 4 2 0 1 795 1776 855 794
3725 4 2 0 1 1248 203 1374 1440
3726 4 2 0 1 524 1140 1316 586
3727 4 2 0 1 255 1269 1378 1706
3728 4 2 0 1 1392 1380 1402 1706
3729 4 2 0 1 1103 1335 1282 1381
3730 4 2 0 1 1217 1736 1455 1737
3731 4 2 0 1 1080 1293 1165 1675
3732 4 2 0 1 1196 1446 1043 1112
3733 4 2 0 1 855 1776 795 1782
3734 4 2 0 1 304 1173 366 1236
3735 4 2 0 1 1060 1262 1302 1303
3736 4 2 0 1 1243 1262 1173 1598
3737 4 2 0 1 1050 1295 1199 1413
3738 4 2 0 1 1199 1295 1083 1413
3739 4 2 0 1 1092 1405 1179 1631
3740 4 2 0 1 1001 1555 1322 1675
3741 4 2 0 1 1025 1266 1123 1395
3742 4 2 0 1 1194 1112 1001 1555
3743 4 2 0 1 1734 1136 1655 1251
3744 4 2 0 1 1235 1377 1047 1474
3745 4 2 0 1 1044 1204 1120 1648
3746 4 2 0 1 1113 1287 1132 1346
3747 4 2 0 1 1265 1119 1341 1708
3748 4 2 0 1 1179 1330 622 1391
3749 4 2 0 1 1218 51 1324 50
3750 4 2 0 1 1089 1588 1384 1698
3751 4 2 0 1 1116 1398 1084 1583
3752 4 2 0 1 1796 1768 982 981
3753 4 2 0 1 751 1232 1183 1330
3754 4 2 0 1 1043 1001 1196 1112
3755 4 2 0 1 1059 1421 1321 1526
3756 4 2 0 1 1072 1373 1323 1414
3757 4 2 0 1 1323 1373 1129 1414
3758 4 2 0 1 1086 1420 1217 1677
3759 4 2 0 1 141 1106 102 1470
3760 4 2 0 1 290 1287 1132 1462
3761 4 2 0 1 1669 1338 1307 1108
3762 4 2 0 1 1228 1286 1040 1398
3763 4 2 0 1 1429 1667 1361 1162
3764 4 2 0 1 592 593 1208 1375
3765 4 2 0 1 511 514 1151 1412
3766 4 2 0 1 206 1269 161 1256
3767 4 2 0 1 25 1164 1220 1561
3768 4 2 0 1 1076 1650 1447 1371
3769 4 2 0 1 1031 1397 1250 1625
3770 4 2 0 1 1079 1250 1397 1625
3771 4 2 0 1 294 1392 1119 1393
3772 4 2 0 1 849 793 854 984
3773 4 2 0 1 1176 1476 1045 1564
3774 4 2 0 1 1081 1153 1742 1478
3775 4 2 0 1 1057 1128 1212 1291
3776 4 2 0 1 1404 1491 1053 1261
3777 4 2 0 1 1183 1232 751 1532
3778 4 2 0 1 1313 1353 1257 1073
3779 4 2 0 1 1068 1260 1459 1013
3780 4 2 0 1 1383 1406 1118 1590
3781 4 2 0 1 1224 1284 1152 1661
3782 4 2 0 1 1049 1178 1240 1486
3783 4 2 0 1 1088 1247 1309 1409
3784 4 2 0 1 760 1221 1486 1568
3785 4 2 0 1 1372 1540 1207 1339
3786 4 2 0 1 1130 1266 1123 1445
3787 4 2 0 1 1037 1447 1347 1716
3788 4 2 0 1 1085 1751 1027 1253
3789 4 2 0 1 795 735 1770 734
3790 4 2 0 1 1313 1357 1101 1503
3791 4 2 0 1 1150 1434 1130 1549
3792 4 2 0 1 1112 1225 1516 1122
3793 4 2 0 1 1576 1715 1154 1346
3794 4 2 0 1 984 1797 983 955
3795 4 2 0 1 278 1504 1100 279
3796 4 2 0 1 1691 1102 1671 396
3797 4 2 0 1 990 1788 965 1793
3798 4 2 0 1 1333 1521 787 1750
3799 4 2 0 1 421 1341 483 1350
3800 4 2 0 1 1050 1295 1413 1496
3801 4 2 0 1 396 1102 1671 1386
3802 4 2 0 1 1065 1371 1300 1544
3803 4 2 0 1 955 1790 907 908
3804 4 2 0 1 514 1146 512 1628
3805 4 2 0 1 46 1282 1319 1623
3806 4 2 0 1 1083 1413 1295 1496
3807 4 2 0 1 1575 983 923 994
3808 4 2 0 1 1132 1287 1113 1462
3809 4 2 0 1 1036 1222 1184 1376
3810 4 2 0 1 1149 1360 1026 1384
3811 4 2 0 1 925 865 1192 1329
3812 4 2 0 1 1215 1319 1397 1470
3813 4 2 0 1 1003 1447 1170 1650
3814 4 2 0 1 1082 1727 1285 1728
3815 4 2 0 1 171 1791 129 325
3816 4 2 0 1 1204 1567 1120 1051
3817 4 2 0 1 1453 1504 280 1186
3818 4 2 0 1 1299 1260 1068 1013
3819 4 2 0 1 25 1219 1164 1561
3820 4 2 0 1 1125 1235 1047 1326
3821 4 2 0 1 1109 1235 1125 1326
3822 4 2 0 1 498 1092 497 1279
3823 4 2 0 1 565 1142 566 1664
3824 4 2 0 1 1785 193 242 1777
3825 4 2 0 1 1149 1518 1184 1720
3826 4 2 0 1 1082 1245 1727 1728
3827 4 2 0 1 1734 1136 1251 1362
3828 4 2 0 1 1077 1530 1128 1268
3829 4 2 0 1 1035 1228 1154 1327
3830 4 2 0 1 558 1405 495 559
3831 4 2 0 1 1054 1361 1429 1579
3832 4 2 0 1 1006 1138 1448 1541
3833 4 2 0 1 1419 1447 1170 1632
3834 4 2 0 1 1016 1318 1161 1673
3835 4 2 0 1 1141 1399 705 1445
3836 4 2 0 1 463 1658 1280 1700
3837 4 2 0 1 1067 1565 1478 1714
3838 4 2 0 1 1411 1518 1753 184
3839 4 2 0 1 795 1770 735 796
3840 4 2 0 1 1287 1035 1327 1328
3841 4 2 0 1 1001 1182 1418 1618
3842 4 2 0 1 1371 1010 1234 1134
3843 4 2 0 1 1119 1382 1131 1393
3844 4 2 0 1 1392 1402 1380 1156
3845 4 2 0 1 1232 1330 752 1439
3846 4 2 0 1 1734 1136 1362 1229
3847 4 2 0 1 1768 930 919 952
3848 4 2 0 1 1191 1419 1078 1550
3849 4 2 0 1 1141 1006 1735 1448
3850 4 2 0 1 1258 1308 1079 1622
3851 4 2 0 1 1043 1322 1191 1001
3852 4 2 0 1 1127 1273 1122 1638
3853 4 2 0 1 1134 1076 1536 1371
3854 4 2 0 1 907 906 1790 1797
3855 4 2 0 1 770 832 1153 1637
3856 4 2 0 1 1230 1580 1114 1581
3857 4 2 0 1 292 1131 291 1258
3858 4 2 0 1 1194 1339 1022 1291
3859 4 2 0 1 1120 1051 1117 1204
3860 4 2 0 1 1011 1137 1181 1441
3861 4 2 0 1 1287 1327 1113 1646
3862 4 2 0 1 407 1535 1273 1094
3863 4 2 0 1 895 1152 838 1461
3864 4 2 0 1 350 415 1414 1611
3865 4 2 0 1 764 1434 1193 1549
3866 4 2 0 1 1007 1542 1331 1715
3867 4 2 0 1 1317 1360 1061 1668
3868 4 2 0 1 1081 1192 1644 1673
3869 4 2 0 1 691 1305 1142 1431
3870 4 2 0 1 154 1789 114 153
3871 4 2 0 1 1071 1346 1258 1622
3872 4 2 0 1 832 831 1153 1270
3873 4 2 0 1 1057 1339 1211 1540
3874 4 2 0 1 854 1790 906 1797
3875 4 2 0 1 1072 1372 1323 1373
3876 4 2 0 1 1323 1372 1129 1373
3877 4 2 0 1 1189 1014 1461 1722
3878 4 2 0 1 1149 1184 1004 1720
3879 4 2 0 1 1531 1572 1243 1620
3880 4 2 0 1 1603 557 556 1749
3881 4 2 0 1 319 274 335 1534
3882 4 2 0 1 739 1473 740 676
3883 4 2 0 1 1783 956 909 908
3884 4 2 0 1 146 1215 1397 1470
3885 4 2 0 1 1709 1453 1588 1186
3886 4 2 0 1 1042 1145 1517 1001
3887 4 2 0 1 1036 1376 1184 1479
3888 4 2 0 1 1039 1378 1231 1702
3889 4 2 0 1 1111 1434 1150 1549
3890 4 2 0 1 983 993 994 1575
3891 4 2 0 1 1173 1242 1046 1489
3892 4 2 0 1 1709 1453 1186 1504
3893 4 2 0 1 1293 1651 1089 1698
3894 4 2 0 1 1075 1471 1302 1512
3895 4 2 0 1 1292 1055 1481 1559
3896 4 2 0 1 367 368 1099 1572
3897 4 2 0 1 1087 1621 1195 1674
3898 4 2 0 1 1114 1297 1428 1616
3899 4 2 0 1 1110 1485 1484 1623
3900 4 2 0 1 1001 1194 1555 1675
3901 4 2 0 1 1186 1296 1100 1522
3902 4 2 0 1 1093 1296 1186 1522
3903 4 2 0 1 1589 669 986 959
3904 4 2 0 1 1049 1434 1370 1602
3905 4 2 0 1 1057 1292 1128 1553
3906 4 2 0 1 985 1783 956 1795
3907 4 2 0 1 510 1134 1253 506
3908 4 2 0 1 560 1179 1405 1631
3909 4 2 0 1 340 1522 1100 1582
3910 4 2 0 1 1084 1188 1633 1063
3911 4 2 0 1 1109 1326 1125 1741
3912 4 2 0 1 138 1175 180 1502
3913 4 2 0 1 70 1106 102 101
3914 4 2 0 1 1451 609 960 971
3915 4 2 0 1 1129 247 297 301
3916 4 2 0 1 1165 1651 1293 1698
3917 4 2 0 1 447 1241 1253 1649
3918 4 2 0 1 1033 1301 1625 1703
3919 4 2 0 1 184 1411 233 1753
3920 4 2 0 1 1197 1503 1726 1441
3921 4 2 0 1 1079 1625 1301 1703
3922 4 2 0 1 986 669 1589 668
3923 4 2 0 1 1082 1251 1583 1670
3924 4 2 0 1 1003 1447 1650 1371
3925 4 2 0 1 1779 911 930 952
3926 4 2 0 1 1245 1116 1633 1583
3927 4 2 0 1 1128 1292 1057 1473
3928 4 2 0 1 1382 1393 1119 1554
3929 4 2 0 1 1287 1328 1327 1646
3930 4 2 0 1 1033 1138 1382 1407
3931 4 2 0 1 1150 1542 1007 1761
3932 4 2 0 1 1100 1560 1296 1709
3933 4 2 0 1 960 1451 970 1589
3934 4 2 0 1 1747 1312 32 1171
3935 4 2 0 1 1003 1371 1290 1447
3936 4 2 0 1 1042 1517 1418 1001
3937 4 2 0 1 1070 1355 1180 1430
3938 4 2 0 1 1045 1465 1260 1570
3939 4 2 0 1 1273 1535 1050 1094
3940 4 2 0 1 1018 1204 1117 1456
3941 4 2 0 1 476 415 1351 1559
3942 4 2 0 1 1131 291 1258 1586
3943 4 2 0 1 879 1348 885 1602
3944 4 2 0 1 943 971 547 1348
3945 4 2 0 1 607 1451 671 1589
3946 4 2 0 1 1002 1250 1275 1622
3947 4 2 0 1 1036 1463 1411 1543
3948 4 2 0 1 44 1227 1623 1319
3949 4 2 0 1 1149 1004 1184 1359
3950 4 2 0 1 1120 1204 1018 1648
3951 4 2 0 1 1273 408 1127 1535
3952 4 2 0 1 1091 1384 1720 1058
3953 4 2 0 1 1077 1196 1482 1488
3954 4 2 0 1 1576 1715 1346 1007
3955 4 2 0 1 1042 1283 1284 1661
3956 4 2 0 1 968 1422 992 1574
3957 4 2 0 1 1293 1479 1165 1698
3958 4 2 0 1 234 1506 1222 1656
3959 4 2 0 1 1177 1006 1526 1710
3960 4 2 0 1 1429 1667 1162 1104
3961 4 2 0 1 1121 1030 1151 1436
3962 4 2 0 1 1424 1646 1558 412
3963 4 2 0 1 1316 1155 1731 1744
3964 4 2 0 1 1177 1294 1044 1444
3965 4 2 0 1 1040 1084 1398 1583
3966 4 2 0 1 1084 1040 1362 1583
3967 4 2 0 1 544 1314 1169 1451
3968 4 2 0 1 1680 1088 1629 1216
3969 4 2 0 1 179 1116 136 1689
3970 4 2 0 1 1788 814 875 1793
3971 4 2 0 1 1139 1208 1140 1681
3972 4 2 0 1 145 1470 1397 1690
3973 4 2 0 1 322 1724 1195 386
3974 4 2 0 1 1212 740 1473 677
3975 4 2 0 1 1248 1374 203 1614
3976 4 2 0 1 1019 1233 1155 1733
3977 4 2 0 1 757 1257 1180 1101
3978 4 2 0 1 968 985 986 1574
3979 4 2 0 1 1197 1289 1115 1475
3980 4 2 0 1 1074 1201 1472 1636
3981 4 2 0 1 1746 1637 1118 1590
3982 4 2 0 1 1157 191 239 1606
3983 4 2 0 1 1088 1161 1318 1673
3984 4 2 0 1 937 936 1337 1422
3985 4 2 0 1 1026 1317 1198 1533
3986 4 2 0 1 1064 1428 1297 1616
3987 4 2 0 1 1030 1280 1436 1587
3988 4 2 0 1 257 1231 1378 1440
3989 4 2 0 1 1242 1336 1004 1349
3990 4 2 0 1 1047 1498 1312 1256
3991 4 2 0 1 21 1401 19 1426
3992 4 2 0 1 1768 930 875 919
3993 4 2 0 1 288 1287 1328 236
3994 4 2 0 1 790 984 985 793
3995 4 2 0 1 118 1133 89 1352
3996 4 2 0 1 703 1533 1095 1699
3997 4 2 0 1 114 1789 154 1578
3998 4 2 0 1 577 1198 582 519
3999 4 2 0 1 1361 311 1162 1667
4000 4 2 0 1 1788 814 815 875
4001 4 2 0 1 1581 1643 1580 1114
4002 4 2 0 1 1050 1273 1343 1446
4003 4 2 0 1 746 1209 1345 1547
4004 4 2 0 1 1067 1565 1239 1632
4005 4 2 0 1 1228 1327 1035 1328
4006 4 2 0 1 857 797 1784 1792
4007 4 2 0 1 1078 1626 1191 1013
4008 4 2 0 1 1001 1165 1191 1550
4009 4 2 0 1 1109 1444 1294 1748
4010 4 2 0 1 1157 190 1607 1755
4011 4 2 0 1 1195 1334 1087 1641
4012 4 2 0 1 928 1344 1189 1719
4013 4 2 0 1 1183 1390 685 1391
4014 4 2 0 1 1066 1510 1254 1538
4015 4 2 0 1 461 1316 1306 1679
4016 4 2 0 1 1030 1436 1121 1587
4017 4 2 0 1 1016 1409 1300 1705
4018 4 2 0 1 1135 1164 52 1379
4019 4 2 0 1 990 1788 1793 814
4020 4 2 0 1 1467 1615 1731 1454
4021 4 2 0 1 1251 1362 1136 1040
4022 4 2 0 1 1434 885 1602 825
4023 4 2 0 1 1042 1432 1482 1661
4024 4 2 0 1 1009 1463 1419 1626
4025 4 2 0 1 1258 1542 1346 1071
4026 4 2 0 1 1789 154 1578 158
4027 4 2 0 1 1133 1352 1218 1492
4028 4 2 0 1 571 1234 572 635
4029 4 2 0 1 1576 1715 1007 1415
4030 4 2 0 1 209 210 1195 1438
4031 4 2 0 1 196 158 1789 202
4032 4 2 0 1 1730 1424 541 1143
4033 4 2 0 1 1277 1432 1358 1160
4034 4 2 0 1 1380 1593 1554 1156
4035 4 2 0 1 90 1163 126 1524
4036 4 2 0 1 255 1378 1458 1706
4037 4 2 0 1 1026 1317 1095 1360
4038 4 2 0 1 265 322 1195 321
4039 4 2 0 1 847 1694 786 785
4040 4 2 0 1 119 1315 110 1684
4041 4 2 0 1 1734 1136 1229 1655
4042 4 2 0 1 1086 1085 1503 1677
4043 4 2 0 1 418 1132 1462 353
4044 4 2 0 1 158 201 1789 202
4045 4 2 0 1 1316 1731 1155 1454
4046 4 2 0 1 401 463 1280 1700
4047 4 2 0 1 1123 1136 1539 1655
4048 4 2 0 1 1481 1008 1128 1553
4049 4 2 0 1 307 1597 1261 370
4050 4 2 0 1 929 949 1158 1344
4051 4 2 0 1 1344 1354 1045 1564
4052 4 2 0 1 879 1169 1348 1602
4053 4 2 0 1 1116 179 1286 1689
4054 4 2 0 1 367 1099 433 1279
4055 4 2 0 1 1016 1226 1158 1320
4056 4 2 0 1 1034 1331 1541 1549
4057 4 2 0 1 611 1385 942 943
4058 4 2 0 1 1094 1604 1208 1723
4059 4 2 0 1 1403 1429 1054 1735
4060 4 2 0 1 1110 1381 1335 1610
4061 4 2 0 1 1044 1294 1421 1648
4062 4 2 0 1 13 1109 10 1561
4063 4 2 0 1 41 1159 1219 1426
4064 4 2 0 1 199 1614 1324 1249
4065 4 2 0 1 1068 1476 1260 1570
4066 4 2 0 1 19 1426 1401 1758
4067 4 2 0 1 843 1216 788 1422
4068 4 2 0 1 1027 1246 1217 1634
4069 4 2 0 1 223 1116 1609 175
4070 4 2 0 1 686 1330 1183 1391
4071 4 2 0 1 1021 1376 1516 1555
4072 4 2 0 1 990 1793 965 991
4073 4 2 0 1 1293 1336 1118 1349
4074 4 2 0 1 1789 154 158 196
4075 4 2 0 1 1771 854 1797 983
4076 4 2 0 1 1248 1249 198 1507
4077 4 2 0 1 1737 1621 1203 1548
4078 4 2 0 1 1172 1076 1560 1718
4079 4 2 0 1 1091 1384 1588 1698
4080 4 2 0 1 1252 224 273 1624
4081 4 2 0 1 1001 1418 1194 1618
4082 4 2 0 1 657 1433 1147 656
4083 4 2 0 1 636 699 1221 1596
4084 4 2 0 1 450 1628 1274 1724
4085 4 2 0 1 158 1789 201 1578
4086 4 2 0 1 1172 1560 1185 1718
4087 4 2 0 1 1251 1394 1082 1583
4088 4 2 0 1 1033 1393 1382 1554
4089 4 2 0 1 114 1789 112 153
4090 4 2 0 1 1181 1297 1123 1652
4091 4 2 0 1 1173 1242 1099 1501
4092 4 2 0 1 1250 1599 1275 1622
4093 4 2 0 1 1085 1027 1357 1677
4094 4 2 0 1 1031 1148 1250 1484
4095 4 2 0 1 1250 1394 1275 1599
4096 4 2 0 1 1043 1446 1273 1112
4097 4 2 0 1 1313 1357 1010 1101
4098 4 2 0 1 1197 1032 1289 1353
4099 4 2 0 1 1470 144 1690 145
4100 4 2 0 1 151 1781 1687 1261
4101 4 2 0 1 1032 1309 1247 1409
4102 4 2 0 1 288 1287 236 289
4103 4 2 0 1 633 1101 1281 1420
4104 4 2 0 1 1617 1240 541 1367
4105 4 2 0 1 1338 1472 1237 1603
4106 4 2 0 1 728 1178 1683 665
4107 4 2 0 1 952 1771 907 1779
4108 4 2 0 1 1322 1555 1080 1675
4109 4 2 0 1 236 1308 1328 1499
4110 4 2 0 1 1046 1242 1173 1501
4111 4 2 0 1 301 1506 287 1373
4112 4 2 0 1 952 1771 906 907
4113 4 2 0 1 1231 1507 1060 1526
4114 4 2 0 1 1154 1228 1040 1605
4115 4 2 0 1 1274 1365 513 1562
4116 4 2 0 1 700 763 702 1266
4117 4 2 0 1 1178 603 1617 602
4118 4 2 0 1 1139 1316 404 1681
4119 4 2 0 1 1249 1302 1075 1303
4120 4 2 0 1 847 803 787 1333
4121 4 2 0 1 80 79 113 1324
4122 4 2 0 1 1363 1263 1448 1105
4123 4 2 0 1 748 1584 1390 1345
4124 4 2 0 1 308 1785 253 300
4125 4 2 0 1 543 1169 1314 1617
4126 4 2 0 1 789 1422 1337 1574
4127 4 2 0 1 1314 1451 544 1589
4128 4 2 0 1 1137 1221 1181 1441
4129 4 2 0 1 244 242 1778 296
4130 4 2 0 1 588 651 1101 1214
4131 4 2 0 1 432 367 1279 1501
4132 4 2 0 1 622 558 559 1179
4133 4 2 0 1 1074 1472 1338 1603
4134 4 2 0 1 1746 1637 1590 771
4135 4 2 0 1 1254 1538 1056 1562
4136 4 2 0 1 1039 1162 1487 1710
4137 4 2 0 1 1244 1531 1243 1620
4138 4 2 0 1 923 927 983 911
4139 4 2 0 1 1680 1088 1216 1309
4140 4 2 0 1 1217 1087 1634 1736
4141 4 2 0 1 1035 1154 1275 1346
4142 4 2 0 1 1096 1326 1047 1474
4143 4 2 0 1 1623 11 1485 24
4144 4 2 0 1 783 1199 1433 1537
4145 4 2 0 1 1072 1414 1323 1559
4146 4 2 0 1 1109 1125 1325 1741
4147 4 2 0 1 1020 1590 1406 1383
4148 4 2 0 1 1377 1474 1492 1133
4149 4 2 0 1 1120 1219 1018 1426
4150 4 2 0 1 263 1203 318 262
4151 4 2 0 1 750 1284 1183 1532
4152 4 2 0 1 1260 1476 1068 1738
4153 4 2 0 1 575 1229 639 1363
4154 4 2 0 1 1163 1223 1056 1437
4155 4 2 0 1 300 1785 253 246
4156 4 2 0 1 1529 1607 1103 1156
4157 4 2 0 1 1161 1300 1409 1544
4158 4 2 0 1 1047 1377 1368 1514
4159 4 2 0 1 128 125 167 1524
4160 4 2 0 1 1261 1404 155 1310
4161 4 2 0 1 741 1212 802 1439
4162 4 2 0 1 263 318 1203 319
4163 4 2 0 1 896 1152 872 1283
4164 4 2 0 1 1046 1336 1242 1349
4165 4 2 0 1 884 1270 831 890
4166 4 2 0 1 1201 1048 1391 1584
4167 4 2 0 1 1052 1244 1243 1620
4168 4 2 0 1 1118 1338 1046 1746
4169 4 2 0 1 1230 1436 1280 1587
4170 4 2 0 1 253 1785 1781 246
4171 4 2 0 1 132 133 1188 1729
4172 4 2 0 1 1434 885 825 826
4173 4 2 0 1 1046 1338 1307 1746
4174 4 2 0 1 733 1782 734 795
4175 4 2 0 1 447 1253 510 1649
4176 4 2 0 1 1174 1425 655 1643
4177 4 2 0 1 96 1116 1729 1727
4178 4 2 0 1 1150 1331 1130 1007
4179 4 2 0 1 1292 1323 1057 1473
4180 4 2 0 1 1214 1580 1230 1700
4181 4 2 0 1 839 838 1152 1358
4182 4 2 0 1 1219 1294 1120 1648
4183 4 2 0 1 1002 1275 1250 1394
4184 4 2 0 1 8 1566 1485 1364
4185 4 2 0 1 1629 1337 1680 1216
4186 4 2 0 1 1508 1190 1028 1482
4187 4 2 0 1 138 1502 1388 1657
4188 4 2 0 1 1049 1130 1434 1266
4189 4 2 0 1 414 1638 1127 1611
4190 4 2 0 1 1128 1291 1008 1530
4191 4 2 0 1 1077 1291 1128 1530
4192 4 2 0 1 561 499 1211 1466
4193 4 2 0 1 1027 1281 1124 1357
4194 4 2 0 1 745 975 976 1427
4195 4 2 0 1 1024 1248 1474 1748
4196 4 2 0 1 361 1423 425 426
4197 4 2 0 1 1152 1482 1432 1661
4198 4 2 0 1 1056 1274 1163 1562
4199 4 2 0 1 1040 1398 1286 1583
4200 4 2 0 1 229 1398 1228 228
4201 4 2 0 1 1090 1337 1178 1683
4202 4 2 0 1 1019 1070 1134 1751
4203 4 2 0 1 124 1374 88 1377
4204 4 2 0 1 361 425 1423 360
4205 4 2 0 1 1380 1392 1039 1706
4206 4 2 0 1 577 1198 519 1366
4207 4 2 0 1 1057 1212 1128 1473
4208 4 2 0 1 90 1369 1223 91
4209 4 2 0 1 1258 237 1308 1287
4210 4 2 0 1 823 1309 762 1318
4211 4 2 0 1 1120 1219 21 1561
4212 4 2 0 1 1123 1015 1229 1652
4213 4 2 0 1 1204 1670 1456 1062
4214 4 2 0 1 1087 1241 1334 1548
4215 4 2 0 1 1608 1520 1345 807
4216 4 2 0 1 827 766 769 1307
4217 4 2 0 1 1578 154 113 117
4218 4 2 0 1 1006 1321 1526 1710
4219 4 2 0 1 1781 1261 193 1785
4220 4 2 0 1 1221 1025 1181 1739
4221 4 2 0 1 1286 1398 1116 1583
4222 4 2 0 1 715 1257 1197 1353
4223 4 2 0 1 72 1135 1379 1443
4224 4 2 0 1 45 1164 1219 1159
4225 4 2 0 1 1095 1360 1317 1668
4226 4 2 0 1 1419 1447 1037 1716
4227 4 2 0 1 1324 51 80 79
4228 4 2 0 1 1202 1639 1644 1081
4229 4 2 0 1 1159 71 1721 66
4230 4 2 0 1 48 1171 1666 1381
4231 4 2 0 1 1188 1116 1633 1729
4232 4 2 0 1 770 1161 1065 1153
4233 4 2 0 1 620 1201 621 1584
4234 4 2 0 1 1192 1497 1088 1673
4235 4 2 0 1 1045 1476 1200 1564
4236 4 2 0 1 1150 1331 1007 1542
4237 4 2 0 1 1057 1128 1291 1553
4238 4 2 0 1 1241 1628 1151 1649
4239 4 2 0 1 342 1093 1523 1654
4240 4 2 0 1 1091 1588 1384 1058
4241 4 2 0 1 151 1781 1261 193
4242 4 2 0 1 113 154 1578 114
4243 4 2 0 1 718 1475 1425 1732
4244 4 2 0 1 1372 1373 1122 1506
4245 4 2 0 1 405 1523 1139 1604
4246 4 2 0 1 1192 1088 1644 1673
4247 4 2 0 1 923 983 927 994
4248 4 2 0 1 1332 1424 537 1730
4249 4 2 0 1 102 141 140 1657
4250 4 2 0 1 1026 1095 1317 1533
4251 4 2 0 1 1243 1244 1075 1531
4252 4 2 0 1 1351 1481 1055 1559
4253 4 2 0 1 171 216 1767 1524
4254 4 2 0 1 1056 1254 1437 1510
4255 4 2 0 1 70 1388 1106 101
4256 4 2 0 1 1103 1335 1381 1610
4257 4 2 0 1 81 1443 1442 1135
4258 4 2 0 1 1705 1686 1144 1356
4259 4 2 0 1 402 1581 1230 1587
4260 4 2 0 1 550 1323 488 1414
4261 4 2 0 1 524 1140 586 587
4262 4 2 0 1 796 856 1770 1787
4263 4 2 0 1 223 1116 175 179
4264 4 2 0 1 653 718 1289 1475
4265 4 2 0 1 1780 244 299 298
4266 4 2 0 1 1056 1437 1223 1511
4267 4 2 0 1 1396 1676 1142 1431
4268 4 2 0 1 307 1597 370 369
4269 4 2 0 1 1042 1145 1432 1517
4270 4 2 0 1 746 1547 1345 1608
4271 4 2 0 1 902 1537 1190 1696
4272 4 2 0 1 1178 1337 1090 1680
4273 4 2 0 1 1002 1407 1250 1622
4274 4 2 0 1 796 856 1787 857
4275 4 2 0 1 1384 1588 1198 1058
4276 4 2 0 1 1769 244 299 1780
4277 4 2 0 1 1196 1291 1008 1112
4278 4 2 0 1 796 797 1787 735
4279 4 2 0 1 1241 1087 1334 1641
4280 4 2 0 1 431 1237 496 1472
4281 4 2 0 1 636 1221 698 1568
4282 4 2 0 1 546 545 482 1348
4283 4 2 0 1 1117 1527 1245 1670
4284 4 2 0 1 1603 1636 557 1749
4285 4 2 0 1 1322 1001 1112 1555
4286 4 2 0 1 483 546 482 1348
4287 4 2 0 1 1096 1474 1248 1748
4288 4 2 0 1 946 1344 892 1564
4289 4 2 0 1 1059 1421 1294 1648
4290 4 2 0 1 1009 1296 1463 1626
4291 4 2 0 1 750 1284 749 1390
4292 4 2 0 1 292 1258 238 1301
4293 4 2 0 1 1324 1578 117 157
4294 4 2 0 1 1139 1316 1140 1464
4295 4 2 0 1 1123 1266 1130 1007
4296 4 2 0 1 371 1206 435 370
4297 4 2 0 1 1022 1232 1212 1439
4298 4 2 0 1 1023 1389 1560 1582
4299 4 2 0 1 510 1134 506 569
4300 4 2 0 1 1138 1407 1148 1712
4301 4 2 0 1 941 1385 885 1348
4302 4 2 0 1 1360 1379 1471 1135
4303 4 2 0 1 1464 1316 1582 1139
4304 4 2 0 1 1126 1320 1189 1435
4305 4 2 0 1 1044 1712 1640 1757
4306 4 2 0 1 602 1178 665 1683
4307 4 2 0 1 975 745 747 1493
4308 4 2 0 1 1766 266 1524 1438
4309 4 2 0 1 643 1166 642 1267
4310 4 2 0 1 640 1445 1123 1568
4311 4 2 0 1 983 994 982 927
4312 4 2 0 1 1293 1477 1349 1740
4313 4 2 0 1 629 1142 691 1305
4314 4 2 0 1 1670 1583 1734 1251
4315 4 2 0 1 1049 1130 1266 1007
4316 4 2 0 1 637 640 1123 1568
4317 4 2 0 1 143 1491 1149 1518
4318 4 2 0 1 340 278 334 1100
4319 4 2 0 1 96 1116 1727 1689
4320 4 2 0 1 1072 1372 1122 1553
4321 4 2 0 1 1787 797 796 857
4322 4 2 0 1 71 1379 45 1159
4323 4 2 0 1 1361 1546 1429 1592
4324 4 2 0 1 587 1140 1208 1681
4325 4 2 0 1 427 1129 1423 426
4326 4 2 0 1 1265 357 1119 1708
4327 4 2 0 1 144 1499 1106 1690
4328 4 2 0 1 565 564 627 1142
4329 4 2 0 1 618 1636 682 1749
4330 4 2 0 1 1324 117 1578 113
4331 4 2 0 1 159 1133 118 1614
4332 4 2 0 1 762 1161 1309 1596
4333 4 2 0 1 1003 1170 1447 1632
4334 4 2 0 1 473 1424 412 413
4335 4 2 0 1 1290 1371 1065 1447
4336 4 2 0 1 1181 1468 1739 1025
4337 4 2 0 1 1034 1350 1341 1119
4338 4 2 0 1 1463 1479 1091 1698
4339 4 2 0 1 657 592 1147 1375
4340 4 2 0 1 1261 1404 1310 1053
4341 4 2 0 1 1152 1028 1358 1432
4342 4 2 0 1 657 1433 656 720
4343 4 2 0 1 577 1366 515 1538
4344 4 2 0 1 1046 1349 1242 1501
4345 4 2 0 1 1158 1213 1016 1705
4346 4 2 0 1 1090 1216 1337 1683
4347 4 2 0 1 928 870 1189 1435
4348 4 2 0 1 1100 1252 1306 1389
4349 4 2 0 1 164 1374 203 1440
4350 4 2 0 1 1249 1075 1324 1531
4351 4 2 0 1 1139 1464 1208 1723
4352 4 2 0 1 1758 1527 63 1245
4353 4 2 0 1 1023 1560 1296 1582
4354 4 2 0 1 1055 1292 1128 1695
4355 4 2 0 1 292 1131 1301 1393
4356 4 2 0 1 1226 1435 1126 1608
4357 4 2 0 1 396 1102 1386 1452
4358 4 2 0 1 1042 1482 1196 1488
4359 4 2 0 1 1407 1457 1071 1622
4360 4 2 0 1 1363 1448 1263 1041
4361 4 2 0 1 1093 1043 1626 1723
4362 4 2 0 1 1758 63 60 1223
4363 4 2 0 1 1005 1096 1380 1702
4364 4 2 0 1 1042 1284 1283 1488
4365 4 2 0 1 1017 1223 1274 1369
4366 4 2 0 1 1417 1699 708 1490
4367 4 2 0 1 1004 1349 1293 1477
4368 4 2 0 1 1171 1312 32 1684
4369 4 2 0 1 1378 255 310 256
4370 4 2 0 1 893 1200 892 1719
4371 4 2 0 1 929 1158 926 1435
4372 4 2 0 1 1309 1486 1090 1680
4373 4 2 0 1 1026 1384 1095 1533
4374 4 2 0 1 1608 1520 807 1435
4375 4 2 0 1 1048 1406 1201 1618
4376 4 2 0 1 17 1368 1377 1514
4377 4 2 0 1 696 1257 757 1101
4378 4 2 0 1 1006 1487 1162 1710
4379 4 2 0 1 946 932 949 1354
4380 4 2 0 1 1195 1438 1552 209
4381 4 2 0 1 1507 257 1592 302
4382 4 2 0 1 163 207 1269 1440
4383 4 2 0 1 1020 1239 1182 1595
4384 4 2 0 1 1260 1078 1459 1013
4385 4 2 0 1 1054 1321 1166 1735
4386 4 2 0 1 1080 1477 1293 1740
4387 4 2 0 1 1622 1457 1002 1407
4388 4 2 0 1 764 1130 1434 1549
4389 4 2 0 1 1361 1162 311 1592
4390 4 2 0 1 1025 1123 1266 1568
4391 4 2 0 1 960 971 970 1451
4392 4 2 0 1 769 829 830 1168
4393 4 2 0 1 871 870 1224 1461
4394 4 2 0 1 467 1604 405 1681
4395 4 2 0 1 1091 1479 1384 1698
4396 4 2 0 1 1029 1293 1349 1740
4397 4 2 0 1 1173 304 1572 1598
4398 4 2 0 1 1075 1302 1249 1512
4399 4 2 0 1 216 1766 1524 170
4400 4 2 0 1 1242 1349 1099 1501
4401 4 2 0 1 216 1766 170 214
4402 4 2 0 1 120 1097 119 1684
4403 4 2 0 1 1453 1543 1186 280
4404 4 2 0 1 1193 1341 1111 1385
4405 4 2 0 1 1416 433 1099 1597
4406 4 2 0 1 703 1095 1449 1699
4407 4 2 0 1 550 1292 1559 612
4408 4 2 0 1 1141 1429 1264 1104
4409 4 2 0 1 774 1688 1176 1612
4410 4 2 0 1 1076 1172 1650 1371
4411 4 2 0 1 73 1319 1470 70
4412 4 2 0 1 1215 1397 1319 1031
4413 4 2 0 1 1365 1538 513 1562
4414 4 2 0 1 1127 1050 1273 1535
4415 4 2 0 1 992 1422 972 1575
4416 4 2 0 1 1231 1096 1378 1440
4417 4 2 0 1 728 1337 1216 1683
4418 4 2 0 1 112 1789 114 1578
4419 4 2 0 1 1180 1355 1070 1635
4420 4 2 0 1 1017 1456 1117 1670
4421 4 2 0 1 335 400 383 1534
4422 4 2 0 1 1473 613 1323 614
4423 4 2 0 1 703 641 642 1533
4424 4 2 0 1 1008 1291 1128 1553
4425 4 2 0 1 279 1100 340 1522
4426 4 2 0 1 973 1329 938 1493
4427 4 2 0 1 1123 1445 1229 1655
4428 4 2 0 1 1051 1484 1460 1567
4429 4 2 0 1 1001 1182 1239 1418
4430 4 2 0 1 1486 1434 1049 1602
4431 4 2 0 1 1180 1635 1073 1686
4432 4 2 0 1 1124 1010 1357 1101
4433 4 2 0 1 1788 815 1774 859
4434 4 2 0 1 1127 1273 1050 1446
4435 4 2 0 1 1374 1377 1047 1514
4436 4 2 0 1 413 1462 416 1424
4437 4 2 0 1 1249 1324 1218 1614
4438 4 2 0 1 1225 1543 281 1654
4439 4 2 0 1 1013 1208 1464 1723
4440 4 2 0 1 473 412 1424 411
4441 4 2 0 1 763 1130 1266 1434
4442 4 2 0 1 149 1315 1402 1607
4443 4 2 0 1 1157 1215 190 1755
4444 4 2 0 1 1769 194 244 243
4445 4 2 0 1 1078 1459 1145 1517
4446 4 2 0 1 1122 1506 1373 1656
4447 4 2 0 1 1165 1419 1191 1550
4448 4 2 0 1 211 1766 1786 215
4449 4 2 0 1 146 1397 145 1470
4450 4 2 0 1 1354 1320 1344 1045
4451 4 2 0 1 700 1445 640 1568
4452 4 2 0 1 389 327 325 1692
4453 4 2 0 1 842 1247 1577 1630
4454 4 2 0 1 1114 1297 1121 1428
4455 4 2 0 1 794 1794 1776 853
4456 4 2 0 1 1139 1140 1316 1681
4457 4 2 0 1 1045 1189 1344 1719
4458 4 2 0 1 897 1158 932 1356
4459 4 2 0 1 1188 1063 1509 1697
4460 4 2 0 1 1622 1002 1457 1275
4461 4 2 0 1 1014 1152 1277 1432
4462 4 2 0 1 1045 1189 1719 1722
4463 4 2 0 1 794 1794 853 792
4464 4 2 0 1 1020 1074 1590 1270
4465 4 2 0 1 1140 1464 1299 1013
4466 4 2 0 1 443 444 1342 1386
4467 4 2 0 1 1031 1227 1319 1623
4468 4 2 0 1 1493 1629 1192 1329
4469 4 2 0 1 1039 1380 1205 1554
4470 4 2 0 1 1423 360 298 361
4471 4 2 0 1 1789 152 1772 1687
4472 4 2 0 1 298 360 1423 297
4473 4 2 0 1 1081 1547 1202 1639
4474 4 2 0 1 1545 1403 1054 1108
4475 4 2 0 1 507 570 1217 1420
4476 4 2 0 1 1015 1229 1146 1362
4477 4 2 0 1 1035 1228 1175 1599
4478 4 2 0 1 987 674 737 738
4479 4 2 0 1 1283 1488 1284 1532
4480 4 2 0 1 1056 1117 1456 1743
4481 4 2 0 1 737 674 987 673
4482 4 2 0 1 325 1692 1524 389
4483 4 2 0 1 1275 1071 1457 1622
4484 4 2 0 1 231 1175 232 1328
4485 4 2 0 1 1058 1366 1255 1693
4486 4 2 0 1 1607 1666 1103 1755
4487 4 2 0 1 1239 1550 1078 1632
4488 4 2 0 1 925 924 865 1329
4489 4 2 0 1 1300 1371 1010 1544
4490 4 2 0 1 1181 1441 1739 1468
4491 4 2 0 1 36 18 31 1377
4492 4 2 0 1 1028 1196 1295 1343
4493 4 2 0 1 842 1577 899 1630
4494 4 2 0 1 996 1493 747 806
4495 4 2 0 1 643 704 1166 1399
4496 4 2 0 1 1031 1157 1215 1397
4497 4 2 0 1 19 1527 1758 1401
4498 4 2 0 1 117 157 116 1324
4499 4 2 0 1 168 1697 166 126
4500 4 2 0 1 681 1749 682 1202
4501 4 2 0 1 1016 1153 1318 1478
4502 4 2 0 1 1199 1537 783 1594
4503 4 2 0 1 276 1187 1084 1311
4504 4 2 0 1 836 892 1200 1564
4505 4 2 0 1 1117 1527 1401 1758
4506 4 2 0 1 1014 1152 1432 1661
4507 4 2 0 1 344 1558 410 1616
4508 4 2 0 1 1737 1621 1548 1087
4509 4 2 0 1 646 1417 1533 1699
4510 4 2 0 1 1043 1343 1145 1701
4511 4 2 0 1 1746 1637 771 1490
4512 4 2 0 1 1189 1320 1045 1344
4513 4 2 0 1 1194 1339 1291 1112
4514 4 2 0 1 1407 1625 1079 1703
4515 4 2 0 1 1264 1265 1162 1754
4516 4 2 0 1 686 1183 685 1391
4517 4 2 0 1 1004 1089 1336 1384
4518 4 2 0 1 1122 1273 1225 1638
4519 4 2 0 1 1041 1138 1457 1541
4520 4 2 0 1 1515 1421 1321 1059
4521 4 2 0 1 1213 1356 898 1745
4522 4 2 0 1 1230 1121 1436 1587
4523 4 2 0 1 1196 1291 1112 1194
4524 4 2 0 1 168 166 1697 210
4525 4 2 0 1 1021 1112 1339 1555
4526 4 2 0 1 1149 1026 1360 1662
4527 4 2 0 1 1106 1410 1397 1690
4528 4 2 0 1 396 1102 1452 1252
4529 4 2 0 1 1018 1219 1159 1426
4530 4 2 0 1 731 1574 790 729
4531 4 2 0 1 728 1314 665 666
4532 4 2 0 1 592 650 656 1147
4533 4 2 0 1 747 1493 996 975
4534 4 2 0 1 1780 1310 1423 371
4535 4 2 0 1 1029 1182 1293 1675
4536 4 2 0 1 1018 1480 1456 1743
4537 4 2 0 1 1212 740 677 741
4538 4 2 0 1 918 1793 966 965
4539 4 2 0 1 1123 1395 1266 1007
4540 4 2 0 1 800 1128 1585 740
4541 4 2 0 1 1114 1115 1475 1726
4542 4 2 0 1 1077 1196 1291 1530
4543 4 2 0 1 1367 419 480 1370
4544 4 2 0 1 1130 1539 1123 1007
4545 4 2 0 1 1040 1398 1271 1605
4546 4 2 0 1 1027 1246 1142 1500
4547 4 2 0 1 1033 1625 1407 1703
4548 4 2 0 1 1113 1346 1132 1761
4549 4 2 0 1 1018 1159 1494 1743
4550 4 2 0 1 425 488 426 1129
4551 4 2 0 1 1129 1323 1207 1372
4552 4 2 0 1 1077 1128 1291 1585
4553 4 2 0 1 1416 433 1597 369
4554 4 2 0 1 768 1193 1168 1403
4555 4 2 0 1 1295 1343 1196 1446
4556 4 2 0 1 1464 1582 1316 1023
4557 4 2 0 1 1007 1123 1395 1415
4558 4 2 0 1 1115 1114 1468 1726
4559 4 2 0 1 1226 1608 1081 1639
4560 4 2 0 1 1586 1764 353 1132
4561 4 2 0 1 1573 836 1200 1476
4562 4 2 0 1 1384 1479 1091 1720
4563 4 2 0 1 660 1259 1694 1333
4564 4 2 0 1 918 1788 859 919
4565 4 2 0 1 1725 1284 1488 1183
4566 4 2 0 1 1271 1398 277 1605
4567 4 2 0 1 1218 1249 1075 1324
4568 4 2 0 1 1190 1685 902 1696
4569 4 2 0 1 965 918 1788 1774
4570 4 2 0 1 1154 1415 1136 1715
4571 4 2 0 1 1031 1250 1148 1625
4572 4 2 0 1 918 1793 965 1788
4573 4 2 0 1 1079 1397 1410 1690
4574 4 2 0 1 668 958 986 669
4575 4 2 0 1 532 1375 594 1528
4576 4 2 0 1 1031 1397 1319 1525
4577 4 2 0 1 1374 1047 1498 1514
4578 4 2 0 1 1028 1432 1152 1482
4579 4 2 0 1 1372 1540 1339 1057
4580 4 2 0 1 1021 1207 1339 1372
4581 4 2 0 1 1095 1317 1267 1668
4582 4 2 0 1 1382 1393 1703 1131
4583 4 2 0 1 1054 1545 1361 1579
4584 4 2 0 1 1136 1275 1154 1715
4585 4 2 0 1 1138 1263 1041 1457
4586 4 2 0 1 1037 1419 1550 1632
4587 4 2 0 1 1046 1336 1118 1746
4588 4 2 0 1 1030 1241 1334 1628
4589 4 2 0 1 1432 1459 1145 1701
4590 4 2 0 1 1725 1488 1284 1042
4591 4 2 0 1 1478 1020 1742 1714
4592 4 2 0 1 1499 182 1175 232
4593 4 2 0 1 248 1440 1248 1507
4594 4 2 0 1 1133 36 1352 31
4595 4 2 0 1 695 1347 707 1065
4596 4 2 0 1 1133 1352 36 59
4597 4 2 0 1 1184 1477 1004 1479
4598 4 2 0 1 891 1355 1354 1564
4599 4 2 0 1 53 1352 36 31
4600 4 2 0 1 3 6 5 1125
4601 4 2 0 1 802 1232 752 1439
4602 4 2 0 1 1173 1236 1046 1501
4603 4 2 0 1 207 1378 1269 1440
4604 4 2 0 1 716 1197 717 1353
4605 4 2 0 1 1263 1648 1204 1712
4606 4 2 0 1 1106 1319 1397 1525
4607 4 2 0 1 1493 1629 1329 938
4608 4 2 0 1 587 1140 649 1387
4609 4 2 0 1 1334 1548 1030 1621
4610 4 2 0 1 471 1581 1643 465
4611 4 2 0 1 940 976 939 1427
4612 4 2 0 1 1324 1352 1218 1614
4613 4 2 0 1 1216 1329 843 1577
4614 4 2 0 1 1025 1240 1174 1425
4615 4 2 0 1 1246 503 1217 1736
4616 4 2 0 1 1043 1343 1273 1446
4617 4 2 0 1 599 1240 1174 1730
4618 4 2 0 1 806 864 974 1493
4619 4 2 0 1 876 1355 817 1686
4620 4 2 0 1 1015 1146 1229 1652
4621 4 2 0 1 1588 1198 1185 1417
4622 4 2 0 1 1272 693 755 1431
4623 4 2 0 1 1063 1334 1195 1724
4624 4 2 0 1 53 36 1352 59
4625 4 2 0 1 1077 1128 1585 1268
4626 4 2 0 1 1611 1481 1760 1351
4627 4 2 0 1 506 459 520 1671
4628 4 2 0 1 458 517 520 1718
4629 4 2 0 1 74 1215 46 1713
4630 4 2 0 1 1160 1459 1432 1701
4631 4 2 0 1 1588 1185 1198 1693
4632 4 2 0 1 135 1400 1298 1662
4633 4 2 0 1 717 1289 779 1353
4634 4 2 0 1 124 1133 159 1374
4635 4 2 0 1 79 1324 50 1717
4636 4 2 0 1 1110 1335 1282 1484
4637 4 2 0 1 1022 1212 1211 1439
4638 4 2 0 1 761 760 1221 1486
4639 4 2 0 1 1113 1132 1462 1761
4640 4 2 0 1 143 1518 184 1753
4641 4 2 0 1 386 1641 1334 1195
4642 4 2 0 1 1018 1456 1480 1062
4643 4 2 0 1 1488 1678 1194 1725
4644 4 2 0 1 1108 1338 1237 1603
4645 4 2 0 1 651 1197 715 1257
4646 4 2 0 1 1211 624 561 1631
4647 4 2 0 1 1452 394 377 379
4648 4 2 0 1 1019 1305 1233 1733
4649 4 2 0 1 405 1522 1139 1523
4650 4 2 0 1 1091 1453 1588 1058
4651 4 2 0 1 1146 1274 1063 1633
4652 4 2 0 1 1089 1417 1588 1716
4653 4 2 0 1 311 1378 257 1592
4654 4 2 0 1 1095 1336 1046 1449
4655 4 2 0 1 230 1175 231 1328
4656 4 2 0 1 698 636 699 1221
4657 4 2 0 1 614 552 1323 1540
4658 4 2 0 1 523 585 1155 522
4659 4 2 0 1 1194 1678 1048 1725
4660 4 2 0 1 407 1273 343 1654
4661 4 2 0 1 370 1206 435 434
4662 4 2 0 1 485 484 1341 1385
4663 4 2 0 1 404 1139 405 1582
4664 4 2 0 1 1440 257 1507 248
4665 4 2 0 1 1183 1678 1488 1725
4666 4 2 0 1 1068 1299 1140 1467
4667 4 2 0 1 657 1375 1147 1528
4668 4 2 0 1 1121 1151 1030 1015
4669 4 2 0 1 1223 1511 1437 1758
4670 4 2 0 1 151 194 193 1261
4671 4 2 0 1 1210 1279 1099 1740
4672 4 2 0 1 212 1203 1187 262
4673 4 2 0 1 1058 1642 1340 1663
4674 4 2 0 1 1092 1279 1210 1495
4675 4 2 0 1 1575 923 983 905
4676 4 2 0 1 1216 1309 1090 1680
4677 4 2 0 1 198 1249 1248 1614
4678 4 2 0 1 1074 1603 1338 1669
4679 4 2 0 1 443 506 448 1342
4680 4 2 0 1 1787 856 915 857
4681 4 2 0 1 1003 1260 1290 1465
4682 4 2 0 1 163 206 1256 1269
4683 4 2 0 1 1746 1637 1490 1118
4684 4 2 0 1 377 394 1452 442
4685 4 2 0 1 1292 1473 1128 1695
4686 4 2 0 1 1249 1303 1075 1531
4687 4 2 0 1 1354 1320 1045 1144
4688 4 2 0 1 620 1209 1201 1584
4689 4 2 0 1 1578 117 158 154
4690 4 2 0 1 1009 1588 1417 1716
4691 4 2 0 1 1035 1113 1327 1154
4692 4 2 0 1 1202 1209 1074 1749
4693 4 2 0 1 86 1312 1514 1498
4694 4 2 0 1 529 1208 593 1604
4695 4 2 0 1 1216 1247 1088 1577
4696 4 2 0 1 402 1230 401 1587
4697 4 2 0 1 1140 1387 1068 1467
4698 4 2 0 1 1231 1248 1096 1440
4699 4 2 0 1 565 627 629 1142
4700 4 2 0 1 1191 1419 1463 1626
4701 4 2 0 1 352 1287 1462 1646
4702 4 2 0 1 1020 1590 1383 1153
4703 4 2 0 1 108 1666 109 1755
4704 4 2 0 1 1373 1506 287 1656
4705 4 2 0 1 788 1337 789 1422
4706 4 2 0 1 649 1387 1140 1467
4707 4 2 0 1 1691 1102 396 1252
4708 4 2 0 1 1529 1607 1156 1402
4709 4 2 0 1 216 1766 214 266
4710 4 2 0 1 780 1247 779 1289
4711 4 2 0 1 1718 1185 1198 1417
4712 4 2 0 1 1104 1408 1193 1579
4713 4 2 0 1 513 1274 512 1365
4714 4 2 0 1 1022 1330 1232 1439
4715 4 2 0 1 1264 1382 1138 1541
4716 4 2 0 1 1351 1481 1072 1611
4717 4 2 0 1 1118 1383 1590 1637
4718 4 2 0 1 1418 1194 1048 1725
4719 4 2 0 1 1244 1789 1578 201
4720 4 2 0 1 1182 1595 1418 1618
4721 4 2 0 1 194 1261 155 1310
4722 4 2 0 1 1050 1094 532 1375
4723 4 2 0 1 837 1277 1200 1461
4724 4 2 0 1 1045 1719 1200 1722
4725 4 2 0 1 158 117 1578 157
4726 4 2 0 1 1243 1075 1302 1303
4727 4 2 0 1 1094 1043 1273 1654
4728 4 2 0 1 305 1572 1531 1620
4729 4 2 0 1 535 1616 1174 1643
4730 4 2 0 1 1230 1436 1011 1503
4731 4 2 0 1 1086 1436 1230 1503
4732 4 2 0 1 694 1281 633 1101
4733 4 2 0 1 1027 1217 1246 1500
4734 4 2 0 1 42 1227 43 1556
4735 4 2 0 1 1214 1420 588 1700
4736 4 2 0 1 1202 1427 681 1665
4737 4 2 0 1 1089 1417 1198 1588
4738 4 2 0 1 878 1486 1178 1602
4739 4 2 0 1 1174 1240 1143 1730
4740 4 2 0 1 1002 1251 1275 1394
4741 4 2 0 1 1046 1236 1173 1489
4742 4 2 0 1 1337 1216 1090 1680
4743 4 2 0 1 1009 1419 1170 1626
4744 4 2 0 1 1581 1580 1643 465
4745 4 2 0 1 1016 1290 1144 1300
4746 4 2 0 1 4 10 1109 1325
4747 4 2 0 1 1125 5 1627 1747
4748 4 2 0 1 1003 1290 1260 1632
4749 4 2 0 1 1260 1290 1067 1632
4750 4 2 0 1 136 1116 133 1689
4751 4 2 0 1 504 1305 566 568
4752 4 2 0 1 1156 1033 1606 1157
4753 4 2 0 1 688 1330 623 1439
4754 4 2 0 1 1195 1621 1509 1674
4755 4 2 0 1 720 1433 1199 1528
4756 4 2 0 1 325 1524 1692 129
4757 4 2 0 1 155 1404 1753 185
4758 4 2 0 1 770 832 831 1153
4759 4 2 0 1 802 1212 741 1585
4760 4 2 0 1 386 1641 1195 385
4761 4 2 0 1 1382 1407 1071 1703
4762 4 2 0 1 1451 960 609 671
4763 4 2 0 1 1282 1335 1031 1484
4764 4 2 0 1 879 878 1169 1602
4765 4 2 0 1 626 945 563 1665
4766 4 2 0 1 1039 1458 1378 1706
4767 4 2 0 1 870 1224 1189 1520
4768 4 2 0 1 1078 1550 1419 1632
4769 4 2 0 1 42 23 1364 22
4770 4 2 0 1 1192 1088 1497 1577
4771 4 2 0 1 495 1472 1201 1636
4772 4 2 0 1 1012 1321 1302 1515
4773 4 2 0 1 1623 1227 23 1485
4774 4 2 0 1 1071 1331 1542 1715
4775 4 2 0 1 1566 1561 1120 21
4776 4 2 0 1 452 1274 513 1562
4777 4 2 0 1 439 441 1505 1763
4778 4 2 0 1 1242 1173 1572 1672
4779 4 2 0 1 1247 1409 1088 1630
4780 4 2 0 1 1086 1503 1230 1700
4781 4 2 0 1 290 1258 291 1586
4782 4 2 0 1 1016 1409 1213 1673
4783 4 2 0 1 1372 1540 1057 1323
4784 4 2 0 1 1098 1661 1418 1725
4785 4 2 0 1 777 1573 1277 1160
4786 4 2 0 1 1043 1112 1322 1001
4787 4 2 0 1 736 1787 797 735
4788 4 2 0 1 1121 1030 1311 1015
4789 4 2 0 1 1680 823 881 1629
4790 4 2 0 1 1064 1332 1143 1576
4791 4 2 0 1 102 140 101 1657
4792 4 2 0 1 628 1142 564 1500
4793 4 2 0 1 1306 1679 1316 1744
4794 4 2 0 1 1072 1122 1373 1611
4795 4 2 0 1 1127 1122 1611 1638
4796 4 2 0 1 1012 1243 1173 1672
4797 4 2 0 1 1333 1521 1055 1569
4798 4 2 0 1 243 1404 1423 1310
4799 4 2 0 1 1213 1088 1409 1630
4800 4 2 0 1 898 1158 897 1356
4801 4 2 0 1 1202 744 1639 1547
4802 4 2 0 1 1010 1313 1101 1073
4803 4 2 0 1 1724 1195 1697 1438
4804 4 2 0 1 1033 1301 1157 1625
4805 4 2 0 1 1742 1074 1020 1270
4806 4 2 0 1 275 1187 1311 1534
4807 4 2 0 1 1528 1343 1050 1375
4808 4 2 0 1 1288 1465 1069 1003
4809 4 2 0 1 1300 1371 1290 1635
4810 4 2 0 1 1040 1275 1251 1394
4811 4 2 0 1 1515 1421 1059 1494
4812 4 2 0 1 504 1664 1233 1763
4813 4 2 0 1 653 717 1197 1289
4814 4 2 0 1 1506 1516 1376 1222
4815 4 2 0 1 1035 1113 1154 1346
4816 4 2 0 1 1193 1408 1168 1579
4817 4 2 0 1 1032 1441 1313 1197
4818 4 2 0 1 1264 1382 1119 1554
4819 4 2 0 1 1792 797 1787 857
4820 4 2 0 1 1154 1275 1136 1040
4821 4 2 0 1 1144 1300 1290 1635
4822 4 2 0 1 1072 1292 1481 1559
4823 4 2 0 1 1453 1543 280 227
4824 4 2 0 1 272 1624 329 332
4825 4 2 0 1 427 1206 1423 1207
4826 4 2 0 1 1434 1486 1266 763
4827 4 2 0 1 1678 1232 1330 1183
4828 4 2 0 1 415 414 1351 1611
4829 4 2 0 1 648 1467 1454 1615
4830 4 2 0 1 272 329 1624 271
4831 4 2 0 1 760 1486 1266 1568
4832 4 2 0 1 623 622 1179 1330
4833 4 2 0 1 1552 1786 261 258
4834 4 2 0 1 261 1786 1552 264
4835 4 2 0 1 879 878 934 1169
4836 4 2 0 1 1153 1161 1065 1016
4837 4 2 0 1 1188 1369 127 1729
4838 4 2 0 1 769 1669 830 827
4839 4 2 0 1 1783 984 985 956
4840 4 2 0 1 1182 1618 1001 1675
4841 4 2 0 1 1078 1419 1170 1632
4842 4 2 0 1 1044 1204 1648 1712
4843 4 2 0 1 1212 1439 741 1707
4844 4 2 0 1 1480 1743 1365 1456
4845 4 2 0 1 677 1473 1212 1707
4846 4 2 0 1 1332 1424 1143 1576
4847 4 2 0 1 133 136 175 1116
4848 4 2 0 1 1278 1360 1026 1662
4849 4 2 0 1 315 1674 1203 1737
4850 4 2 0 1 90 1369 91 126
4851 4 2 0 1 176 1504 225 177
4852 4 2 0 1 1236 1237 1046 1501
4853 4 2 0 1 1026 1360 1095 1384
4854 4 2 0 1 1103 1315 1171 1666
4855 4 2 0 1 1067 1519 1320 1722
4856 4 2 0 1 1210 1466 1206 1597
4857 4 2 0 1 1288 1465 1003 1371
4858 4 2 0 1 1372 1540 1323 1207
4859 4 2 0 1 1362 1063 1633 1146
4860 4 2 0 1 770 1161 1153 819
4861 4 2 0 1 306 1261 1620 1687
4862 4 2 0 1 1014 1189 1224 1519
4863 4 2 0 1 1139 1296 1093 1522
4864 4 2 0 1 446 1217 1455 1658
4865 4 2 0 1 1048 1201 1406 1584
4866 4 2 0 1 873 1283 872 1284
4867 4 2 0 1 671 608 609 1451
4868 4 2 0 1 1417 708 1699 646
4869 4 2 0 1 1246 1217 503 1500
4870 4 2 0 1 1718 1198 1185 1693
4871 4 2 0 1 104 1518 1149 1662
4872 4 2 0 1 1182 1383 1118 1651
4873 4 2 0 1 1058 1255 1642 1663
4874 4 2 0 1 1486 1049 1434 1266
4875 4 2 0 1 1132 1542 1258 1586
4876 4 2 0 1 1258 1542 1131 1586
4877 4 2 0 1 410 1558 1332 1616
4878 4 2 0 1 1758 63 1527 38
4879 4 2 0 1 1002 1148 1250 1407
4880 4 2 0 1 1371 1010 1134 1070
4881 4 2 0 1 1093 1463 1296 1626
4882 4 2 0 1 1602 1370 1617 1169
4883 4 2 0 1 1200 1277 1573 1738
4884 4 2 0 1 1302 1512 1059 1526
4885 4 2 0 1 1093 1139 1523 1723
4886 4 2 0 1 1288 1650 1172 1371
4887 4 2 0 1 1169 1314 934 1451
4888 4 2 0 1 1250 1410 1599 1622
4889 4 2 0 1 1107 1386 1233 1763
4890 4 2 0 1 1128 1530 1008 1569
4891 4 2 0 1 1189 1320 1126 1519
4892 4 2 0 1 847 1694 785 1696
4893 4 2 0 1 1019 1751 1124 1070
4894 4 2 0 1 446 1455 1217 1736
4895 4 2 0 1 1036 1222 1376 1516
4896 4 2 0 1 1103 1157 1607 1755
4897 4 2 0 1 637 636 1181 1412
4898 4 2 0 1 1120 1109 1294 1561
4899 4 2 0 1 1007 1123 1415 1539
4900 4 2 0 1 453 1538 1254 1562
4901 4 2 0 1 1016 1300 1144 1705
4902 4 2 0 1 764 826 1193 1434
4903 4 2 0 1 1123 1539 1445 1655
4904 4 2 0 1 295 1392 241 1458
4905 4 2 0 1 261 211 1786 215
4906 4 2 0 1 1789 152 1687 112
4907 4 2 0 1 1098 1284 1224 1661
4908 4 2 0 1 1262 1303 303 1598
4909 4 2 0 1 194 1261 1777 193
4910 4 2 0 1 1328 1410 1035 1175
4911 4 2 0 1 1048 1584 1406 1595
4912 4 2 0 1 1364 1484 1227 1460
4913 4 2 0 1 1786 211 261 258
4914 4 2 0 1 1056 1163 1254 1562
4915 4 2 0 1 432 1237 366 1501
4916 4 2 0 1 1092 1405 1279 1495
4917 4 2 0 1 634 1137 636 1412
4918 4 2 0 1 1566 1561 21 10
4919 4 2 0 1 510 1134 569 1613
4920 4 2 0 1 1030 1121 1311 1587
4921 4 2 0 1 1108 1237 1236 1619
4922 4 2 0 1 943 547 1385 1348
4923 4 2 0 1 1282 1381 47 1713
4924 4 2 0 1 1019 1288 1134 1070
4925 4 2 0 1 28 1171 1381 1747
4926 4 2 0 1 1028 1433 1358 1160
4927 4 2 0 1 1218 1220 1024 1492
4928 4 2 0 1 1178 1314 1169 1617
4929 4 2 0 1 1126 1067 1478 1714
4930 4 2 0 1 1786 264 261 215
4931 4 2 0 1 1389 1709 1185 1560
4932 4 2 0 1 1218 1220 30 1513
4933 4 2 0 1 1089 1533 1417 1699
4934 4 2 0 1 1255 1400 131 1759
4935 4 2 0 1 1044 1120 1294 1648
4936 4 2 0 1 81 1244 1135 1601
4937 4 2 0 1 307 1597 369 1416
4938 4 2 0 1 1628 1241 449 1649
4939 4 2 0 1 845 1358 1508 1537
4940 4 2 0 1 565 629 566 1142
4941 4 2 0 1 911 905 983 923
4942 4 2 0 1 1008 1291 1553 1112
4943 4 2 0 1 1267 1317 1061 1668
4944 4 2 0 1 1245 1527 1082 1670
4945 4 2 0 1 751 1183 686 1330
4946 4 2 0 1 1328 285 232 231
4947 4 2 0 1 1039 1487 1702 1710
4948 4 2 0 1 136 179 175 1116
4949 4 2 0 1 1098 1519 1517 1661
4950 4 2 0 1 1187 169 1509 212
4951 4 2 0 1 682 1202 1209 1547
4952 4 2 0 1 97 1400 1721 1759
4953 4 2 0 1 1028 1145 1343 1701
4954 4 2 0 1 1213 1226 1016 1673
4955 4 2 0 1 902 1508 1190 1537
4956 4 2 0 1 1222 1404 1376 1506
4957 4 2 0 1 543 1169 544 1314
4958 4 2 0 1 1098 1517 1418 1661
4959 4 2 0 1 739 1473 676 1695
4960 4 2 0 1 132 133 174 1188
4961 4 2 0 1 1146 1633 1362 1734
4962 4 2 0 1 1142 1027 1500 1676
4963 4 2 0 1 1200 1573 1476 1738
4964 4 2 0 1 1242 1360 1095 1672
4965 4 2 0 1 1192 1088 1577 1629
4966 4 2 0 1 612 1292 1659 1695
4967 4 2 0 1 245 1785 1777 300
4968 4 2 0 1 1429 1667 1104 1579
4969 4 2 0 1 1506 1516 1222 1656
4970 4 2 0 1 1364 1484 1460 1051
4971 4 2 0 1 1367 1370 1150 1764
4972 4 2 0 1 1157 1301 1033 1606
4973 4 2 0 1 1316 1464 1023 1731
4974 4 2 0 1 951 950 898 1158
4975 4 2 0 1 1275 1346 1154 1715
4976 4 2 0 1 92 1163 1524 1254
4977 4 2 0 1 1145 1459 1432 1517
4978 4 2 0 1 1201 1406 1029 1618
4979 4 2 0 1 816 1180 817 1355
4980 4 2 0 1 1049 1617 1370 1367
4981 4 2 0 1 1212 1291 1128 1585
4982 4 2 0 1 1311 1015 1084 1756
4983 4 2 0 1 513 450 512 1274
4984 4 2 0 1 1077 1482 1283 1488
4985 4 2 0 1 1328 1410 1175 1499
4986 4 2 0 1 278 1504 279 225
4987 4 2 0 1 86 1312 1498 85
4988 4 2 0 1 1163 1274 1369 1724
4989 4 2 0 1 1012 1173 1262 1489
4990 4 2 0 1 1163 1274 1223 1369
4991 4 2 0 1 643 704 642 1166
4992 4 2 0 1 245 1785 242 1777
4993 4 2 0 1 1404 1491 1261 155
4994 4 2 0 1 1089 1588 1698 1716
4995 4 2 0 1 520 1671 458 1718
4996 4 2 0 1 1116 1286 179 1398
4997 4 2 0 1 1056 1254 1163 1437
4998 4 2 0 1 383 382 1203 1455
4999 4 2 0 1 1009 1170 1296 1626
5000 4 2 0 1 1278 1443 1360 1662
5001 4 2 0 1 1140 1464 1316 1731
5002 4 2 0 1 1247 1289 1032 1353
5003 4 2 0 1 1075 1249 1218 1512
5004 4 2 0 1 1434 1486 763 820
5005 4 2 0 1 1678 1232 1183 1488
5006 4 2 0 1 472 535 1174 1730
5007 4 2 0 1 697 636 634 1137
5008 4 2 0 1 1768 919 966 953
5009 4 2 0 1 1748 1231 1702 1177
5010 4 2 0 1 181 182 1175 1657
5011 4 2 0 1 1052 1135 1442 1672
5012 4 2 0 1 88 1374 123 1498
5013 4 2 0 1 138 181 180 1175
5014 4 2 0 1 1240 1683 1425 1739
5015 4 2 0 1 1298 1453 1058 1642
5016 4 2 0 1 1573 836 1476 776
5017 4 2 0 1 759 1257 715 1353
5018 4 2 0 1 867 864 974 806
5019 4 2 0 1 1097 1402 1315 1529
5020 4 2 0 1 44 1227 1319 69
5021 4 2 0 1 598 1174 655 1643
5022 4 2 0 1 1224 1284 1098 1653
5023 4 2 0 1 1515 1489 1321 1166
5024 4 2 0 1 1143 1424 1367 1761
5025 4 2 0 1 1218 1249 1024 1512
5026 4 2 0 1 1106 1397 1319 1470
5027 4 2 0 1 1202 1639 744 1427
5028 4 2 0 1 1195 321 385 1552
5029 4 2 0 1 366 1173 367 1501
5030 4 2 0 1 1211 1212 1057 1707
5031 4 2 0 1 1287 1308 1035 1328
5032 4 2 0 1 728 1178 665 1314
5033 4 2 0 1 234 287 1506 1656
5034 4 2 0 1 343 1273 1225 1654
5035 4 2 0 1 246 1785 245 300
5036 4 2 0 1 1141 1403 1399 1735
5037 4 2 0 1 1006 1162 1429 1710
5038 4 2 0 1 1052 1242 1572 1672
5039 4 2 0 1 1062 1670 1456 1734
5040 4 2 0 1 1360 1668 1095 1672
5041 4 2 0 1 1005 1380 1529 1593
5042 4 2 0 1 1284 1661 1098 1725
5043 4 2 0 1 1190 1083 1295 1530
5044 4 2 0 1 1183 1284 1488 1532
5045 4 2 0 1 843 780 1216 1577
5046 4 2 0 1 1072 1122 1372 1373
5047 4 2 0 1 1071 1258 1542 1703
5048 4 2 0 1 1120 1401 1051 1566
5049 4 2 0 1 232 285 1328 235
5050 4 2 0 1 792 1795 791 730
5051 4 2 0 1 489 426 488 1129
5052 4 2 0 1 563 888 1304 1665
5053 4 2 0 1 745 976 683 1427
5054 4 2 0 1 444 1342 1386 1671
5055 4 2 0 1 972 1329 1575 1422
5056 4 2 0 1 348 1327 1328 1646
5057 4 2 0 1 1766 1438 166 209
5058 4 2 0 1 447 1253 1241 1641
5059 4 2 0 1 1417 1536 583 1718
5060 4 2 0 1 9 11 1110 1627
5061 4 2 0 1 1076 1417 1347 1716
5062 4 2 0 1 1362 1063 1146 1015
5063 4 2 0 1 1041 1263 1138 1448
5064 4 2 0 1 1453 1504 1058 1642
5065 4 2 0 1 541 1240 599 1730
5066 4 2 0 1 1238 1335 1110 1484
5067 4 2 0 1 41 1219 21 1426
5068 4 2 0 1 371 1769 1780 1310
5069 4 2 0 1 1014 1200 1277 1461
5070 4 2 0 1 1033 1407 1382 1703
5071 4 2 0 1 1255 1254 453 1066
5072 4 2 0 1 308 1785 300 1777
5073 4 2 0 1 1166 1307 704 1449
5074 4 2 0 1 929 926 1158 950
5075 4 2 0 1 1054 1429 1321 1735
5076 4 2 0 1 1351 1559 1055 1659
5077 4 2 0 1 501 1246 503 1500
5078 4 2 0 1 393 1624 1663 1691
5079 4 2 0 1 946 891 1354 1564
5080 4 2 0 1 1161 1596 699 1704
5081 4 2 0 1 1101 1313 1257 1073
5082 4 2 0 1 684 1345 1209 1584
5083 4 2 0 1 480 1370 1617 1367
5084 4 2 0 1 29 30 1218 1220
5085 4 2 0 1 1034 1331 1150 1542
5086 4 2 0 1 119 150 110 1315
5087 4 2 0 1 245 1785 195 242
5088 4 2 0 1 792 791 1795 852
5089 4 2 0 1 1777 1310 1778 308
5090 4 2 0 1 1382 1703 1393 1033
5091 4 2 0 1 42 1227 1556 1364
5092 4 2 0 1 79 113 1324 1578
5093 4 2 0 1 1244 1531 1578 1717
5094 4 2 0 1 1505 261 1552 317
5095 4 2 0 1 104 1149 143 1442
5096 4 2 0 1 1155 1233 521 1733
5097 4 2 0 1 1087 1552 1195 1641
5098 4 2 0 1 1213 1409 1016 1705
5099 4 2 0 1 547 1348 484 1385
5100 4 2 0 1 879 1169 935 1348
5101 4 2 0 1 1434 1486 820 1602
5102 4 2 0 1 1425 1475 655 1643
5103 4 2 0 1 1206 1310 1053 1597
5104 4 2 0 1 201 252 1244 1687
5105 4 2 0 1 1381 1666 48 1713
5106 4 2 0 1 305 1531 1572 1598
5107 4 2 0 1 234 247 1404 1506
5108 4 2 0 1 720 783 1199 1433
5109 4 2 0 1 1029 1405 1201 1618
5110 4 2 0 1 1453 280 1504 226
5111 4 2 0 1 807 1435 866 1608
5112 4 2 0 1 916 857 1784 1792
5113 4 2 0 1 1234 1347 1065 1371
5114 4 2 0 1 1227 1364 23 1485
5115 4 2 0 1 1007 1395 1143 1576
5116 4 2 0 1 1143 1395 1064 1576
5117 4 2 0 1 1225 1043 1516 1600
5118 4 2 0 1 1385 549 611 1765
5119 4 2 0 1 1131 1034 1350 1542
5120 4 2 0 1 1159 1278 1645 1721
5121 4 2 0 1 1041 1141 1399 1448
5122 4 2 0 1 1126 1067 1714 1519
5123 4 2 0 1 1338 1603 1108 1669
5124 4 2 0 1 199 1303 1249 1531
5125 4 2 0 1 476 428 415 1559
5126 4 2 0 1 563 1304 888 1483
5127 4 2 0 1 1190 1083 1268 1696
5128 4 2 0 1 924 923 864 1575
5129 4 2 0 1 323 1163 1524 1438
5130 4 2 0 1 1240 1486 1178 1683
5131 4 2 0 1 1008 1291 1196 1530
5132 4 2 0 1 1633 1734 1583 1362
5133 4 2 0 1 1360 1379 1135 1443
5134 4 2 0 1 1041 1457 1331 1541
5135 4 2 0 1 1063 1369 1274 1724
5136 4 2 0 1 1544 1161 1065 1704
5137 4 2 0 1 97 1400 1278 1721
5138 4 2 0 1 1055 1128 1521 1695
5139 4 2 0 1 1530 1685 1190 1268
5140 4 2 0 1 1480 1365 1743 1167
5141 4 2 0 1 563 1483 888 1765
5142 4 2 0 1 898 899 1213 1745
5143 4 2 0 1 1092 1339 1194 1555
5144 4 2 0 1 1367 1424 478 1462
5145 4 2 0 1 922 1192 863 1497
5146 4 2 0 1 865 922 925 1192
5147 4 2 0 1 1341 1119 422 1708
5148 4 2 0 1 1195 1552 385 1641
5149 4 2 0 1 1784 857 916 917
5150 4 2 0 1 975 976 747 745
5151 4 2 0 1 1219 1059 1294 1648
5152 4 2 0 1 245 1785 246 195
5153 4 2 0 1 1788 815 859 875
5154 4 2 0 1 710 1272 1615 1733
5155 4 2 0 1 103 1278 1400 1662
5156 4 2 0 1 1125 1110 1325 1741
5157 4 2 0 1 761 1309 1221 1596
5158 4 2 0 1 1048 1194 1418 1618
5159 4 2 0 1 1048 1595 1406 1618
5160 4 2 0 1 159 203 1374 1614
5161 4 2 0 1 712 774 1467 1612
5162 4 2 0 1 1404 1423 1206 1506
5163 4 2 0 1 1062 1251 1670 1734
5164 4 2 0 1 694 1101 757 1591
5165 4 2 0 1 1362 1063 1015 1084
5166 4 2 0 1 1064 1154 1415 1647
5167 4 2 0 1 69 43 1227 1556
5168 4 2 0 1 1097 1315 1171 1529
5169 4 2 0 1 633 588 1101 1420
5170 4 2 0 1 448 506 1253 1342
5171 4 2 0 1 950 929 949 1158
5172 4 2 0 1 269 1791 268 1775
5173 4 2 0 1 47 1282 26 1381
5174 4 2 0 1 644 1417 1347 1536
5175 4 2 0 1 1007 1576 1143 1761
5176 4 2 0 1 1144 1354 1158 1356
5177 4 2 0 1 160 1097 119 161
5178 4 2 0 1 1118 1490 1336 1651
5179 4 2 0 1 1031 1319 1282 1623
5180 4 2 0 1 1418 1661 1042 1725
5181 4 2 0 1 658 1199 1413 1528
5182 4 2 0 1 1324 1578 1531 1717
5183 4 2 0 1 1156 1392 192 1606
5184 4 2 0 1 1157 191 1606 1607
5185 4 2 0 1 1054 1262 1236 1489
5186 4 2 0 1 1397 190 1157 1215
5187 4 2 0 1 712 711 1612 1615
5188 4 2 0 1 1351 1611 414 1760
5189 4 2 0 1 472 1174 535 1616
5190 4 2 0 1 1259 1333 597 1660
5191 4 2 0 1 1132 1542 1150 1761
5192 4 2 0 1 1124 1027 1357 1751
5193 4 2 0 1 487 1414 428 1559
5194 4 2 0 1 1200 1461 1014 1722
5195 4 2 0 1 1014 1517 1519 1661
5196 4 2 0 1 888 563 945 1665
5197 4 2 0 1 1283 1482 1042 1488
5198 4 2 0 1 387 1562 1163 1724
5199 4 2 0 1 1055 1521 1333 1750
5200 4 2 0 1 324 389 325 1524
5201 4 2 0 1 413 1646 348 351
5202 4 2 0 1 1258 1079 1308 1563
5203 4 2 0 1 1009 1296 1170 1560
5204 4 2 0 1 174 133 175 1188
5205 4 2 0 1 1038 1394 1250 1599
5206 4 2 0 1 1264 1162 1487 1754
5207 4 2 0 1 1028 1190 1295 1482
5208 4 2 0 1 1009 1560 1185 1709
5209 4 2 0 1 1471 1360 1668 1061
5210 4 2 0 1 1060 1526 1321 1710
5211 4 2 0 1 413 348 1646 412
5212 4 2 0 1 612 1659 1292 1559
5213 4 2 0 1 387 1163 1438 1724
5214 4 2 0 1 108 1713 1666 1755
5215 4 2 0 1 1777 1261 1785 193
5216 4 2 0 1 230 229 180 1175
5217 4 2 0 1 285 348 1328 288
5218 4 2 0 1 1064 1557 1154 1647
5219 4 2 0 1 1010 1124 1357 1751
5220 4 2 0 1 1001 1239 1182 1550
5221 4 2 0 1 628 1142 1500 1676
5222 4 2 0 1 1424 1462 1367 1761
5223 4 2 0 1 1255 1254 1066 1759
5224 4 2 0 1 1486 878 820 1602
5225 4 2 0 1 285 1328 348 347
5226 4 2 0 1 51 50 79 1324
5227 4 2 0 1 570 1281 631 1500
5228 4 2 0 1 1224 1519 1098 1661
5229 4 2 0 1 1232 1585 802 1752
5230 4 2 0 1 1124 1430 1180 1591
5231 4 2 0 1 1185 1588 1009 1709
5232 4 2 0 1 1091 1453 1186 1588
5233 4 2 0 1 655 1174 599 1425
5234 4 2 0 1 1493 1629 938 883
5235 4 2 0 1 894 1461 1200 1719
5236 4 2 0 1 386 322 385 1195
5237 4 2 0 1 1364 1484 1051 1485
5238 4 2 0 1 1646 1328 348 288
5239 4 2 0 1 164 1374 1256 1498
5240 4 2 0 1 1156 1606 192 1607
5241 4 2 0 1 1010 1070 1124 1751
5242 4 2 0 1 1024 1220 1218 1512
5243 4 2 0 1 1336 1490 1089 1651
5244 4 2 0 1 1076 1172 1560 1650
5245 4 2 0 1 1125 1469 1368 1747
5246 4 2 0 1 1156 1529 1380 1593
5247 4 2 0 1 1206 1404 1310 1423
5248 4 2 0 1 234 1404 1222 1506
5249 4 2 0 1 400 1455 1280 1658
5250 4 2 0 1 275 1187 276 1311
5251 4 2 0 1 1747 1312 1171 1469
5252 4 2 0 1 160 1097 161 1269
5253 4 2 0 1 1469 1747 1610 1171
5254 4 2 0 1 828 1168 768 1193
5255 4 2 0 1 872 1224 810 1284
5256 4 2 0 1 228 1398 1228 1605
5257 4 2 0 1 1389 1709 1560 1100
5258 4 2 0 1 514 1412 573 1652
5259 4 2 0 1 1018 1426 1159 1743
5260 4 2 0 1 1102 1342 1172 1671
5261 4 2 0 1 1576 1558 1424 1113
5262 4 2 0 1 269 1791 1775 218
5263 4 2 0 1 547 943 610 971
5264 4 2 0 1 115 1442 1491 1601
5265 4 2 0 1 565 566 502 1664
5266 4 2 0 1 1102 1386 1342 1671
5267 4 2 0 1 951 926 950 1158
5268 4 2 0 1 908 1783 851 852
5269 4 2 0 1 1029 1349 1279 1740
5270 4 2 0 1 559 560 1179 1405
5271 4 2 0 1 1140 1454 649 1467
5272 4 2 0 1 1124 1396 1027 1751
5273 4 2 0 1 1181 1739 1441 1221
5274 4 2 0 1 1002 1394 1250 1460
5275 4 2 0 1 1015 1136 1362 1040
5276 4 2 0 1 518 456 457 1693
5277 4 2 0 1 340 405 1522 1582
5278 4 2 0 1 1239 1418 1182 1595
5279 4 2 0 1 1189 931 1719 1461
5280 4 2 0 1 1188 1369 1063 1697
5281 4 2 0 1 1139 1522 1093 1523
5282 4 2 0 1 1035 1410 1308 1622
5283 4 2 0 1 1079 1308 1410 1622
5284 4 2 0 1 406 407 1523 1094
5285 4 2 0 1 485 1385 1341 1408
5286 4 2 0 1 405 1139 404 1681
5287 4 2 0 1 90 126 125 1524
5288 4 2 0 1 3 1125 5 1627
5289 4 2 0 1 348 1327 1646 412
5290 4 2 0 1 1340 1663 1624 1691
5291 4 2 0 1 1730 541 1424 540
5292 4 2 0 1 1536 520 1718 1134
5293 4 2 0 1 1151 1436 1241 1649
5294 4 2 0 1 256 311 310 1378
5295 4 2 0 1 1105 1166 1515 1735
5296 4 2 0 1 1345 1608 1547 1742
5297 4 2 0 1 340 1306 399 1582
5298 4 2 0 1 1234 1134 1536 1371
5299 4 2 0 1 1194 1495 1092 1555
5300 4 2 0 1 1397 190 1215 146
5301 4 2 0 1 141 105 144 1470
5302 4 2 0 1 1017 1456 1670 1734
5303 4 2 0 1 1097 1380 1402 1529
5304 4 2 0 1 1086 1280 1230 1436
5305 4 2 0 1 1077 1482 1196 1530
5306 4 2 0 1 748 1520 1345 1653
5307 4 2 0 1 1506 1423 1207 1129
5308 4 2 0 1 1055 1559 1292 1659
5309 4 2 0 1 644 583 1417 1536
5310 4 2 0 1 858 1774 798 859
5311 4 2 0 1 1105 1363 1263 1062
5312 4 2 0 1 851 793 1783 1790
5313 4 2 0 1 1062 1363 1263 1655
5314 4 2 0 1 1125 1610 1110 1741
5315 4 2 0 1 852 1783 909 908
5316 4 2 0 1 876 877 1356 1686
5317 4 2 0 1 1417 1490 1089 1699
5318 4 2 0 1 1025 1240 1425 1739
5319 4 2 0 1 1499 183 232 186
5320 4 2 0 1 1015 1121 1297 1647
5321 4 2 0 1 1126 1067 1519 1320
5322 4 2 0 1 1061 1267 1167 1317
5323 4 2 0 1 1302 1321 1059 1515
5324 4 2 0 1 1205 1380 1005 1593
5325 4 2 0 1 972 1329 1422 937
5326 4 2 0 1 1783 984 956 1790
5327 4 2 0 1 1279 1349 1099 1740
5328 4 2 0 1 972 1329 937 973
5329 4 2 0 1 1506 1376 1516 1021
5330 4 2 0 1 319 383 318 1203
5331 4 2 0 1 1263 1421 1138 1448
5332 4 2 0 1 232 183 1499 182
5333 4 2 0 1 480 1169 544 543
5334 4 2 0 1 1206 1053 1310 1404
5335 4 2 0 1 480 544 1169 481
5336 4 2 0 1 212 1203 262 260
5337 4 2 0 1 1054 1307 1166 1489
5338 4 2 0 1 1252 224 1624 1340
5339 4 2 0 1 401 1230 464 1700
5340 4 2 0 1 1141 1429 1403 1735
5341 4 2 0 1 1125 1325 1110 1627
5342 4 2 0 1 521 1233 1155 1679
5343 4 2 0 1 1004 1479 1384 1720
5344 4 2 0 1 1007 1331 1130 1539
5345 4 2 0 1 1180 1257 757 1686
5346 4 2 0 1 294 1119 293 1393
5347 4 2 0 1 926 951 921 1226
5348 4 2 0 1 440 1736 503 438
5349 4 2 0 1 1047 1125 1326 1469
5350 4 2 0 1 1049 1178 1486 1602
5351 4 2 0 1 1633 1583 1734 1017
5352 4 2 0 1 1133 1218 1352 1614
5353 4 2 0 1 1164 30 1220 1513
5354 4 2 0 1 531 1604 1375 1094
5355 4 2 0 1 1281 1027 1500 1677
5356 4 2 0 1 1086 1548 1217 1658
5357 4 2 0 1 1196 1194 1042 1488
5358 4 2 0 1 1131 1542 1258 1703
5359 4 2 0 1 1133 1374 1248 1614
5360 4 2 0 1 1065 1565 1347 1637
5361 4 2 0 1 1285 1502 99 1689
5362 4 2 0 1 1229 1445 1363 1655
5363 4 2 0 1 1015 1121 1647 1756
5364 4 2 0 1 1617 541 1240 602
5365 4 2 0 1 1038 1250 1410 1599
5366 4 2 0 1 611 1385 943 548
5367 4 2 0 1 480 1370 1169 1617
5368 4 2 0 1 1127 1008 1446 1496
5369 4 2 0 1 1233 1305 568 1733
5370 4 2 0 1 576 1652 1229 514
5371 4 2 0 1 163 206 162 1256
5372 4 2 0 1 1118 1293 1182 1651
5373 4 2 0 1 1279 1099 1349 1501
5374 4 2 0 1 279 278 340 1100
5375 4 2 0 1 1345 1126 1608 1742
5376 4 2 0 1 1005 1380 1469 1529
5377 4 2 0 1 569 506 520 1134
5378 4 2 0 1 200 1531 1324 1578
5379 4 2 0 1 1726 1503 1230 1011
5380 4 2 0 1 1018 1117 1743 1456
5381 4 2 0 1 1059 1164 1471 1494
5382 4 2 0 1 1124 1180 1101 1591
5383 4 2 0 1 636 637 1181 1568
5384 4 2 0 1 685 1183 750 1390
5385 4 2 0 1 352 1462 351 1646
5386 4 2 0 1 543 1314 603 1617
5387 4 2 0 1 1126 1067 1320 1478
5388 4 2 0 1 1307 827 765 1746
5389 4 2 0 1 322 1724 386 387
5390 4 2 0 1 1017 1369 1274 1633
5391 4 2 0 1 1776 913 912 958
5392 4 2 0 1 440 503 1736 446
5393 4 2 0 1 1705 1635 1686 1073
5394 4 2 0 1 100 1388 1502 1556
5395 4 2 0 1 1141 1034 1264 1541
5396 4 2 0 1 1179 1022 1330 1678
5397 4 2 0 1 1770 855 1782 912
5398 4 2 0 1 196 1772 153 195
5399 4 2 0 1 1041 1263 1363 1655
5400 4 2 0 1 1050 1127 1446 1496
5401 4 2 0 1 839 1358 1152 1508
5402 4 2 0 1 418 1132 353 1764
5403 4 2 0 1 1195 1438 210 1697
5404 4 2 0 1 104 1518 1662 142
5405 4 2 0 1 719 1433 1358 1537
5406 4 2 0 1 648 712 1467 1615
5407 4 2 0 1 99 1502 1285 1556
5408 4 2 0 1 932 897 949 1158
5409 4 2 0 1 1138 1421 1263 1712
5410 4 2 0 1 1611 1760 1481 1127
5411 4 2 0 1 1141 1034 1541 1549
5412 4 2 0 1 1125 1047 1368 1469
5413 4 2 0 1 834 1355 1176 1688
5414 4 2 0 1 1244 1075 1531 1717
5415 4 2 0 1 1069 1467 1299 1570
5416 4 2 0 1 91 127 1369 1729
5417 4 2 0 1 834 1176 1355 1564
5418 4 2 0 1 787 1521 743 1750
5419 4 2 0 1 1125 1368 5 1747
5420 4 2 0 1 536 474 1332 473
5421 4 2 0 1 143 115 1442 1491
5422 4 2 0 1 1031 1335 1157 1625
5423 4 2 0 1 1453 1543 227 1411
5424 4 2 0 1 1107 1342 1253 1396
5425 4 2 0 1 520 458 1671 459
5426 4 2 0 1 1178 603 602 665
5427 4 2 0 1 536 1332 474 537
5428 4 2 0 1 622 621 558 1391
5429 4 2 0 1 73 1215 46 74
5430 4 2 0 1 1003 1290 1371 1465
5431 4 2 0 1 694 1281 1101 1591
5432 4 2 0 1 866 1435 1226 1608
5433 4 2 0 1 646 1417 582 1533
5434 4 2 0 1 149 1315 150 1402
5435 4 2 0 1 1005 1205 1444 1702
5436 4 2 0 1 1022 1194 1291 1488
5437 4 2 0 1 1424 1332 474 473
5438 4 2 0 1 1345 1584 1390 1595
5439 4 2 0 1 1602 1617 1370 1049
5440 4 2 0 1 1011 1441 1181 1468
5441 4 2 0 1 1728 1460 1285 1082
5442 4 2 0 1 1010 1134 1070 1751
5443 4 2 0 1 1038 1410 1175 1599
5444 4 2 0 1 636 1596 1137 1704
5445 4 2 0 1 1097 1469 1380 1529
5446 4 2 0 1 1164 1220 1512 1513
5447 4 2 0 1 1218 1512 1220 1513
5448 4 2 0 1 1190 1268 1083 1530
5449 4 2 0 1 1114 1428 1121 1581
5450 4 2 0 1 1018 1494 1219 1648
5451 4 2 0 1 1039 1487 1162 1754
5452 4 2 0 1 498 497 1092 1631
5453 4 2 0 1 1424 474 1332 537
5454 4 2 0 1 449 511 451 1628
5455 4 2 0 1 192 1402 1156 1607
5456 4 2 0 1 1130 1331 1041 1539
5457 4 2 0 1 577 1167 1317 1538
5458 4 2 0 1 1006 1177 1421 1640
5459 4 2 0 1 1060 1321 1429 1710
5460 4 2 0 1 407 342 1523 1654
5461 4 2 0 1 1045 1320 1189 1722
5462 4 2 0 1 1251 1062 1655 1734
5463 4 2 0 1 1320 1344 1189 1435
5464 4 2 0 1 561 498 1466 1631
5465 4 2 0 1 1254 1524 129 1692
5466 4 2 0 1 1019 1124 1751 1396
5467 4 2 0 1 721 1413 1199 1594
5468 4 2 0 1 1275 1346 1071 1622
5469 4 2 0 1 940 884 1202 1427
5470 4 2 0 1 627 564 628 1142
5471 4 2 0 1 563 888 944 1765
5472 4 2 0 1 1527 1728 63 1245
5473 4 2 0 1 1030 1334 1241 1548
5474 4 2 0 1 359 1414 363 424
5475 4 2 0 1 937 936 881 1337
5476 4 2 0 1 1785 1261 1777 308
5477 4 2 0 1 1279 1210 1495 1740
5478 4 2 0 1 274 1187 275 1534
5479 4 2 0 1 311 310 1162 1667
5480 4 2 0 1 1705 1635 1073 1300
5481 4 2 0 1 781 780 1289 1216
5482 4 2 0 1 288 1287 289 1646
5483 4 2 0 1 371 1206 370 1310
5484 4 2 0 1 1156 1402 1380 1529
5485 4 2 0 1 343 1225 1273 1638
5486 4 2 0 1 1421 1648 1059 1494
5487 4 2 0 1 1054 1429 1361 1546
5488 4 2 0 1 484 546 483 1348
5489 4 2 0 1 1227 1031 1319 1525
5490 4 2 0 1 1047 1326 1235 1474
5491 4 2 0 1 996 974 975 1493
5492 4 2 0 1 1043 1225 1273 1654
5493 4 2 0 1 959 670 960 1589
5494 4 2 0 1 1101 1503 1214 1197
5495 4 2 0 1 1042 1517 1432 1661
5496 4 2 0 1 1001 1618 1194 1675
5497 4 2 0 1 850 1329 843 1422
5498 4 2 0 1 199 1249 1324 1531
5499 4 2 0 1 574 1365 575 1480
5500 4 2 0 1 196 1781 246 202
5501 4 2 0 1 1259 1333 1055 1569
5502 4 2 0 1 1083 1333 1259 1569
5503 4 2 0 1 610 609 547 971
5504 4 2 0 1 419 1370 1367 1764
5505 4 2 0 1 1114 1580 1475 1643
5506 4 2 0 1 762 1161 819 1318
5507 4 2 0 1 1406 1595 1182 1618
5508 4 2 0 1 1493 1629 883 1192
5509 4 2 0 1 705 1141 767 1403
5510 4 2 0 1 589 1580 1475 1214
5511 4 2 0 1 576 1652 514 573
5512 4 2 0 1 1097 1312 1171 1684
5513 4 2 0 1 1111 1341 1193 1549
5514 4 2 0 1 970 1314 1589 1451
5515 4 2 0 1 495 496 1405 1472
5516 4 2 0 1 490 489 552 1207
5517 4 2 0 1 1086 1217 1634 1677
5518 4 2 0 1 1152 1358 1277 1432
5519 4 2 0 1 1408 1579 436 1168
5520 4 2 0 1 1071 1346 1275 1715
5521 4 2 0 1 1424 1558 1576 1332
5522 4 2 0 1 1171 1312 1097 1469
5523 4 2 0 1 878 880 933 1337
5524 4 2 0 1 389 1524 1254 1692
5525 4 2 0 1 705 1399 1141 1403
5526 4 2 0 1 1705 1686 1356 1745
5527 4 2 0 1 1211 624 1631 1439
5528 4 2 0 1 1097 1171 1469 1529
5529 4 2 0 1 842 1247 780 1577
5530 4 2 0 1 1362 1063 1084 1633
5531 4 2 0 1 85 1312 1256 1684
5532 4 2 0 1 1338 1406 1074 1590
5533 4 2 0 1 1781 1261 1785 253
5534 4 2 0 1 1263 1457 1138 1712
5535 4 2 0 1 1724 1697 1195 1063
5536 4 2 0 1 1166 1267 1105 1515
5537 4 2 0 1 1048 1418 1595 1618
5538 4 2 0 1 1313 1596 1544 1137
5539 4 2 0 1 359 363 1414 301
5540 4 2 0 1 760 698 1221 1568
5541 4 2 0 1 1193 1385 828 1168
5542 4 2 0 1 686 622 1330 1391
5543 4 2 0 1 643 706 704 1399
5544 4 2 0 1 671 960 670 1589
5545 4 2 0 1 577 1167 1538 516
5546 4 2 0 1 1159 1426 39 1511
5547 4 2 0 1 70 1388 101 69
5548 4 2 0 1 1164 1379 1135 1471
5549 4 2 0 1 524 1140 587 1681
5550 4 2 0 1 1141 1034 1549 1104
5551 4 2 0 1 504 1305 568 1233
5552 4 2 0 1 1228 1040 1286 1599
5553 4 2 0 1 296 244 299 1769
5554 4 2 0 1 620 558 621 1201
5555 4 2 0 1 1036 1091 1479 1184
5556 4 2 0 1 1036 1091 1184 1411
5557 4 2 0 1 408 1273 407 1535
5558 4 2 0 1 9 1325 2 1627
5559 4 2 0 1 844 1537 902 1696
5560 4 2 0 1 731 1574 729 667
5561 4 2 0 1 1128 1055 1521 1569
5562 4 2 0 1 1237 1349 1046 1501
5563 4 2 0 1 1603 1636 1749 1074
5564 4 2 0 1 800 1128 740 739
5565 4 2 0 1 1195 1552 1087 1674
5566 4 2 0 1 351 352 416 1462
5567 4 2 0 1 1118 1490 1383 1637
5568 4 2 0 1 1146 1362 1229 1734
5569 4 2 0 1 766 704 706 1307
5570 4 2 0 1 1199 1028 1433 1537
5571 4 2 0 1 656 650 714 1387
5572 4 2 0 1 1234 1347 1371 1536
5573 4 2 0 1 1219 1494 1018 1159
5574 4 2 0 1 1217 1548 1455 1658
5575 4 2 0 1 104 1518 142 143
5576 4 2 0 1 263 262 213 1187
5577 4 2 0 1 1097 1171 1315 1684
5578 4 2 0 1 1261 370 308 307
5579 4 2 0 1 560 1405 497 1631
5580 4 2 0 1 1041 1399 1363 1448
5581 4 2 0 1 233 1222 234 1753
5582 4 2 0 1 48 1171 1381 28
5583 4 2 0 1 1150 1350 1034 1542
5584 4 2 0 1 151 1491 1261 1601
5585 4 2 0 1 1122 1553 1372 1112
5586 4 2 0 1 582 581 1198 1417
5587 4 2 0 1 295 1265 1458 309
5588 4 2 0 1 1052 1243 1572 1620
5589 4 2 0 1 595 532 594 1528
5590 4 2 0 1 1014 1519 1224 1661
5591 4 2 0 1 152 1781 1772 1687
5592 4 2 0 1 823 762 824 1318
5593 4 2 0 1 547 1385 485 548
5594 4 2 0 1 3 2 1325 1627
5595 4 2 0 1 619 626 563 1665
5596 4 2 0 1 1157 1301 1079 1625
5597 4 2 0 1 1044 1421 1177 1640
5598 4 2 0 1 342 281 1543 1654
5599 4 2 0 1 1008 1295 1196 1446
5600 4 2 0 1 1061 1164 1471 1379
5601 4 2 0 1 1132 1150 1367 1761
5602 4 2 0 1 744 1202 682 1547
5603 4 2 0 1 1259 596 1694 1413
5604 4 2 0 1 440 1455 1736 1737
5605 4 2 0 1 1283 1752 1488 1532
5606 4 2 0 1 1233 1386 1102 1762
5607 4 2 0 1 92 1163 1254 1437
5608 4 2 0 1 1239 1517 1098 1519
5609 4 2 0 1 1272 755 693 710
5610 4 2 0 1 1341 1385 1193 1408
5611 4 2 0 1 1728 1460 1082 1364
5612 4 2 0 1 693 1272 710 1733
5613 4 2 0 1 1053 1359 1184 1477
5614 4 2 0 1 547 485 1385 484
5615 4 2 0 1 1222 1404 234 1753
5616 4 2 0 1 1194 1339 1112 1555
5617 4 2 0 1 558 1201 620 1636
5618 4 2 0 1 972 1329 973 1575
5619 4 2 0 1 575 1363 638 1480
5620 4 2 0 1 1034 1131 1382 1542
5621 4 2 0 1 1471 1513 1075 1135
5622 4 2 0 1 844 846 784 1594
5623 4 2 0 1 868 1435 807 1520
5624 4 2 0 1 1163 388 1254 1562
5625 4 2 0 1 45 1164 25 1219
5626 4 2 0 1 649 1140 586 1454
5627 4 2 0 1 1327 1154 1558 1605
5628 4 2 0 1 1748 1702 1231 1096
5629 4 2 0 1 1313 1596 1137 1441
5630 4 2 0 1 33 1312 1368 1514
5631 4 2 0 1 1105 1363 1399 1448
5632 4 2 0 1 221 1609 175 222
5633 4 2 0 1 761 1221 699 1596
5634 4 2 0 1 1331 1382 1071 1542
5635 4 2 0 1 921 1226 951 1497
5636 4 2 0 1 768 829 769 1168
5637 4 2 0 1 1165 1191 1419 1463
5638 4 2 0 1 13 1235 14 4
5639 4 2 0 1 347 1327 284 1328
5640 4 2 0 1 1136 1415 1123 1539
5641 4 2 0 1 435 434 1206 1466
5642 4 2 0 1 523 1316 461 1679
5643 4 2 0 1 1049 1240 1178 1617
5644 4 2 0 1 45 1379 1164 1159
5645 4 2 0 1 558 1405 559 1179
5646 4 2 0 1 384 448 447 1276
5647 4 2 0 1 800 860 1585 1268
5648 4 2 0 1 213 221 263 1187
5649 4 2 0 1 1179 1391 1048 1678
5650 4 2 0 1 323 1163 1438 387
5651 4 2 0 1 1064 1558 1557 1616
5652 4 2 0 1 1196 1482 1295 1530
5653 4 2 0 1 253 1781 202 246
5654 4 2 0 1 1603 1636 1074 1472
5655 4 2 0 1 1061 1164 1379 1159
5656 4 2 0 1 1042 1194 1196 1001
5657 4 2 0 1 1076 1560 1170 1650
5658 4 2 0 1 112 1244 111 1687
5659 4 2 0 1 253 202 1781 1687
5660 4 2 0 1 1465 1635 1290 1371
5661 4 2 0 1 1151 1030 1015 1628
5662 4 2 0 1 315 1203 378 1737
5663 4 2 0 1 1056 1538 1365 1562
5664 4 2 0 1 1037 1447 1419 1632
5665 4 2 0 1 364 303 1546 1592
5666 4 2 0 1 589 1197 651 1214
5667 4 2 0 1 168 127 1509 1697
5668 4 2 0 1 1072 1323 1292 1559
5669 4 2 0 1 748 1584 1345 684
5670 4 2 0 1 1042 1418 1194 1001
5671 4 2 0 1 371 1769 1310 308
5672 4 2 0 1 1347 1447 1065 1371
5673 4 2 0 1 1125 1110 1610 1627
5674 4 2 0 1 681 1202 744 1427
5675 4 2 0 1 691 1431 1142 1676
5676 4 2 0 1 746 1345 807 1608
5677 4 2 0 1 1364 1460 1227 1556
5678 4 2 0 1 807 1345 748 1520
5679 4 2 0 1 1320 1519 1189 1722
5680 4 2 0 1 1586 353 1764 354
5681 4 2 0 1 1054 1236 1262 1546
5682 4 2 0 1 709 771 1490 1746
5683 4 2 0 1 1726 1503 1011 1441
5684 4 2 0 1 1113 1462 1287 1646
5685 4 2 0 1 1077 1685 1530 1268
5686 4 2 0 1 1063 1628 1334 1724
5687 4 2 0 1 1065 1447 1347 1565
5688 4 2 0 1 1244 252 1620 1687
5689 4 2 0 1 388 1163 387 1562
5690 4 2 0 1 182 1175 231 181
5691 4 2 0 1 946 947 892 1344
5692 4 2 0 1 456 392 457 1255
5693 4 2 0 1 749 1390 1284 1653
5694 4 2 0 1 166 167 1766 209
5695 4 2 0 1 750 1183 751 1532
5696 4 2 0 1 25 1164 30 1220
5697 4 2 0 1 752 1232 751 1330
5698 4 2 0 1 1170 1023 1299 1650
5699 4 2 0 1 1360 1442 1149 1443
5700 4 2 0 1 1444 1640 1702 1205
5701 4 2 0 1 1050 1535 1127 1413
5702 4 2 0 1 292 1393 1301 1606
5703 4 2 0 1 391 1663 172 1692
5704 4 2 0 1 182 231 1175 232
5705 4 2 0 1 1314 1337 933 1574
5706 4 2 0 1 1295 1482 1190 1530
5707 4 2 0 1 44 1227 69 43
5708 4 2 0 1 1204 1648 1263 1062
5709 4 2 0 1 1023 1316 1731 1744
5710 4 2 0 1 1361 1545 1054 1546
5711 4 2 0 1 639 575 576 1229
5712 4 2 0 1 260 1203 315 1674
5713 4 2 0 1 959 670 958 913
5714 4 2 0 1 1138 1640 1421 1712
5715 4 2 0 1 1307 1449 1166 1489
5716 4 2 0 1 1563 239 1157 189
5717 4 2 0 1 774 1176 835 1476
5718 4 2 0 1 762 699 1161 1596
5719 4 2 0 1 358 371 1780 362
5720 4 2 0 1 1133 59 1377 89
5721 4 2 0 1 543 1314 544 1589
5722 4 2 0 1 1068 1299 1467 1570
5723 4 2 0 1 60 1223 1437 1758
5724 4 2 0 1 843 788 848 1422
5725 4 2 0 1 1055 1659 1292 1695
5726 4 2 0 1 362 371 1780 1423
5727 4 2 0 1 1675 1555 1495 1194
5728 4 2 0 1 1001 1418 1239 1517
5729 4 2 0 1 1271 1154 1557 1647
5730 4 2 0 1 1698 1419 1463 1165
5731 4 2 0 1 1002 1567 1148 1712
5732 4 2 0 1 1217 1027 1634 1677
5733 4 2 0 1 1433 1701 1343 1147
5734 4 2 0 1 1373 1414 1072 1611
5735 4 2 0 1 1056 1365 1274 1562
5736 4 2 0 1 508 507 570 1217
5737 4 2 0 1 118 124 89 1133
5738 4 2 0 1 1053 1184 1376 1477
5739 4 2 0 1 1444 1640 1205 1757
5740 4 2 0 1 1005 1444 1205 1757
5741 4 2 0 1 1015 1121 1151 1652
5742 4 2 0 1 1272 1430 755 1688
5743 4 2 0 1 1464 1626 1013 1723
5744 4 2 0 1 1432 1459 1160 1738
5745 4 2 0 1 1180 1010 1101 1073
5746 4 2 0 1 694 696 757 1101
5747 4 2 0 1 1132 1367 1150 1764
5748 4 2 0 1 1360 1135 1442 1443
5749 4 2 0 1 870 1435 868 1520
5750 4 2 0 1 229 1398 228 179
5751 4 2 0 1 109 1607 148 1755
5752 4 2 0 1 598 1174 535 1730
5753 4 2 0 1 769 768 1168 1403
5754 4 2 0 1 1258 1301 1131 1703
5755 4 2 0 1 90 1369 126 1163
5756 4 2 0 1 464 1230 1580 1700
5757 4 2 0 1 118 159 124 1133
5758 4 2 0 1 451 514 512 1628
5759 4 2 0 1 1134 1288 1172 1371
5760 4 2 0 1 1226 1320 1126 1435
5761 4 2 0 1 1212 740 741 1585
5762 4 2 0 1 1008 1127 1481 1496
5763 4 2 0 1 223 1116 179 1398
5764 4 2 0 1 746 1209 1547 682
5765 4 2 0 1 1678 1232 1488 1022
5766 4 2 0 1 1167 1267 1061 1494
5767 4 2 0 1 883 1427 1192 1644
5768 4 2 0 1 1313 1596 1441 1032
5769 4 2 0 1 222 276 1187 1609
5770 4 2 0 1 604 668 667 1589
5771 4 2 0 1 1072 1481 1351 1559
5772 4 2 0 1 33 1312 32 1368
5773 4 2 0 1 1050 1127 1496 1413
5774 4 2 0 1 1130 1445 1123 1539
5775 4 2 0 1 1130 1041 1445 1539
5776 4 2 0 1 1327 412 1558 1646
5777 4 2 0 1 756 1180 816 1430
5778 4 2 0 1 322 1724 387 1438
5779 4 2 0 1 1490 1746 1336 1699
5780 4 2 0 1 1355 1465 1635 1144
5781 4 2 0 1 538 1660 1351 1760
5782 4 2 0 1 1146 1365 1274 1734
5783 4 2 0 1 534 1413 1259 1760
5784 4 2 0 1 1037 1347 1490 1716
5785 4 2 0 1 1032 1247 1353 1409
5786 4 2 0 1 815 1774 859 798
5787 4 2 0 1 1272 1688 1612 1069
5788 4 2 0 1 1133 1377 59 36
5789 4 2 0 1 450 513 452 1274
5790 4 2 0 1 201 1531 1578 1244
5791 4 2 0 1 1364 1484 1485 1227
5792 4 2 0 1 1415 1647 1154 1040
5793 4 2 0 1 890 1270 833 1669
5794 4 2 0 1 58 1377 59 89
5795 4 2 0 1 1230 1280 1086 1700
5796 4 2 0 1 414 1127 408 1760
5797 4 2 0 1 1159 1645 1510 1721
5798 4 2 0 1 615 1211 1540 1707
5799 4 2 0 1 581 1198 1417 1718
5800 4 2 0 1 58 59 1377 36
5801 4 2 0 1 1259 1083 1496 1413
5802 4 2 0 1 1144 1356 1158 1705
5803 4 2 0 1 662 599 1240 1425
5804 4 2 0 1 1167 1645 1538 1743
5805 4 2 0 1 938 973 937 1329
5806 4 2 0 1 1020 1182 1383 1406
5807 4 2 0 1 537 1424 477 540
5808 4 2 0 1 1098 1520 1345 1714
5809 4 2 0 1 1078 1419 1191 1626
5810 4 2 0 1 4 10 13 1109
5811 4 2 0 1 1290 1635 1465 1144
5812 4 2 0 1 1233 1664 1107 1763
5813 4 2 0 1 1304 1603 556 1749
5814 4 2 0 1 1008 1446 1196 1112
5815 4 2 0 1 1028 1295 1196 1482
5816 4 2 0 1 1190 1508 902 1685
5817 4 2 0 1 1071 1542 1382 1703
5818 4 2 0 1 290 353 1132 1586
5819 4 2 0 1 730 986 667 668
5820 4 2 0 1 129 130 1254 1692
5821 4 2 0 1 1688 1465 1355 1176
5822 4 2 0 1 178 1453 1298 1642
5823 4 2 0 1 1113 1327 1154 1558
5824 4 2 0 1 696 694 633 1101
5825 4 2 0 1 414 1638 1611 349
5826 4 2 0 1 696 633 651 1101
5827 4 2 0 1 1217 1087 1548 1634
5828 4 2 0 1 189 1397 1563 1690
5829 4 2 0 1 1030 1436 1280 1548
5830 4 2 0 1 1086 1280 1436 1548
5831 4 2 0 1 537 477 1424 474
5832 4 2 0 1 1180 1073 1257 1686
5833 4 2 0 1 835 1476 1176 1564
5834 4 2 0 1 290 237 1258 1287
5835 4 2 0 1 1271 1154 1647 1040
5836 4 2 0 1 1028 1432 1145 1701
5837 4 2 0 1 1345 1520 1126 1714
5838 4 2 0 1 1629 1422 937 1337
5839 4 2 0 1 1418 1517 1042 1661
5840 4 2 0 1 741 677 1212 1707
5841 4 2 0 1 1387 1467 713 1476
5842 4 2 0 1 47 1381 48 1713
5843 4 2 0 1 1475 590 591 528
5844 4 2 0 1 476 491 428 1559
5845 4 2 0 1 1040 1394 1251 1583
5846 4 2 0 1 925 922 900 1577
5847 4 2 0 1 1628 449 1241 1334
5848 4 2 0 1 1244 1578 78 1717
5849 4 2 0 1 126 1369 127 1697
5850 4 2 0 1 1157 1606 1156 1607
5851 4 2 0 1 811 1284 750 1532
5852 4 2 0 1 398 1679 1306 1711
5853 4 2 0 1 1184 1359 1004 1477
5854 4 2 0 1 1103 1315 1607 1529
5855 4 2 0 1 253 1261 1785 308
5856 4 2 0 1 103 1443 1278 1662
5857 4 2 0 1 783 1433 719 1537
5858 4 2 0 1 1103 1171 1529 1610
5859 4 2 0 1 1335 1757 1741 1005
5860 4 2 0 1 1649 510 572 1613
5861 4 2 0 1 681 1749 1202 1665
5862 4 2 0 1 1170 1299 1023 1464
5863 4 2 0 1 1218 1324 1075 1717
5864 4 2 0 1 1004 1336 1293 1349
5865 4 2 0 1 104 1149 1443 1662
5866 4 2 0 1 1014 1277 1200 1738
5867 4 2 0 1 591 590 1475 654
5868 4 2 0 1 1410 1657 1499 1106
5869 4 2 0 1 1759 94 97 131
5870 4 2 0 1 230 284 283 1328
5871 4 2 0 1 1688 1465 1176 1069
5872 4 2 0 1 1127 414 1611 1760
5873 4 2 0 1 1079 1563 1397 1690
5874 4 2 0 1 1126 1320 1226 1478
5875 4 2 0 1 1016 1226 1320 1478
5876 4 2 0 1 1347 1417 1076 1536
5877 4 2 0 1 1086 1217 1548 1634
5878 4 2 0 1 1195 210 1509 1697
5879 4 2 0 1 953 1796 954 981
5880 4 2 0 1 589 652 1197 1475
5881 4 2 0 1 545 544 1169 1451
5882 4 2 0 1 838 1277 837 1461
5883 4 2 0 1 1065 1234 1544 1704
5884 4 2 0 1 499 1466 435 1207
5885 4 2 0 1 1061 1317 1167 1645
5886 4 2 0 1 1074 1201 1636 1209
5887 4 2 0 1 1074 1201 1209 1406
5888 4 2 0 1 1061 1164 1159 1494
5889 4 2 0 1 1192 1577 1329 1629
5890 4 2 0 1 527 1214 588 1700
5891 4 2 0 1 52 1379 72 1135
5892 4 2 0 1 862 902 1685 1696
5893 4 2 0 1 1510 1645 1066 1721
5894 4 2 0 1 789 790 1422 1574
5895 4 2 0 1 904 924 1329 1575
5896 4 2 0 1 73 1319 70 46
5897 4 2 0 1 1014 1459 1432 1738
5898 4 2 0 1 1505 1551 1276 1552
5899 4 2 0 1 1759 97 94 1721
5900 4 2 0 1 657 1433 720 1528
5901 4 2 0 1 29 13 1220 1492
5902 4 2 0 1 1244 78 1135 1717
5903 4 2 0 1 511 514 451 1628
5904 4 2 0 1 1475 1580 528 1643
5905 4 2 0 1 1168 1571 500 1483
5906 4 2 0 1 92 1163 1437 90
5907 4 2 0 1 500 1571 1168 492
5908 4 2 0 1 1322 1516 1043 1600
5909 4 2 0 1 1023 1316 1306 1582
5910 4 2 0 1 1486 1680 878 1178
5911 4 2 0 1 1063 1195 1509 1697
5912 4 2 0 1 1195 385 321 322
5913 4 2 0 1 755 1430 1272 1431
5914 4 2 0 1 63 1727 1245 1728
5915 4 2 0 1 1300 1409 1073 1705
5916 4 2 0 1 1288 1465 1371 1070
5917 4 2 0 1 49 1171 32 1684
5918 4 2 0 1 1283 1488 1752 1077
5919 4 2 0 1 534 1259 1660 1760
5920 4 2 0 1 1355 1635 1465 1070
5921 4 2 0 1 1691 1102 1252 1389
5922 4 2 0 1 952 1771 1779 911
5923 4 2 0 1 660 1259 1333 597
5924 4 2 0 1 970 1314 1451 934
5925 4 2 0 1 192 1392 1156 1402
5926 4 2 0 1 1013 1626 1043 1723
5927 4 2 0 1 427 1129 426 489
5928 4 2 0 1 1629 1680 1337 881
5929 4 2 0 1 968 972 992 1422
5930 4 2 0 1 770 1161 819 758
5931 4 2 0 1 1044 1640 1444 1757
5932 4 2 0 1 1077 1283 1685 1752
5933 4 2 0 1 1016 1478 1318 1673
5934 4 2 0 1 1091 1298 1453 1058
5935 4 2 0 1 1040 1394 1286 1599
5936 4 2 0 1 1400 1642 1298 1058
5937 4 2 0 1 952 1771 911 906
5938 4 2 0 1 1157 191 1607 190
5939 4 2 0 1 1209 1636 1074 1749
5940 4 2 0 1 685 686 750 1183
5941 4 2 0 1 294 241 295 1392
5942 4 2 0 1 1154 1346 1113 1576
5943 4 2 0 1 24 9 11 1485
5944 4 2 0 1 499 553 561 1211
5945 4 2 0 1 1102 1679 1233 1762
5946 4 2 0 1 945 563 888 944
5947 4 2 0 1 558 495 1201 1636
5948 4 2 0 1 1417 1490 1347 1716
5949 4 2 0 1 1648 1263 1105 1421
5950 4 2 0 1 367 1173 304 1572
5951 4 2 0 1 957 1794 986 730
5952 4 2 0 1 434 1206 1466 1597
5953 4 2 0 1 986 1794 957 958
5954 4 2 0 1 1281 1500 1027 1676
5955 4 2 0 1 647 1155 1733 1615
5956 4 2 0 1 433 434 1466 1597
5957 4 2 0 1 1347 1417 708 1490
5958 4 2 0 1 365 304 366 1236
5959 4 2 0 1 569 1134 1536 1613
5960 4 2 0 1 1360 1471 1379 1061
5961 4 2 0 1 1089 1490 1336 1699
5962 4 2 0 1 1048 1183 1725 1678
5963 4 2 0 1 1132 1150 1542 1764
5964 4 2 0 1 1103 1381 1171 1610
5965 4 2 0 1 758 1161 699 1704
5966 4 2 0 1 1268 1530 1128 1569
5967 4 2 0 1 324 266 323 1524
5968 4 2 0 1 1387 1573 714 1160
5969 4 2 0 1 176 1504 177 1642
5970 4 2 0 1 1695 1473 613 1292
5971 4 2 0 1 774 1688 1612 773
5972 4 2 0 1 1737 1621 1087 1674
5973 4 2 0 1 1026 1198 1384 1533
5974 4 2 0 1 983 1779 911 927
5975 4 2 0 1 1064 1415 1154 1576
5976 4 2 0 1 1100 1389 1306 1582
5977 4 2 0 1 162 206 161 1256
5978 4 2 0 1 1277 1432 1160 1738
5979 4 2 0 1 742 741 802 1439
5980 4 2 0 1 576 1652 573 637
5981 4 2 0 1 940 1427 1202 1665
5982 4 2 0 1 334 1306 1252 1711
5983 4 2 0 1 1035 1346 1275 1622
5984 4 2 0 1 144 1499 183 1657
5985 4 2 0 1 221 175 1188 174
5986 4 2 0 1 1063 1195 1334 1621
5987 4 2 0 1 986 1794 668 730
5988 4 2 0 1 935 1348 1169 1451
5989 4 2 0 1 616 1439 1211 1707
5990 4 2 0 1 874 1685 1283 1752
5991 4 2 0 1 371 1769 308 358
5992 4 2 0 1 763 1266 760 1486
5993 4 2 0 1 1297 1468 1114 1121
5994 4 2 0 1 39 1511 1426 1758
5995 4 2 0 1 1084 1583 1362 1633
5996 4 2 0 1 580 1417 583 1718
5997 4 2 0 1 176 1504 1642 1340
5998 4 2 0 1 1087 1276 1552 1641
5999 4 2 0 1 1203 1548 1455 1737
6000 4 2 0 1 1068 1387 1160 1573
6001 4 2 0 1 1054 1046 1489 1236
6002 4 2 0 1 311 1361 373 1667
6003 4 2 0 1 777 1277 838 1358
6004 4 2 0 1 577 1167 516 578
6005 4 2 0 1 1306 1316 1023 1744
6006 4 2 0 1 329 1452 379 394
6007 4 2 0 1 1026 1384 1198 1058
6008 4 2 0 1 1007 1539 1415 1715
6009 4 2 0 1 137 1502 1286 1689
6010 4 2 0 1 874 1283 1532 1752
6011 4 2 0 1 541 599 1240 602
6012 4 2 0 1 883 939 938 1493
6013 4 2 0 1 1103 1315 1529 1171
6014 4 2 0 1 620 684 1209 1584
6015 4 2 0 1 837 1200 894 1461
6016 4 2 0 1 1154 1136 1415 1040
6017 4 2 0 1 1604 593 531 1375
6018 4 2 0 1 1011 1436 1230 1121
6019 4 2 0 1 707 1347 1637 1065
6020 4 2 0 1 551 550 613 1323
6021 4 2 0 1 1041 1448 1138 1541
6022 4 2 0 1 539 1559 1351 1659
6023 4 2 0 1 234 287 247 1506
6024 4 2 0 1 1061 1164 1494 1471
6025 4 2 0 1 1363 1399 1041 1445
6026 4 2 0 1 1351 1660 1259 1760
6027 4 2 0 1 1043 1191 1322 1600
6028 4 2 0 1 1324 1531 1075 1717
6029 4 2 0 1 1301 1393 1033 1606
6030 4 2 0 1 1243 1572 1173 1672
6031 4 2 0 1 1118 1336 1293 1651
6032 4 2 0 1 945 626 563 944
6033 4 2 0 1 1688 1465 1069 1070
6034 4 2 0 1 1138 1006 1421 1640
6035 4 2 0 1 1048 1183 1678 1391
6036 4 2 0 1 159 203 165 1374
6037 4 2 0 1 953 907 954 1779
6038 4 2 0 1 1189 931 1461 870
6039 4 2 0 1 496 431 432 1237
6040 4 2 0 1 1486 878 1680 821
6041 4 2 0 1 1313 1596 1032 1544
6042 4 2 0 1 1158 1344 1320 1435
6043 4 2 0 1 1529 1607 1402 1315
6044 4 2 0 1 223 1084 277 276
6045 4 2 0 1 1028 1160 1432 1701
6046 4 2 0 1 1113 1462 1424 1761
6047 4 2 0 1 1084 1311 1187 1063
6048 4 2 0 1 1029 1618 1182 1675
6049 4 2 0 1 950 897 898 1158
6050 4 2 0 1 1156 1033 1157 1593
6051 4 2 0 1 1056 1510 1437 1511
6052 4 2 0 1 1168 1108 1545 1571
6053 4 2 0 1 585 1454 1155 1615
6054 4 2 0 1 1396 1676 1431 1124
6055 4 2 0 1 1087 1552 1551 1674
6056 4 2 0 1 1415 1539 1136 1715
6057 4 2 0 1 949 897 950 1158
6058 4 2 0 1 975 939 1427 1493
6059 4 2 0 1 895 839 838 1152
6060 4 2 0 1 138 1388 139 1657
6061 4 2 0 1 1493 883 1427 1192
6062 4 2 0 1 1057 1323 1292 1553
6063 4 2 0 1 199 1614 1249 198
6064 4 2 0 1 1048 1183 1391 1390
6065 4 2 0 1 1188 1633 1369 1729
6066 4 2 0 1 1158 1320 1226 1435
6067 4 2 0 1 841 1630 899 1745
6068 4 2 0 1 255 1269 207 1378
6069 4 2 0 1 1293 1336 1089 1651
6070 4 2 0 1 893 836 892 1200
6071 4 2 0 1 314 1551 1674 1737
6072 4 2 0 1 1432 1459 1014 1517
6073 4 2 0 1 489 551 552 1323
6074 4 2 0 1 1089 1384 1198 1533
6075 4 2 0 1 1063 1509 1195 1621
6076 4 2 0 1 894 1200 893 1719
6077 4 2 0 1 329 379 1452 330
6078 4 2 0 1 1771 854 983 911
6079 4 2 0 1 1076 1536 1417 1718
6080 4 2 0 1 1769 1778 308 358
6081 4 2 0 1 374 1246 439 1551
6082 4 2 0 1 1189 1519 1126 1520
6083 4 2 0 1 1019 1172 1288 1450
6084 4 2 0 1 1048 1183 1390 1725
6085 4 2 0 1 1414 425 487 424
6086 4 2 0 1 205 1269 255 1706
6087 4 2 0 1 574 1167 1365 1480
6088 4 2 0 1 487 425 1414 488
6089 4 2 0 1 464 1580 527 1700
6090 4 2 0 1 1118 1383 1490 1651
6091 4 2 0 1 1252 1102 1452 1711
6092 4 2 0 1 1078 1170 1419 1626
6093 4 2 0 1 1055 1481 1259 1569
6094 4 2 0 1 300 1778 1777 296
6095 4 2 0 1 1186 1091 1411 1453
6096 4 2 0 1 1648 1105 1263 1062
6097 4 2 0 1 1074 1201 1406 1472
6098 4 2 0 1 248 1248 198 1507
6099 4 2 0 1 545 1348 608 1451
6100 4 2 0 1 350 1414 1373 1611
6101 4 2 0 1 1174 1332 1064 1616
6102 4 2 0 1 1747 1312 1469 1368
6103 4 2 0 1 192 1392 1402 1706
6104 4 2 0 1 378 318 382 1203
6105 4 2 0 1 668 1794 986 958
6106 4 2 0 1 283 284 1327 1328
6107 4 2 0 1 1044 1421 1640 1712
6108 4 2 0 1 100 1502 99 1556
6109 4 2 0 1 581 1693 1198 1718
6110 4 2 0 1 1299 1467 1069 1731
6111 4 2 0 1 1140 1467 1299 1731
6112 4 2 0 1 1612 1688 1176 1069
6113 4 2 0 1 1029 1495 1618 1675
6114 4 2 0 1 1253 1342 1134 1751
6115 4 2 0 1 995 994 974 867
6116 4 2 0 1 303 365 1262 1598
6117 4 2 0 1 1340 1693 1709 1058
6118 4 2 0 1 763 760 820 1486
6119 4 2 0 1 568 566 630 1305
6120 4 2 0 1 311 364 1361 1592
6121 4 2 0 1 112 78 1244 1578
6122 4 2 0 1 1340 1693 1058 1663
6123 4 2 0 1 634 636 573 1412
6124 4 2 0 1 1014 1189 1519 1722
6125 4 2 0 1 503 1217 508 1500
6126 4 2 0 1 922 1497 900 1577
6127 4 2 0 1 300 308 1777 1778
6128 4 2 0 1 1389 1709 1100 1691
6129 4 2 0 1 1149 1662 1518 1720
6130 4 2 0 1 1002 1148 1407 1712
6131 4 2 0 1 1031 1335 1148 1484
6132 4 2 0 1 516 574 579 1167
6133 4 2 0 1 1003 1650 1288 1371
6134 4 2 0 1 1460 1556 1525 1227
6135 4 2 0 1 269 1791 218 217
6136 4 2 0 1 1573 836 776 837
6137 4 2 0 1 1100 1340 1252 1691
6138 4 2 0 1 1034 1382 1331 1542
6139 4 2 0 1 1015 1415 1136 1040
6140 4 2 0 1 1345 1390 1098 1595
6141 4 2 0 1 1018 1204 1456 1062
6142 4 2 0 1 1269 204 1402 1706
6143 4 2 0 1 1037 1347 1565 1637
6144 4 2 0 1 1312 1498 85 1256
6145 4 2 0 1 1730 535 536 472
6146 4 2 0 1 1023 1296 1170 1464
6147 4 2 0 1 71 1379 1278 1443
6148 4 2 0 1 1058 1504 1340 1642
6149 4 2 0 1 344 1428 1557 1616
6150 4 2 0 1 536 535 1730 598
6151 4 2 0 1 1505 1763 377 1386
6152 4 2 0 1 1064 1395 1297 1415
6153 4 2 0 1 1777 194 193 242
6154 4 2 0 1 880 878 821 1680
6155 4 2 0 1 1680 1088 1309 823
6156 4 2 0 1 1031 1148 1335 1625
6157 4 2 0 1 1131 1382 1542 1703
6158 4 2 0 1 614 551 613 1323
6159 4 2 0 1 224 1624 1340 1663
6160 4 2 0 1 983 854 905 911
6161 4 2 0 1 1219 1120 1294 1561
6162 4 2 0 1 671 607 608 1451
6163 4 2 0 1 1035 1175 1410 1599
6164 4 2 0 1 1033 1148 1407 1625
6165 4 2 0 1 691 1142 628 1676
6166 4 2 0 1 1105 1648 1421 1494
6167 4 2 0 1 1603 557 1472 494
6168 4 2 0 1 709 1490 1699 1746
6169 4 2 0 1 1777 194 242 1778
6170 4 2 0 1 1192 1427 804 1639
6171 4 2 0 1 1131 1350 355 1586
6172 4 2 0 1 1025 1297 1181 1468
6173 4 2 0 1 702 763 764 1130
6174 4 2 0 1 377 1763 1505 441
6175 4 2 0 1 88 1377 89 124
6176 4 2 0 1 704 703 642 1449
6177 4 2 0 1 864 1329 924 1575
6178 4 2 0 1 167 125 166 1524
6179 4 2 0 1 887 944 888 1765
6180 4 2 0 1 1062 1229 1655 1734
6181 4 2 0 1 48 1171 28 49
6182 4 2 0 1 88 89 1377 58
6183 4 2 0 1 1055 1351 1259 1481
6184 4 2 0 1 1475 1726 1115 1197
6185 4 2 0 1 1075 1303 1243 1531
6186 4 2 0 1 1154 1327 1228 1605
6187 4 2 0 1 301 1373 350 1414
6188 4 2 0 1 1060 1592 1231 1710
6189 4 2 0 1 209 211 1786 258
6190 4 2 0 1 1603 1636 1472 557
6191 4 2 0 1 667 985 986 730
6192 4 2 0 1 1256 1374 1047 1498
6193 4 2 0 1 298 1423 1780 243
6194 4 2 0 1 1090 1486 1221 1739
6195 4 2 0 1 88 1498 87 1514
6196 4 2 0 1 1366 1400 1026 1058
6197 4 2 0 1 1259 1127 1481 1760
6198 4 2 0 1 1154 1557 1064 1558
6199 4 2 0 1 306 1416 1572 1620
6200 4 2 0 1 850 1329 1422 1575
6201 4 2 0 1 264 321 265 1552
6202 4 2 0 1 1143 1332 1174 1730
6203 4 2 0 1 1018 1743 1117 1426
6204 4 2 0 1 1212 1473 1057 1707
6205 4 2 0 1 900 1497 899 1577
6206 4 2 0 1 1624 331 396 393
6207 4 2 0 1 1624 396 331 1452
6208 4 2 0 1 1721 1159 64 1510
6209 4 2 0 1 769 706 1307 766
6210 4 2 0 1 29 1218 51 1352
6211 4 2 0 1 120 1684 119 84
6212 4 2 0 1 1535 1413 533 1760
6213 4 2 0 1 818 1686 759 1745
6214 4 2 0 1 1490 1336 1746 1118
6215 4 2 0 1 681 1749 1665 618
6216 4 2 0 1 1341 1408 1193 1104
6217 4 2 0 1 307 1597 1416 1261
6218 4 2 0 1 1276 1551 1087 1552
6219 4 2 0 1 1066 1400 1255 1759
6220 4 2 0 1 1381 1627 27 1747
6221 4 2 0 1 1063 1187 1509 1621
6222 4 2 0 1 83 59 53 1352
6223 4 2 0 1 235 1328 232 1499
6224 4 2 0 1 1721 64 1159 66
6225 4 2 0 1 970 1314 934 969
6226 4 2 0 1 141 144 183 1657
6227 4 2 0 1 383 382 318 1203
6228 4 2 0 1 1070 1465 1371 1635
6229 4 2 0 1 1225 1043 1600 1654
6230 4 2 0 1 1100 1252 1389 1691
6231 4 2 0 1 1211 1057 1540 1707
6232 4 2 0 1 789 1337 728 1574
6233 4 2 0 1 233 185 184 1753
6234 4 2 0 1 641 578 642 1317
6235 4 2 0 1 670 959 669 1589
6236 4 2 0 1 131 1255 134 1400
6237 4 2 0 1 1076 1447 1347 1371
6238 4 2 0 1 608 1348 547 1451
6239 4 2 0 1 1302 1321 1060 1526
6240 4 2 0 1 1059 1321 1302 1526
6241 4 2 0 1 73 1215 74 106
6242 4 2 0 1 481 1169 480 1370
6243 4 2 0 1 671 670 607 1589
6244 4 2 0 1 969 1314 933 1574
6245 4 2 0 1 1184 1376 1222 1753
6246 4 2 0 1 1072 1292 1323 1553
6247 4 2 0 1 1037 1490 1383 1651
6248 4 2 0 1 582 645 581 1417
6249 4 2 0 1 32 1171 28 1747
6250 4 2 0 1 1236 1262 1173 1489
6251 4 2 0 1 545 544 481 1169
6252 4 2 0 1 199 1614 198 156
6253 4 2 0 1 976 683 747 745
6254 4 2 0 1 300 308 1778 358
6255 4 2 0 1 971 935 1348 941
6256 4 2 0 1 1460 1525 1556 1038
6257 4 2 0 1 641 582 1317 1533
6258 4 2 0 1 1033 1593 1148 1625
6259 4 2 0 1 104 1149 1442 1443
6260 4 2 0 1 260 262 315 1203
6261 4 2 0 1 26 11 27 1381
6262 4 2 0 1 81 1135 1442 1601
6263 4 2 0 1 1226 866 863 921
6264 4 2 0 1 957 986 985 730
6265 4 2 0 1 1517 1519 1239 1682
6266 4 2 0 1 519 582 581 1198
6267 4 2 0 1 678 741 1439 1707
6268 4 2 0 1 214 1786 215 264
6269 4 2 0 1 577 1167 578 1317
6270 4 2 0 1 1648 1494 1105 1062
6271 4 2 0 1 1053 1491 1753 1184
6272 4 2 0 1 263 221 274 1187
6273 4 2 0 1 1097 1380 1269 1402
6274 4 2 0 1 519 1366 1198 1693
6275 4 2 0 1 1246 501 438 437
6276 4 2 0 1 1126 1478 1226 1608
6277 4 2 0 1 1226 1478 1081 1608
6278 4 2 0 1 638 575 639 1363
6279 4 2 0 1 1340 1642 176 1663
6280 4 2 0 1 1115 1441 1468 1739
6281 4 2 0 1 275 1311 337 1534
6282 4 2 0 1 1184 1411 1091 1518
6283 4 2 0 1 551 614 552 1323
6284 4 2 0 1 1766 1524 170 167
6285 4 2 0 1 947 893 892 1719
6286 4 2 0 1 300 1778 296 358
6287 4 2 0 1 1095 1384 1336 1699
6288 4 2 0 1 103 1278 97 1400
6289 4 2 0 1 281 280 342 1543
6290 4 2 0 1 81 1443 1135 72
6291 4 2 0 1 1041 1141 1448 1541
6292 4 2 0 1 1003 1170 1299 1650
6293 4 2 0 1 11 26 24 1623
6294 4 2 0 1 210 1674 1195 1509
6295 4 2 0 1 46 1282 47 1713
6296 4 2 0 1 1259 1481 1351 1760
6297 4 2 0 1 438 501 1246 503
6298 4 2 0 1 883 884 1427 1644
6299 4 2 0 1 658 1199 1528 720
6300 4 2 0 1 57 1377 88 1514
6301 4 2 0 1 1288 1465 1070 1069
6302 4 2 0 1 1612 1615 710 1272
6303 4 2 0 1 1353 1630 778 1745
6304 4 2 0 1 1358 1433 1028 1537
6305 4 2 0 1 236 1328 235 1499
6306 4 2 0 1 1450 1615 1731 1069
6307 4 2 0 1 1737 1203 382 1455
6308 4 2 0 1 344 1557 345 1558
6309 4 2 0 1 1033 1157 1593 1625
6310 4 2 0 1 1450 1731 1615 1155
6311 4 2 0 1 891 1355 1564 834
6312 4 2 0 1 432 367 433 1279
6313 4 2 0 1 1095 1533 1384 1699
6314 4 2 0 1 828 1193 826 1385
6315 4 2 0 1 746 1209 682 684
6316 4 2 0 1 1014 1432 1277 1738
6317 4 2 0 1 1376 1404 1222 1753
6318 4 2 0 1 237 238 1258 1563
6319 4 2 0 1 1249 1303 249 1507
6320 4 2 0 1 1088 1213 1409 1673
6321 4 2 0 1 1319 1388 1227 1525
6322 4 2 0 1 1151 1436 1011 1121
6323 4 2 0 1 668 1794 732 730
6324 4 2 0 1 728 1216 726 1683
6325 4 2 0 1 219 1775 1773 391
6326 4 2 0 1 1737 382 1203 378
6327 4 2 0 1 1153 1637 1565 1065
6328 4 2 0 1 802 752 742 1439
6329 4 2 0 1 1074 1590 1270 1669
6330 4 2 0 1 343 1273 408 1638
6331 4 2 0 1 1301 1393 1131 1703
6332 4 2 0 1 970 1314 969 1589
6333 4 2 0 1 761 760 698 1221
6334 4 2 0 1 145 1397 189 1690
6335 4 2 0 1 1776 912 910 958
6336 4 2 0 1 529 592 593 1208
6337 4 2 0 1 1038 1250 1394 1460
6338 4 2 0 1 1426 1511 1117 1758
6339 4 2 0 1 943 1385 547 548
6340 4 2 0 1 1204 1117 1456 1670
6341 4 2 0 1 1076 1347 1536 1371
6342 4 2 0 1 1018 1480 1494 1062
6343 4 2 0 1 391 172 327 1692
6344 4 2 0 1 1075 1244 1135 1717
6345 4 2 0 1 586 649 587 1140
6346 4 2 0 1 243 1404 1310 197
6347 4 2 0 1 194 151 155 1261
6348 4 2 0 1 1037 1347 1447 1565
6349 4 2 0 1 1022 1194 1488 1678
6350 4 2 0 1 1078 1459 1517 1682
6351 4 2 0 1 19 1527 1401 20
6352 4 2 0 1 985 1783 1795 791
6353 4 2 0 1 151 1491 1601 115
6354 4 2 0 1 732 1794 668 958
6355 4 2 0 1 551 488 550 1323
6356 4 2 0 1 1290 1300 1065 1371
6357 4 2 0 1 333 1452 1252 1624
6358 4 2 0 1 701 1363 639 1445
6359 4 2 0 1 1087 1634 1276 1641
6360 4 2 0 1 816 1688 755 1430
6361 4 2 0 1 1080 1495 1210 1740
6362 4 2 0 1 52 30 1164 1513
6363 4 2 0 1 1355 1430 1070 1688
6364 4 2 0 1 262 212 213 1187
6365 4 2 0 1 1113 1558 1154 1576
6366 4 2 0 1 1154 1558 1064 1576
6367 4 2 0 1 534 596 1259 1413
6368 4 2 0 1 1166 1105 1399 1735
6369 4 2 0 1 81 1244 1601 111
6370 4 2 0 1 66 71 45 1159
6371 4 2 0 1 1005 1380 1205 1702
6372 4 2 0 1 657 592 656 1147
6373 4 2 0 1 666 665 603 1314
6374 4 2 0 1 620 1209 682 1636
6375 4 2 0 1 327 326 268 1775
6376 4 2 0 1 1041 1457 1263 1655
6377 4 2 0 1 627 691 629 1142
6378 4 2 0 1 41 39 1159 1426
6379 4 2 0 1 1132 1542 1586 1764
6380 4 2 0 1 1269 1402 1380 1706
6381 4 2 0 1 1493 1427 883 939
6382 4 2 0 1 1077 1283 1482 1685
6383 4 2 0 1 1121 1428 1297 1647
6384 4 2 0 1 209 210 259 1195
6385 4 2 0 1 763 764 1130 1434
6386 4 2 0 1 1604 531 593 530
6387 4 2 0 1 1053 1491 1184 1359
6388 4 2 0 1 1485 1566 1051 1364
6389 4 2 0 1 1103 1529 1335 1610
6390 4 2 0 1 1185 1693 1588 1709
6391 4 2 0 1 1454 1615 1731 1155
6392 4 2 0 1 67 99 1285 1556
6393 4 2 0 1 1199 1413 1083 1594
6394 4 2 0 1 1171 1381 1103 1666
6395 4 2 0 1 145 144 105 1470
6396 4 2 0 1 1678 1232 1022 1330
6397 4 2 0 1 1054 1046 1236 1108
6398 4 2 0 1 238 1301 1258 1563
6399 4 2 0 1 438 503 1246 1736
6400 4 2 0 1 326 327 391 1775
6401 4 2 0 1 755 1688 816 773
6402 4 2 0 1 98 1285 99 1689
6403 4 2 0 1 1103 1282 1215 1713
6404 4 2 0 1 1444 1702 1640 1177
6405 4 2 0 1 455 393 1663 1691
6406 4 2 0 1 1023 1170 1296 1560
6407 4 2 0 1 400 1455 1658 445
6408 4 2 0 1 1013 1191 1043 1626
6409 4 2 0 1 1252 1452 333 1711
6410 4 2 0 1 1138 1421 1006 1448
6411 4 2 0 1 294 1119 295 356
6412 4 2 0 1 1010 1180 1635 1073
6413 4 2 0 1 349 1638 1373 1656
6414 4 2 0 1 1621 1548 1534 1203
6415 4 2 0 1 119 110 84 1684
6416 4 2 0 1 1484 1757 1238 1335
6417 4 2 0 1 464 1580 1230 1581
6418 4 2 0 1 636 699 1596 1704
6419 4 2 0 1 1365 1538 1743 1167
6420 4 2 0 1 42 1227 1364 23
6421 4 2 0 1 651 715 696 1257
6422 4 2 0 1 243 1404 197 247
6423 4 2 0 1 1038 1286 1394 1599
6424 4 2 0 1 757 1257 759 1686
6425 4 2 0 1 1688 1465 1070 1355
6426 4 2 0 1 1066 1366 1255 1400
6427 4 2 0 1 103 1400 135 1662
6428 4 2 0 1 1070 1688 1272 1069
6429 4 2 0 1 201 202 252 1687
6430 4 2 0 1 1185 1389 1172 1671
6431 4 2 0 1 487 428 491 1559
6432 4 2 0 1 1072 1481 1292 1553
6433 4 2 0 1 545 608 1348 546
6434 4 2 0 1 1198 1417 1089 1533
6435 4 2 0 1 1119 1265 1264 1754
6436 4 2 0 1 370 1206 434 1597
6437 4 2 0 1 172 1775 391 327
6438 4 2 0 1 1199 1050 1413 1528
6439 4 2 0 1 1218 1075 1513 1717
6440 4 2 0 1 104 1518 143 1149
6441 4 2 0 1 281 1411 227 1543
6442 4 2 0 1 251 1531 1244 1620
6443 4 2 0 1 879 934 935 1169
6444 4 2 0 1 1006 1421 1321 1735
6445 4 2 0 1 883 938 882 1629
6446 4 2 0 1 1385 549 1765 486
6447 4 2 0 1 688 623 624 1439
6448 4 2 0 1 1763 504 439 441
6449 4 2 0 1 566 629 630 1305
6450 4 2 0 1 922 863 921 1497
6451 4 2 0 1 827 1590 1746 1669
6452 4 2 0 1 996 806 974 1493
6453 4 2 0 1 1002 1263 1204 1712
6454 4 2 0 1 1255 134 1400 1642
6455 4 2 0 1 249 1249 199 1303
6456 4 2 0 1 392 1663 391 1692
6457 4 2 0 1 833 1270 1590 1669
6458 4 2 0 1 1002 1457 1263 1712
6459 4 2 0 1 1101 1313 1503 1197
6460 4 2 0 1 404 405 340 1582
6461 4 2 0 1 1023 1296 1464 1582
6462 4 2 0 1 229 1398 179 1286
6463 4 2 0 1 1290 1447 1065 1565
6464 4 2 0 1 631 1281 1591 1676
6465 4 2 0 1 1691 396 1624 1252
6466 4 2 0 1 337 1534 1311 1587
6467 4 2 0 1 400 1455 445 383
6468 4 2 0 1 904 924 925 1329
6469 4 2 0 1 396 1252 1452 1624
6470 4 2 0 1 404 340 399 1582
6471 4 2 0 1 495 496 559 1405
6472 4 2 0 1 1131 355 1119 293
6473 4 2 0 1 647 1155 1615 585
6474 4 2 0 1 278 1504 225 1340
6475 4 2 0 1 487 550 1414 1559
6476 4 2 0 1 617 1695 1659 1750
6477 4 2 0 1 1389 1709 1691 1185
6478 4 2 0 1 292 291 238 1258
6479 4 2 0 1 1172 1389 1023 1744
6480 4 2 0 1 1044 1177 1444 1640
6481 4 2 0 1 1060 1231 1526 1710
6482 4 2 0 1 1649 572 510 509
6483 4 2 0 1 994 995 982 927
6484 4 2 0 1 845 782 1358 1537
6485 4 2 0 1 1788 988 965 1774
6486 4 2 0 1 1067 1632 1239 1682
6487 4 2 0 1 1239 1632 1078 1682
6488 4 2 0 1 799 1774 815 798
6489 4 2 0 1 46 26 1282 1623
6490 4 2 0 1 1280 1658 1086 1700
6491 4 2 0 1 1763 439 504 1664
6492 4 2 0 1 580 645 644 1417
6493 4 2 0 1 835 1176 834 1564
6494 4 2 0 1 588 651 633 1101
6495 4 2 0 1 79 1578 1324 1717
6496 4 2 0 1 699 761 698 1221
6497 4 2 0 1 918 859 1788 1774
6498 4 2 0 1 433 367 368 1099
6499 4 2 0 1 745 683 681 1427
6500 4 2 0 1 126 166 1438 1697
6501 4 2 0 1 685 1391 1390 1584
6502 4 2 0 1 891 1355 834 876
6503 4 2 0 1 1253 1396 1342 1751
6504 4 2 0 1 323 1163 387 388
6505 4 2 0 1 1365 1743 1538 1056
6506 4 2 0 1 584 1155 521 1733
6507 4 2 0 1 488 551 489 1323
6508 4 2 0 1 655 598 599 1174
6509 4 2 0 1 1788 988 1774 815
6510 4 2 0 1 357 422 1119 1708
6511 4 2 0 1 45 1219 41 1159
6512 4 2 0 1 1373 1611 1122 1638
6513 4 2 0 1 422 484 483 1341
6514 4 2 0 1 1008 1196 1295 1530
6515 4 2 0 1 627 628 691 1142
6516 4 2 0 1 563 1304 556 1665
6517 4 2 0 1 682 744 681 1202
6518 4 2 0 1 1133 1248 1374 1474
6519 4 2 0 1 1058 1693 1588 1198
6520 4 2 0 1 1158 1356 1213 1705
6521 4 2 0 1 747 745 806 1493
6522 4 2 0 1 830 1304 889 1669
6523 4 2 0 1 283 1228 1327 1605
6524 4 2 0 1 1469 1610 1747 1125
6525 4 2 0 1 1146 1628 1015 1063
6526 4 2 0 1 536 1332 537 1730
6527 4 2 0 1 984 1790 793 854
6528 4 2 0 1 645 646 708 1417
6529 4 2 0 1 1148 1593 1205 1757
6530 4 2 0 1 280 281 227 1543
6531 4 2 0 1 1420 1503 1086 1700
6532 4 2 0 1 480 1169 543 1617
6533 4 2 0 1 959 958 670 669
6534 4 2 0 1 1274 1369 1063 1633
6535 4 2 0 1 762 699 758 1161
6536 4 2 0 1 353 290 1132 1462
6537 4 2 0 1 937 938 1329 1629
6538 4 2 0 1 533 1535 532 1413
6539 4 2 0 1 1259 1351 1055 1660
6540 4 2 0 1 1285 1286 1038 1502
6541 4 2 0 1 762 758 819 1161
6542 4 2 0 1 1151 1628 511 1649
6543 4 2 0 1 854 1790 793 851
6544 4 2 0 1 1060 1429 1592 1710
6545 4 2 0 1 1556 69 100 1388
6546 4 2 0 1 60 63 91 1223
6547 4 2 0 1 803 1268 800 1521
6548 4 2 0 1 731 1574 667 985
6549 4 2 0 1 1390 1584 1048 1595
6550 4 2 0 1 871 931 870 1461
6551 4 2 0 1 1771 854 911 906
6552 4 2 0 1 752 1330 688 1439
6553 4 2 0 1 19 1527 20 38
6554 4 2 0 1 237 1287 236 1308
6555 4 2 0 1 928 1344 929 1435
6556 4 2 0 1 352 289 1287 1646
6557 4 2 0 1 1005 1529 1335 1593
6558 4 2 0 1 1213 1705 1356 1745
6559 4 2 0 1 1217 1087 1736 1737
6560 4 2 0 1 1221 1441 1137 1596
6561 4 2 0 1 17 16 1368 1514
6562 4 2 0 1 336 1280 400 1534
6563 4 2 0 1 1467 1731 1615 1069
6564 4 2 0 1 1059 1471 1302 1515
6565 4 2 0 1 1630 1705 1213 1745
6566 4 2 0 1 511 1412 1151 1649
6567 4 2 0 1 306 1261 1687 307
6568 4 2 0 1 344 345 410 1558
6569 4 2 0 1 64 1510 1159 1511
6570 4 2 0 1 1238 1325 1110 1741
6571 4 2 0 1 1447 1565 1290 1632
6572 4 2 0 1 1484 1757 1335 1148
6573 4 2 0 1 1020 1345 1209 1742
6574 4 2 0 1 446 507 1217 1658
6575 4 2 0 1 866 926 1226 1435
6576 4 2 0 1 178 1298 1453 1518
6577 4 2 0 1 1078 1170 1626 1013
6578 4 2 0 1 1410 1499 1308 1690
6579 4 2 0 1 762 1309 761 1596
6580 4 2 0 1 1102 1389 1172 1744
6581 4 2 0 1 652 653 1197 1475
6582 4 2 0 1 614 1057 1473 1707
6583 4 2 0 1 695 1065 758 1704
6584 4 2 0 1 228 277 1398 1605
6585 4 2 0 1 1152 1482 1283 1508
6586 4 2 0 1 1012 1302 1471 1515
6587 4 2 0 1 1557 1558 1154 1605
6588 4 2 0 1 130 1254 1692 1759
6589 4 2 0 1 1259 1496 1083 1569
6590 4 2 0 1 1003 1650 1299 1069
6591 4 2 0 1 855 796 1770 795
6592 4 2 0 1 849 854 905 1575
6593 4 2 0 1 548 943 610 547
6594 4 2 0 1 1053 1404 1376 1753
6595 4 2 0 1 1039 1378 1269 1706
6596 4 2 0 1 1293 1182 1651 1675
6597 4 2 0 1 1039 1205 1380 1702
6598 4 2 0 1 1079 1397 1157 1625
6599 4 2 0 1 1031 1157 1397 1625
6600 4 2 0 1 1085 1253 1613 1751
6601 4 2 0 1 941 1385 1348 943
6602 4 2 0 1 1698 1419 1651 1716
6603 4 2 0 1 422 1341 421 1119
6604 4 2 0 1 1239 1418 1098 1517
6605 4 2 0 1 1030 1534 1280 1587
6606 4 2 0 1 876 1356 932 1354
6607 4 2 0 1 1088 1216 1577 1629
6608 4 2 0 1 1163 1254 388 1524
6609 4 2 0 1 1090 1178 1486 1683
6610 4 2 0 1 697 635 695 1234
6611 4 2 0 1 985 790 793 731
6612 4 2 0 1 965 1774 917 918
6613 4 2 0 1 658 1199 720 721
6614 4 2 0 1 1241 1334 449 1641
6615 4 2 0 1 1106 1499 1410 1690
6616 4 2 0 1 448 1253 447 1276
6617 4 2 0 1 1052 1416 1261 1620
6618 4 2 0 1 614 1057 1707 1540
6619 4 2 0 1 644 1347 695 1536
6620 4 2 0 1 1783 984 1790 793
6621 4 2 0 1 73 1215 106 1470
6622 4 2 0 1 1003 1447 1290 1632
6623 4 2 0 1 1481 1496 1259 1569
6624 4 2 0 1 1788 875 859 919
6625 4 2 0 1 1600 1626 1191 1463
6626 4 2 0 1 1178 1090 1486 1680
6627 4 2 0 1 1116 1286 1285 1689
6628 4 2 0 1 636 1137 697 1704
6629 4 2 0 1 1204 1018 1648 1062
6630 4 2 0 1 1220 1294 1109 1561
6631 4 2 0 1 1079 1410 1308 1690
6632 4 2 0 1 1105 1421 1263 1448
6633 4 2 0 1 50 1218 1513 1717
6634 4 2 0 1 828 829 768 1168
6635 4 2 0 1 1284 1098 1390 1725
6636 4 2 0 1 896 1283 903 1508
6637 4 2 0 1 33 55 1312 1514
6638 4 2 0 1 716 715 1197 1353
6639 4 2 0 1 349 1611 1373 1638
6640 4 2 0 1 27 47 26 1381
6641 4 2 0 1 1773 390 391 326
6642 4 2 0 1 1416 433 369 368
6643 4 2 0 1 1269 1380 1039 1706
6644 4 2 0 1 1284 1390 1183 1725
6645 4 2 0 1 1006 1429 1321 1710
6646 4 2 0 1 1298 1026 1058 1720
6647 4 2 0 1 779 1353 1247 1630
6648 4 2 0 1 884 1270 890 1202
6649 4 2 0 1 612 1659 617 1695
6650 4 2 0 1 20 1527 1401 1364
6651 4 2 0 1 163 208 207 1440
6652 4 2 0 1 1139 1464 1296 1582
6653 4 2 0 1 54 32 1312 1684
6654 4 2 0 1 1115 1732 1289 1739
6655 4 2 0 1 168 127 169 1509
6656 4 2 0 1 302 1507 303 1592
6657 4 2 0 1 476 1351 539 1559
6658 4 2 0 1 521 1233 1679 1762
6659 4 2 0 1 81 1244 111 78
6660 4 2 0 1 1215 1713 107 1755
6661 4 2 0 1 560 623 1179 1631
6662 4 2 0 1 1773 1663 391 390
6663 4 2 0 1 95 91 63 1729
6664 4 2 0 1 865 804 1192 1493
6665 4 2 0 1 823 1680 761 1309
6666 4 2 0 1 751 750 686 1183
6667 4 2 0 1 1026 1198 1366 1058
6668 4 2 0 1 1550 1651 1383 1182
6669 4 2 0 1 610 611 943 548
6670 4 2 0 1 411 473 1332 1424
6671 4 2 0 1 1042 1488 1194 1725
6672 4 2 0 1 352 1287 290 1462
6673 4 2 0 1 396 444 1386 1671
6674 4 2 0 1 1410 1657 1106 1038
6675 4 2 0 1 1129 1373 1372 1506
6676 4 2 0 1 418 1367 478 1462
6677 4 2 0 1 92 1254 93 1437
6678 4 2 0 1 1083 1295 1530 1569
6679 4 2 0 1 1029 1406 1182 1618
6680 4 2 0 1 1240 1617 1049 1367
6681 4 2 0 1 1298 1026 1400 1058
6682 4 2 0 1 1083 1530 1268 1569
6683 4 2 0 1 486 1385 1168 1765
6684 4 2 0 1 405 404 467 1681
6685 4 2 0 1 638 1267 579 1480
6686 4 2 0 1 1289 1732 1090 1739
6687 4 2 0 1 201 1531 1244 251
6688 4 2 0 1 393 1624 390 1663
6689 4 2 0 1 1128 1521 1268 1569
6690 4 2 0 1 718 1475 655 1425
6691 4 2 0 1 201 1531 251 200
6692 4 2 0 1 1209 1406 1201 1584
6693 4 2 0 1 1219 1059 1648 1494
6694 4 2 0 1 420 483 482 1370
6695 4 2 0 1 1603 1669 1749 1304
6696 4 2 0 1 827 1590 1669 833
6697 4 2 0 1 1455 1534 1548 1203
6698 4 2 0 1 1121 1230 1581 1587
6699 4 2 0 1 143 184 185 1753
6700 4 2 0 1 220 1773 391 219
6701 4 2 0 1 226 280 227 1453
6702 4 2 0 1 1237 1472 431 1603
6703 4 2 0 1 717 780 779 1289
6704 4 2 0 1 1550 1383 1651 1037
6705 4 2 0 1 1455 1534 1203 383
6706 4 2 0 1 641 582 577 1317
6707 4 2 0 1 725 1333 787 1750
6708 4 2 0 1 1119 1458 1265 1754
6709 4 2 0 1 581 519 1198 1693
6710 4 2 0 1 1093 1186 1463 1543
6711 4 2 0 1 1550 1651 1182 1675
6712 4 2 0 1 985 667 731 730
6713 4 2 0 1 1306 1389 1023 1582
6714 4 2 0 1 251 1244 252 1620
6715 4 2 0 1 60 90 61 1437
6716 4 2 0 1 1036 1463 1165 1479
6717 4 2 0 1 1042 1661 1284 1725
6718 4 2 0 1 1192 804 1427 1493
6719 4 2 0 1 1186 1504 1100 1709
6720 4 2 0 1 755 1430 1431 1591
6721 4 2 0 1 177 1453 1504 226
6722 4 2 0 1 1108 1603 1237 1619
6723 4 2 0 1 1098 1595 1390 1725
6724 4 2 0 1 305 1531 251 1620
6725 4 2 0 1 52 1164 45 1379
6726 4 2 0 1 149 1402 192 1607
6727 4 2 0 1 21 10 7 1566
6728 4 2 0 1 163 207 206 1269
6729 4 2 0 1 1198 1693 1366 1058
6730 4 2 0 1 716 717 779 1353
6731 4 2 0 1 873 872 811 1284
6732 4 2 0 1 780 788 843 1216
6733 4 2 0 1 975 939 976 1427
6734 4 2 0 1 70 1388 69 1319
6735 4 2 0 1 642 579 643 1267
6736 4 2 0 1 935 1169 934 1451
6737 4 2 0 1 407 408 343 1273
6738 4 2 0 1 756 757 1180 1591
6739 4 2 0 1 1124 1357 1281 1101
6740 4 2 0 1 31 14 29 1492
6741 4 2 0 1 845 1508 902 1537
6742 4 2 0 1 538 534 1660 1760
6743 4 2 0 1 1237 1603 431 1619
6744 4 2 0 1 286 1225 1638 1656
6745 4 2 0 1 727 787 743 1750
6746 4 2 0 1 417 1424 416 1462
6747 4 2 0 1 827 1590 833 772
6748 4 2 0 1 1670 1734 1583 1017
6749 4 2 0 1 1100 1340 1691 1709
6750 4 2 0 1 1691 1102 1389 1671
6751 4 2 0 1 1121 1015 1311 1756
6752 4 2 0 1 572 571 509 1649
6753 4 2 0 1 1230 1580 1214 1726
6754 4 2 0 1 1048 1390 1595 1725
6755 4 2 0 1 1315 1666 77 1684
6756 4 2 0 1 1624 390 1773 328
6757 4 2 0 1 631 1500 1281 1676
6758 4 2 0 1 1087 1674 1551 1737
6759 4 2 0 1 720 719 783 1433
6760 4 2 0 1 259 1552 1195 1674
6761 4 2 0 1 184 1453 1411 1518
6762 4 2 0 1 1221 1309 1032 1596
6763 4 2 0 1 604 666 1314 1574
6764 4 2 0 1 1009 1588 1186 1709
6765 4 2 0 1 303 1262 365 1546
6766 4 2 0 1 580 644 583 1417
6767 4 2 0 1 1032 1441 1221 1596
6768 4 2 0 1 657 593 592 1375
6769 4 2 0 1 1705 1686 1745 1073
6770 4 2 0 1 230 283 229 1228
6771 4 2 0 1 1101 1281 1420 1677
6772 4 2 0 1 108 75 1666 1713
6773 4 2 0 1 653 654 718 1475
6774 4 2 0 1 1621 1534 1548 1030
6775 4 2 0 1 1052 1601 1244 1620
6776 4 2 0 1 1239 1595 1020 1714
6777 4 2 0 1 1015 1297 1121 1652
6778 4 2 0 1 443 444 506 1342
6779 4 2 0 1 1317 1167 579 1267
6780 4 2 0 1 1712 1757 1567 1148
6781 4 2 0 1 610 943 978 971
6782 4 2 0 1 1317 579 1167 578
6783 4 2 0 1 813 751 1232 1532
6784 4 2 0 1 1334 1030 1628 1063
6785 4 2 0 1 92 1437 93 61
6786 4 2 0 1 1454 1467 1140 1731
6787 4 2 0 1 1066 1721 1400 1759
6788 4 2 0 1 366 304 367 1173
6789 4 2 0 1 1260 1459 1078 1682
6790 4 2 0 1 223 1084 276 1609
6791 4 2 0 1 718 655 1475 654
6792 4 2 0 1 475 415 414 1351
6793 4 2 0 1 876 932 1356 877
6794 4 2 0 1 492 436 1579 1168
6795 4 2 0 1 1079 1258 1622 1703
6796 4 2 0 1 1060 1507 1231 1592
6797 4 2 0 1 777 1277 1358 1160
6798 4 2 0 1 728 1314 666 1574
6799 4 2 0 1 390 328 326 1773
6800 4 2 0 1 1727 1729 63 1245
6801 4 2 0 1 1665 683 980 976
6802 4 2 0 1 515 577 519 1366
6803 4 2 0 1 438 1246 374 1736
6804 4 2 0 1 1264 1554 1119 1754
6805 4 2 0 1 6 17 5 1368
6806 4 2 0 1 1003 1299 1570 1069
6807 4 2 0 1 609 610 978 971
6808 4 2 0 1 946 892 891 1564
6809 4 2 0 1 686 622 687 1330
6810 4 2 0 1 1068 1573 1160 1738
6811 4 2 0 1 487 424 428 1414
6812 4 2 0 1 649 713 1387 1467
6813 4 2 0 1 315 318 378 1203
6814 4 2 0 1 1712 1567 1757 1044
6815 4 2 0 1 640 701 639 1445
6816 4 2 0 1 244 296 1778 1769
6817 4 2 0 1 42 1227 23 43
6818 4 2 0 1 1312 1368 1047 1469
6819 4 2 0 1 111 1244 1601 1687
6820 4 2 0 1 151 1601 1261 1687
6821 4 2 0 1 97 131 1400 1759
6822 4 2 0 1 1023 1172 1450 1650
6823 4 2 0 1 305 1572 304 1598
6824 4 2 0 1 34 1377 57 1514
6825 4 2 0 1 760 1266 700 1568
6826 4 2 0 1 1196 1194 1112 1001
6827 4 2 0 1 63 1729 1727 95
6828 4 2 0 1 1587 1428 1121 1756
6829 4 2 0 1 701 1399 1363 1445
6830 4 2 0 1 1002 1204 1567 1712
6831 4 2 0 1 1061 1379 1278 1159
6832 4 2 0 1 1078 1632 1260 1682
6833 4 2 0 1 921 866 926 1226
6834 4 2 0 1 1441 1115 1726 1197
6835 4 2 0 1 1321 1515 1166 1735
6836 4 2 0 1 774 1688 773 834
6837 4 2 0 1 155 1404 185 197
6838 4 2 0 1 1527 63 1728 40
6839 4 2 0 1 1020 1182 1406 1595
6840 4 2 0 1 997 683 980 690
6841 4 2 0 1 604 667 666 1574
6842 4 2 0 1 165 124 159 1374
6843 4 2 0 1 209 259 258 1552
6844 4 2 0 1 212 1203 260 1509
6845 4 2 0 1 98 1285 1689 1727
6846 4 2 0 1 552 490 1207 1540
6847 4 2 0 1 465 528 1580 1643
6848 4 2 0 1 191 192 1606 1607
6849 4 2 0 1 1311 1621 1030 1534
6850 4 2 0 1 312 1551 1505 1552
6851 4 2 0 1 1030 1311 1534 1587
6852 4 2 0 1 1311 1621 1534 1187
6853 4 2 0 1 189 145 146 1397
6854 4 2 0 1 1628 1724 386 1334
6855 4 2 0 1 788 728 789 1337
6856 4 2 0 1 1030 1241 1436 1548
6857 4 2 0 1 1086 1436 1241 1548
6858 4 2 0 1 1023 1560 1172 1650
6859 4 2 0 1 936 1337 1422 1574
6860 4 2 0 1 695 697 1234 1704
6861 4 2 0 1 295 1265 309 357
6862 4 2 0 1 1628 386 1724 450
6863 4 2 0 1 804 863 1192 1639
6864 4 2 0 1 901 843 1329 1577
6865 4 2 0 1 1001 1165 1550 1675
6866 4 2 0 1 1397 190 146 189
6867 4 2 0 1 1177 1526 1231 1710
6868 4 2 0 1 1491 1416 1052 1359
6869 4 2 0 1 719 1433 656 1160
6870 4 2 0 1 1252 224 1340 278
6871 4 2 0 1 1192 1088 1629 1644
6872 4 2 0 1 887 1385 1765 1168
6873 4 2 0 1 894 837 893 1200
6874 4 2 0 1 743 1521 1695 1750
6875 4 2 0 1 1777 245 300 296
6876 4 2 0 1 1026 1400 1278 1662
6877 4 2 0 1 1603 1749 1669 1074
6878 4 2 0 1 338 1311 276 1756
6879 4 2 0 1 141 102 105 1470
6880 4 2 0 1 1272 1070 1430 1688
6881 4 2 0 1 55 32 33 1312
6882 4 2 0 1 531 468 1604 1094
6883 4 2 0 1 1267 1515 1061 1494
6884 4 2 0 1 758 1065 1161 1704
6885 4 2 0 1 504 1233 505 1763
6886 4 2 0 1 1683 1732 1425 1739
6887 4 2 0 1 1365 1456 1062 1480
6888 4 2 0 1 1015 1647 1271 1756
6889 4 2 0 1 1141 1735 1006 1429
6890 4 2 0 1 364 1546 1361 1592
6891 4 2 0 1 440 1455 446 1736
6892 4 2 0 1 1603 557 494 556
6893 4 2 0 1 1101 1357 1281 1677
6894 4 2 0 1 1236 1545 430 1546
6895 4 2 0 1 901 843 850 1329
6896 4 2 0 1 429 1361 1545 1579
6897 4 2 0 1 214 1786 264 265
6898 4 2 0 1 185 233 234 1753
6899 4 2 0 1 10 1325 1 1566
6900 4 2 0 1 741 740 801 1585
6901 4 2 0 1 550 1292 612 613
6902 4 2 0 1 31 29 51 1352
6903 4 2 0 1 910 853 855 1776
6904 4 2 0 1 171 1524 170 216
6905 4 2 0 1 1255 176 1642 1663
6906 4 2 0 1 1081 1608 1478 1742
6907 4 2 0 1 1172 1023 1450 1744
6908 4 2 0 1 1335 1593 1157 1625
6909 4 2 0 1 563 944 562 1765
6910 4 2 0 1 141 183 140 1657
6911 4 2 0 1 1126 1478 1608 1742
6912 4 2 0 1 521 1155 522 1679
6913 4 2 0 1 28 32 49 1171
6914 4 2 0 1 302 257 248 1507
6915 4 2 0 1 756 1180 1430 1591
6916 4 2 0 1 404 399 462 1316
6917 4 2 0 1 579 1267 1167 1480
6918 4 2 0 1 953 907 1779 952
6919 4 2 0 1 994 973 974 1575
6920 4 2 0 1 1061 1278 1645 1159
6921 4 2 0 1 1098 1519 1224 1520
6922 4 2 0 1 1224 1519 1189 1520
6923 4 2 0 1 788 789 848 1422
6924 4 2 0 1 540 537 1424 1730
6925 4 2 0 1 1097 1256 1312 1684
6926 4 2 0 1 354 418 353 1764
6927 4 2 0 1 1072 1323 1372 1553
6928 4 2 0 1 64 1159 39 1511
6929 4 2 0 1 83 1352 89 59
6930 4 2 0 1 132 1188 127 1729
6931 4 2 0 1 83 89 1352 118
6932 4 2 0 1 1103 1666 1381 1713
6933 4 2 0 1 1083 1496 1295 1569
6934 4 2 0 1 44 1227 43 1623
6935 4 2 0 1 843 842 780 1577
6936 4 2 0 1 1483 888 830 1304
6937 4 2 0 1 447 1276 1253 1641
6938 4 2 0 1 1675 1495 1555 1080
6939 4 2 0 1 849 1422 1575 850
6940 4 2 0 1 1003 1260 1465 1570
6941 4 2 0 1 1165 1651 1550 1675
6942 4 2 0 1 615 1211 1707 616
6943 4 2 0 1 1068 1160 1459 1738
6944 4 2 0 1 1259 1481 1127 1496
6945 4 2 0 1 323 265 322 1438
6946 4 2 0 1 1666 1713 1103 1755
6947 4 2 0 1 4 6 3 1235
6948 4 2 0 1 1008 1295 1496 1569
6949 4 2 0 1 1184 1053 1376 1753
6950 4 2 0 1 572 632 635 1234
6951 4 2 0 1 1213 1497 1226 1673
6952 4 2 0 1 1600 1626 1463 1093
6953 4 2 0 1 222 276 275 1187
6954 4 2 0 1 1067 1260 1682 1722
6955 4 2 0 1 1162 1231 1592 1710
6956 4 2 0 1 1587 1428 1756 403
6957 4 2 0 1 303 249 1303 1507
6958 4 2 0 1 1385 549 486 548
6959 4 2 0 1 873 896 872 1283
6960 4 2 0 1 427 1206 1207 435
6961 4 2 0 1 1008 1530 1295 1569
6962 4 2 0 1 839 1152 896 1508
6963 4 2 0 1 685 621 1391 1584
6964 4 2 0 1 1046 1449 1336 1746
6965 4 2 0 1 471 1581 465 409
6966 4 2 0 1 1023 1389 1172 1560
6967 4 2 0 1 433 498 497 1279
6968 4 2 0 1 1015 1628 1030 1063
6969 4 2 0 1 589 1580 1214 527
6970 4 2 0 1 196 1772 1781 202
6971 4 2 0 1 1151 1181 1412 1652
6972 4 2 0 1 93 1437 1254 1510
6973 4 2 0 1 196 1772 195 1781
6974 4 2 0 1 1483 830 888 829
6975 4 2 0 1 1124 1101 1281 1591
6976 4 2 0 1 137 1286 179 1689
6977 4 2 0 1 34 1377 35 57
6978 4 2 0 1 286 1222 1225 1656
6979 4 2 0 1 708 1347 644 1417
6980 4 2 0 1 71 97 1278 1721
6981 4 2 0 1 34 1377 17 35
6982 4 2 0 1 585 522 584 1155
6983 4 2 0 1 719 1358 782 1537
6984 4 2 0 1 1691 1693 1185 1709
6985 4 2 0 1 41 66 45 1159
6986 4 2 0 1 1102 1252 1306 1711
6987 4 2 0 1 867 927 994 923
6988 4 2 0 1 50 1218 30 1513
6989 4 2 0 1 368 306 1416 1572
6990 4 2 0 1 648 649 1454 1467
6991 4 2 0 1 1038 1410 1250 1525
6992 4 2 0 1 844 902 846 1696
6993 4 2 0 1 1427 1639 1192 1644
6994 4 2 0 1 1172 1389 1185 1560
6995 4 2 0 1 748 1584 684 685
6996 4 2 0 1 623 687 622 1330
6997 4 2 0 1 1624 330 1452 331
6998 4 2 0 1 454 513 1538 1562
6999 4 2 0 1 96 1116 1689 133
7000 4 2 0 1 882 881 823 1629
7001 4 2 0 1 1033 1393 1301 1703
7002 4 2 0 1 414 1638 349 408
7003 4 2 0 1 1064 1557 1428 1616
7004 4 2 0 1 1590 1669 1338 1746
7005 4 2 0 1 1063 1369 1188 1633
7006 4 2 0 1 471 1581 409 1616
7007 4 2 0 1 951 1213 899 1497
7008 4 2 0 1 1756 1084 276 277
7009 4 2 0 1 681 1749 618 682
7010 4 2 0 1 428 363 415 1414
7011 4 2 0 1 1762 1711 397 1452
7012 4 2 0 1 458 1185 1671 1691
7013 4 2 0 1 1331 1457 1041 1539
7014 4 2 0 1 1079 1301 1258 1703
7015 4 2 0 1 1098 1345 1520 1653
7016 4 2 0 1 475 1351 414 1760
7017 4 2 0 1 1654 1723 1093 1523
7018 4 2 0 1 389 1254 453 1692
7019 4 2 0 1 1386 1762 1233 1763
7020 4 2 0 1 1691 1624 396 393
7021 4 2 0 1 137 180 1286 1502
7022 4 2 0 1 1239 1519 1098 1714
7023 4 2 0 1 1552 1438 1195 265
7024 4 2 0 1 778 759 715 1353
7025 4 2 0 1 1068 1467 1387 1476
7026 4 2 0 1 123 1374 164 1498
7027 4 2 0 1 826 885 886 1385
7028 4 2 0 1 155 1404 197 1310
7029 4 2 0 1 587 649 650 1387
7030 4 2 0 1 1664 437 501 1246
7031 4 2 0 1 1756 276 1084 1311
7032 4 2 0 1 1052 1261 1601 1620
7033 4 2 0 1 401 464 463 1700
7034 4 2 0 1 1587 1428 403 1581
7035 4 2 0 1 376 439 441 1505
7036 4 2 0 1 454 452 513 1562
7037 4 2 0 1 239 1301 1157 1606
7038 4 2 0 1 77 1315 109 1666
7039 4 2 0 1 1624 330 331 271
7040 4 2 0 1 599 1174 598 1730
7041 4 2 0 1 49 1666 1171 1684
7042 4 2 0 1 770 1637 1153 1065
7043 4 2 0 1 1073 1630 1353 1745
7044 4 2 0 1 1210 1376 1080 1477
7045 4 2 0 1 275 276 337 1311
7046 4 2 0 1 1067 1290 1565 1632
7047 4 2 0 1 108 109 148 1755
7048 4 2 0 1 1299 1069 1650 1731
7049 4 2 0 1 1119 1392 1458 1754
7050 4 2 0 1 1250 1460 1038 1525
7051 4 2 0 1 645 708 644 1417
7052 4 2 0 1 142 1298 1518 1662
7053 4 2 0 1 46 1319 44 1623
7054 4 2 0 1 403 1587 338 1756
7055 4 2 0 1 1210 1053 1376 1477
7056 4 2 0 1 410 1558 411 1332
7057 4 2 0 1 230 231 284 1328
7058 4 2 0 1 458 1185 1691 1693
7059 4 2 0 1 867 974 995 808
7060 4 2 0 1 100 1388 138 1502
7061 4 2 0 1 895 872 896 1152
7062 4 2 0 1 901 1329 925 1577
7063 4 2 0 1 1795 985 730 957
7064 4 2 0 1 773 1272 755 1688
7065 4 2 0 1 1340 1624 1252 1691
7066 4 2 0 1 16 5 17 1368
7067 4 2 0 1 954 1797 955 983
7068 4 2 0 1 1047 1368 1312 1514
7069 4 2 0 1 1771 854 906 1797
7070 4 2 0 1 135 1298 1400 1642
7071 4 2 0 1 249 198 1249 1507
7072 4 2 0 1 380 1505 1386 381
7073 4 2 0 1 379 380 1386 1452
7074 4 2 0 1 559 496 560 1405
7075 4 2 0 1 1552 1276 385 1641
7076 4 2 0 1 151 1491 115 155
7077 4 2 0 1 839 845 1358 1508
7078 4 2 0 1 402 464 1230 1581
7079 4 2 0 1 286 234 1222 1656
7080 4 2 0 1 116 1324 156 1352
7081 4 2 0 1 106 1215 146 1470
7082 4 2 0 1 533 532 595 1413
7083 4 2 0 1 896 903 1283 873
7084 4 2 0 1 1184 1518 1091 1720
7085 4 2 0 1 1610 1627 1381 1747
7086 4 2 0 1 808 867 974 806
7087 4 2 0 1 863 865 804 1192
7088 4 2 0 1 1737 1621 1674 1203
7089 4 2 0 1 487 550 488 1414
7090 4 2 0 1 496 1279 497 1405
7091 4 2 0 1 1288 1450 1650 1069
7092 4 2 0 1 719 1358 1433 1160
7093 4 2 0 1 1373 1638 1122 1656
7094 4 2 0 1 1345 1595 1098 1714
7095 4 2 0 1 1461 1722 1719 1189
7096 4 2 0 1 1331 1382 1034 1541
7097 4 2 0 1 762 761 699 1596
7098 4 2 0 1 1172 1389 1102 1671
7099 4 2 0 1 557 1472 495 1636
7100 4 2 0 1 1471 1494 1061 1515
7101 4 2 0 1 1177 1231 1702 1710
7102 4 2 0 1 940 884 890 1202
7103 4 2 0 1 406 1523 405 1604
7104 4 2 0 1 1719 1722 1461 1200
7105 4 2 0 1 1211 624 1439 616
7106 4 2 0 1 1259 1333 1083 1694
7107 4 2 0 1 21 7 19 1401
7108 4 2 0 1 156 1352 1324 1614
7109 4 2 0 1 1114 1174 1616 1643
7110 4 2 0 1 430 1545 1236 1619
7111 4 2 0 1 406 407 342 1523
7112 4 2 0 1 850 904 1329 1575
7113 4 2 0 1 521 1233 568 1733
7114 4 2 0 1 1267 1105 1515 1494
7115 4 2 0 1 847 1268 862 803
7116 4 2 0 1 562 942 611 1765
7117 4 2 0 1 380 1505 381 317
7118 4 2 0 1 575 514 576 1229
7119 4 2 0 1 423 485 1341 1408
7120 4 2 0 1 983 1779 982 954
7121 4 2 0 1 1034 1341 1549 1104
7122 4 2 0 1 1067 1682 1519 1722
7123 4 2 0 1 73 1319 46 1215
7124 4 2 0 1 1243 1531 1303 1598
7125 4 2 0 1 695 1234 632 1536
7126 4 2 0 1 983 1779 927 982
7127 4 2 0 1 1255 1663 392 1692
7128 4 2 0 1 1311 1621 1187 1063
7129 4 2 0 1 1311 1621 1063 1030
7130 4 2 0 1 1127 1413 1535 1760
7131 4 2 0 1 1078 1517 1239 1682
7132 4 2 0 1 1100 1504 1340 1709
7133 4 2 0 1 1219 1164 1494 1159
7134 4 2 0 1 1193 1549 1341 1104
7135 4 2 0 1 740 800 801 1585
7136 4 2 0 1 1151 1121 1181 1652
7137 4 2 0 1 1411 1543 281 1222
7138 4 2 0 1 779 778 1353 1630
7139 4 2 0 1 883 884 939 1427
7140 4 2 0 1 1077 1585 1232 1752
7141 4 2 0 1 446 1217 503 1736
7142 4 2 0 1 29 13 30 1220
7143 4 2 0 1 1789 152 112 153
7144 4 2 0 1 533 1413 534 1760
7145 4 2 0 1 832 771 772 1590
7146 4 2 0 1 380 1505 317 316
7147 4 2 0 1 1698 1419 1716 1009
7148 4 2 0 1 1062 1229 1363 1655
7149 4 2 0 1 312 1551 1552 1674
7150 4 2 0 1 1023 1464 1299 1731
7151 4 2 0 1 648 711 712 1615
7152 4 2 0 1 522 521 584 1155
7153 4 2 0 1 1012 1668 1471 1672
7154 4 2 0 1 421 422 483 1341
7155 4 2 0 1 619 681 683 1665
7156 4 2 0 1 338 1587 1311 1756
7157 4 2 0 1 771 772 1590 1746
7158 4 2 0 1 556 1304 555 1603
7159 4 2 0 1 1139 1604 1208 1681
7160 4 2 0 1 1698 1419 1009 1463
7161 4 2 0 1 452 1274 1562 1724
7162 4 2 0 1 1086 1503 1420 1677
7163 4 2 0 1 781 1289 718 1732
7164 4 2 0 1 693 1272 1733 1305
7165 4 2 0 1 1471 1360 1135 1672
7166 4 2 0 1 1208 1604 529 1681
7167 4 2 0 1 1125 1627 1610 1747
7168 4 2 0 1 1482 1508 1190 1685
7169 4 2 0 1 1278 1400 1066 1721
7170 4 2 0 1 810 1284 1224 1653
7171 4 2 0 1 1336 1384 1089 1699
7172 4 2 0 1 1034 1382 1264 1541
7173 4 2 0 1 454 1538 453 1562
7174 4 2 0 1 568 1305 630 1733
7175 4 2 0 1 612 613 1292 1695
7176 4 2 0 1 786 1333 724 1694
7177 4 2 0 1 472 1332 536 1730
7178 4 2 0 1 1769 194 243 1310
7179 4 2 0 1 357 356 295 1119
7180 4 2 0 1 1005 1205 1593 1757
7181 4 2 0 1 1101 1420 1503 1677
7182 4 2 0 1 279 280 226 1504
7183 4 2 0 1 57 35 58 1377
7184 4 2 0 1 384 1505 1276 1552
7185 4 2 0 1 1075 1512 1218 1513
7186 4 2 0 1 429 1545 1361 1546
7187 4 2 0 1 756 817 816 1180
7188 4 2 0 1 1181 1121 1297 1652
7189 4 2 0 1 714 1387 713 1573
7190 4 2 0 1 1280 1534 336 1587
7191 4 2 0 1 389 453 392 1692
7192 4 2 0 1 1192 1629 883 1644
7193 4 2 0 1 1225 1122 1638 1656
7194 4 2 0 1 604 1314 543 1589
7195 4 2 0 1 292 293 1131 1393
7196 4 2 0 1 1345 1547 1209 1742
7197 4 2 0 1 1102 1306 1252 1389
7198 4 2 0 1 1486 820 878 821
7199 4 2 0 1 863 922 865 1192
7200 4 2 0 1 106 107 147 1215
7201 4 2 0 1 1450 1650 1069 1731
7202 4 2 0 1 454 515 453 1538
7203 4 2 0 1 392 391 327 1692
7204 4 2 0 1 344 409 1428 1616
7205 4 2 0 1 984 1790 955 956
7206 4 2 0 1 620 621 684 1584
7207 4 2 0 1 1055 1333 1259 1660
7208 4 2 0 1 869 982 995 927
7209 4 2 0 1 1737 314 315 1674
7210 4 2 0 1 1047 1312 1498 1514
7211 4 2 0 1 933 1337 936 1574
7212 4 2 0 1 638 643 579 1267
7213 4 2 0 1 1630 1705 1745 1073
7214 4 2 0 1 56 86 55 1514
7215 4 2 0 1 1753 155 143 1491
7216 4 2 0 1 1050 1343 1295 1446
7217 4 2 0 1 1232 1532 1488 1752
7218 4 2 0 1 535 1174 598 1643
7219 4 2 0 1 1052 1572 1243 1672
7220 4 2 0 1 1264 1487 1554 1754
7221 4 2 0 1 1208 1604 1139 1723
7222 4 2 0 1 1225 1516 1122 1656
7223 4 2 0 1 381 1386 443 1505
7224 4 2 0 1 1587 1428 1581 1121
7225 4 2 0 1 1023 1299 1650 1731
7226 4 2 0 1 1057 1372 1323 1553
7227 4 2 0 1 1064 1558 1332 1576
7228 4 2 0 1 748 1345 1390 1653
7229 4 2 0 1 1069 1612 1272 1615
7230 4 2 0 1 1009 1698 1588 1716
7231 4 2 0 1 633 1281 570 1420
7232 4 2 0 1 1090 1732 1683 1739
7233 4 2 0 1 994 995 927 867
7234 4 2 0 1 1027 1281 1357 1677
7235 4 2 0 1 958 1794 957 910
7236 4 2 0 1 1036 1516 1225 1222
7237 4 2 0 1 890 889 940 1202
7238 4 2 0 1 180 181 230 1175
7239 4 2 0 1 678 1439 616 1707
7240 4 2 0 1 248 203 1248 1440
7241 4 2 0 1 334 398 1306 1711
7242 4 2 0 1 492 1545 1168 1579
7243 4 2 0 1 1457 1539 1331 1715
7244 4 2 0 1 735 796 1770 1787
7245 4 2 0 1 1791 171 218 217
7246 4 2 0 1 1283 1508 1482 1685
7247 4 2 0 1 1062 1456 1365 1734
7248 4 2 0 1 1068 1476 1573 1738
7249 4 2 0 1 104 143 115 1442
7250 4 2 0 1 1136 1457 1539 1655
7251 4 2 0 1 1041 1539 1457 1655
7252 4 2 0 1 302 311 257 1592
7253 4 2 0 1 207 1440 257 1378
7254 4 2 0 1 1098 1390 1345 1653
7255 4 2 0 1 222 1187 221 1609
7256 4 2 0 1 178 142 1298 1518
7257 4 2 0 1 685 750 749 1390
7258 4 2 0 1 342 407 343 1654
7259 4 2 0 1 1029 1279 1405 1495
7260 4 2 0 1 112 78 111 1244
7261 4 2 0 1 1079 1622 1407 1703
7262 4 2 0 1 653 717 716 1197
7263 4 2 0 1 241 1458 1392 1706
7264 4 2 0 1 181 231 230 1175
7265 4 2 0 1 1081 1318 1478 1673
7266 4 2 0 1 461 1306 398 1679
7267 4 2 0 1 1011 1468 1181 1121
7268 4 2 0 1 1234 572 1536 1613
7269 4 2 0 1 997 683 690 747
7270 4 2 0 1 1061 1515 1267 1668
7271 4 2 0 1 833 830 889 1669
7272 4 2 0 1 618 620 682 1636
7273 4 2 0 1 1245 1082 1527 1728
7274 4 2 0 1 641 577 578 1317
7275 4 2 0 1 1285 1727 67 1728
7276 4 2 0 1 1737 315 314 378
7277 4 2 0 1 27 1381 11 1627
7278 4 2 0 1 1081 1478 1226 1673
7279 4 2 0 1 693 629 691 1305
7280 4 2 0 1 342 280 341 1522
7281 4 2 0 1 147 1215 107 1755
7282 4 2 0 1 325 129 171 1524
7283 4 2 0 1 1204 1044 1567 1712
7284 4 2 0 1 1165 1293 1651 1675
7285 4 2 0 1 28 1381 27 1747
7286 4 2 0 1 889 940 1202 1665
7287 4 2 0 1 486 1408 436 1168
7288 4 2 0 1 825 879 885 1602
7289 4 2 0 1 106 74 107 1215
7290 4 2 0 1 1165 1479 1463 1698
7291 4 2 0 1 1695 613 1473 676
7292 4 2 0 1 827 1590 772 1746
7293 4 2 0 1 366 1237 431 1619
7294 4 2 0 1 762 819 824 1318
7295 4 2 0 1 774 834 835 1176
7296 4 2 0 1 898 841 899 1745
7297 4 2 0 1 201 252 251 1244
7298 4 2 0 1 1449 1699 1336 1746
7299 4 2 0 1 142 1662 135 1298
7300 4 2 0 1 198 1248 203 1614
7301 4 2 0 1 1056 1456 1365 1743
7302 4 2 0 1 1612 710 1615 711
7303 4 2 0 1 1005 1335 1529 1610
7304 4 2 0 1 291 1131 355 1586
7305 4 2 0 1 127 126 91 1369
7306 4 2 0 1 42 1364 1556 1728
7307 4 2 0 1 341 342 1522 1523
7308 4 2 0 1 208 164 203 1440
7309 4 2 0 1 1020 1595 1345 1714
7310 4 2 0 1 356 293 294 1119
7311 4 2 0 1 135 1662 142 103
7312 4 2 0 1 1450 1731 1155 1744
7313 4 2 0 1 309 310 1265 1458
7314 4 2 0 1 1283 874 903 1685
7315 4 2 0 1 903 1508 1283 1685
7316 4 2 0 1 406 1604 468 1094
7317 4 2 0 1 1197 1726 1503 1214
7318 4 2 0 1 192 1402 204 1706
7319 4 2 0 1 653 716 652 1197
7320 4 2 0 1 1252 224 278 273
7321 4 2 0 1 1764 1350 1542 1586
7322 4 2 0 1 1010 1070 1371 1635
7323 4 2 0 1 74 107 1215 1713
7324 4 2 0 1 876 817 877 1686
7325 4 2 0 1 1258 1301 1079 1563
7326 4 2 0 1 581 645 580 1417
7327 4 2 0 1 1109 1325 1238 1741
7328 4 2 0 1 176 1504 1340 225
7329 4 2 0 1 1039 1458 1392 1754
7330 4 2 0 1 725 787 727 1750
7331 4 2 0 1 1519 1239 1067 1714
7332 4 2 0 1 1297 1428 1064 1647
7333 4 2 0 1 1225 1543 1036 1222
7334 4 2 0 1 732 958 668 669
7335 4 2 0 1 1280 1534 1030 1548
7336 4 2 0 1 402 464 401 1230
7337 4 2 0 1 100 99 68 1556
7338 4 2 0 1 274 221 222 1187
7339 4 2 0 1 430 1236 366 1619
7340 4 2 0 1 1163 1697 1438 1724
7341 4 2 0 1 816 1430 1355 1688
7342 4 2 0 1 501 503 564 1500
7343 4 2 0 1 615 1211 616 553
7344 4 2 0 1 721 1199 783 1594
7345 4 2 0 1 96 1116 133 1729
7346 4 2 0 1 779 1247 842 1630
7347 4 2 0 1 1764 1542 1350 1150
7348 4 2 0 1 1664 501 437 502
7349 4 2 0 1 622 559 623 1179
7350 4 2 0 1 420 1586 1350 1764
7351 4 2 0 1 91 95 127 1729
7352 4 2 0 1 350 1373 349 1611
7353 4 2 0 1 670 606 607 1589
7354 4 2 0 1 274 275 335 1534
7355 4 2 0 1 1384 1533 1089 1699
7356 4 2 0 1 848 850 843 1422
7357 4 2 0 1 1367 419 479 480
7358 4 2 0 1 662 1425 1240 1683
7359 4 2 0 1 1227 1525 1388 1556
7360 4 2 0 1 1658 445 446 507
7361 4 2 0 1 1271 1557 1154 1605
7362 4 2 0 1 112 111 152 1687
7363 4 2 0 1 1519 1067 1239 1682
7364 4 2 0 1 335 336 400 1534
7365 4 2 0 1 1023 1170 1560 1650
7366 4 2 0 1 172 1663 173 1692
7367 4 2 0 1 1141 1549 1193 1104
7368 4 2 0 1 1014 1517 1459 1682
7369 4 2 0 1 1103 1381 1282 1713
7370 4 2 0 1 349 1373 287 1656
7371 4 2 0 1 856 855 1770 912
7372 4 2 0 1 1194 1618 1495 1675
7373 4 2 0 1 763 700 760 1266
7374 4 2 0 1 1105 1480 1363 1062
7375 4 2 0 1 937 882 938 1629
7376 4 2 0 1 1054 1545 1236 1546
7377 4 2 0 1 746 748 807 1345
7378 4 2 0 1 1079 1410 1250 1622
7379 4 2 0 1 855 796 856 1770
7380 4 2 0 1 120 1684 84 85
7381 4 2 0 1 1187 1534 1203 1621
7382 4 2 0 1 661 1660 1333 1750
7383 4 2 0 1 589 1580 527 526
7384 4 2 0 1 833 1270 832 1590
7385 4 2 0 1 86 1514 87 1498
7386 4 2 0 1 209 166 210 1438
7387 4 2 0 1 1484 1757 1148 1567
7388 4 2 0 1 1086 1658 1420 1700
7389 4 2 0 1 728 1337 788 1216
7390 4 2 0 1 1085 1357 1503 1677
7391 4 2 0 1 997 683 747 976
7392 4 2 0 1 743 1695 680 1750
7393 4 2 0 1 377 379 1386 1452
7394 4 2 0 1 1386 316 380 379
7395 4 2 0 1 1556 100 69 68
7396 4 2 0 1 1143 1424 1332 1730
7397 4 2 0 1 1178 1602 1049 1617
7398 4 2 0 1 968 969 933 1574
7399 4 2 0 1 1029 1279 1495 1740
7400 4 2 0 1 624 616 679 1439
7401 4 2 0 1 450 1274 452 1724
7402 4 2 0 1 1234 1536 572 632
7403 4 2 0 1 1658 446 445 1455
7404 4 2 0 1 928 868 870 1435
7405 4 2 0 1 1600 1626 1093 1043
7406 4 2 0 1 109 1315 149 1607
7407 4 2 0 1 1091 1411 1453 1518
7408 4 2 0 1 670 669 606 1589
7409 4 2 0 1 1098 1519 1520 1714
7410 4 2 0 1 1006 1321 1429 1735
7411 4 2 0 1 1795 985 957 956
7412 4 2 0 1 898 899 951 1213
7413 4 2 0 1 1250 1407 1148 1625
7414 4 2 0 1 423 1408 1341 1708
7415 4 2 0 1 363 350 415 1414
7416 4 2 0 1 286 1225 343 1638
7417 4 2 0 1 1077 1232 1488 1752
7418 4 2 0 1 139 1388 101 1657
7419 4 2 0 1 1214 1580 1475 1726
7420 4 2 0 1 389 388 1254 1524
7421 4 2 0 1 1089 1490 1417 1716
7422 4 2 0 1 642 579 1267 1317
7423 4 2 0 1 586 1316 523 1454
7424 4 2 0 1 467 404 466 1681
7425 4 2 0 1 380 330 395 1452
7426 4 2 0 1 1106 1388 1319 1525
7427 4 2 0 1 192 241 1392 1706
7428 4 2 0 1 32 15 1368 1747
7429 4 2 0 1 442 1762 1386 1763
7430 4 2 0 1 1162 1592 1429 1710
7431 4 2 0 1 1014 1519 1517 1682
7432 4 2 0 1 1098 1418 1239 1595
7433 4 2 0 1 574 579 1167 1480
7434 4 2 0 1 400 1280 463 1658
7435 4 2 0 1 504 505 1233 568
7436 4 2 0 1 210 1438 166 1697
7437 4 2 0 1 1005 1469 1326 1741
7438 4 2 0 1 1421 1448 1105 1735
7439 4 2 0 1 508 570 567 1500
7440 4 2 0 1 1091 1453 1298 1518
7441 4 2 0 1 887 1385 1168 828
7442 4 2 0 1 339 1557 1428 1756
7443 4 2 0 1 138 100 139 1388
7444 4 2 0 1 381 380 395 1386
7445 4 2 0 1 887 1385 828 886
7446 4 2 0 1 1088 1318 1644 1673
7447 4 2 0 1 177 1453 1642 1504
7448 4 2 0 1 462 404 1316 1681
7449 4 2 0 1 274 222 275 1187
7450 4 2 0 1 1004 1184 1479 1720
7451 4 2 0 1 1091 1479 1184 1720
7452 4 2 0 1 661 1333 725 1750
7453 4 2 0 1 887 1483 1168 1765
7454 4 2 0 1 1728 1556 67 1285
7455 4 2 0 1 1079 1250 1407 1622
7456 4 2 0 1 48 47 27 1381
7457 4 2 0 1 913 959 670 960
7458 4 2 0 1 1081 1192 1639 1644
7459 4 2 0 1 177 1453 178 1642
7460 4 2 0 1 384 447 385 1276
7461 4 2 0 1 1016 1226 1478 1673
7462 4 2 0 1 284 347 346 1327
7463 4 2 0 1 1073 1409 1353 1630
7464 4 2 0 1 1353 1409 1247 1630
7465 4 2 0 1 92 1437 61 90
7466 4 2 0 1 519 1693 457 1366
7467 4 2 0 1 13 1235 4 1109
7468 4 2 0 1 88 57 58 1377
7469 4 2 0 1 1258 1071 1622 1703
7470 4 2 0 1 236 187 1308 1499
7471 4 2 0 1 1283 903 874 873
7472 4 2 0 1 456 392 1255 1663
7473 4 2 0 1 1718 1693 458 517
7474 4 2 0 1 457 1693 519 518
7475 4 2 0 1 728 726 665 1683
7476 4 2 0 1 1124 1591 1281 1676
7477 4 2 0 1 555 1304 563 1483
7478 4 2 0 1 1271 1605 339 1557
7479 4 2 0 1 1573 777 714 1160
7480 4 2 0 1 1397 1470 1106 1690
7481 4 2 0 1 1088 1497 1213 1673
7482 4 2 0 1 1469 1529 1171 1610
7483 4 2 0 1 370 1206 1597 1310
7484 4 2 0 1 1169 1602 1178 1617
7485 4 2 0 1 19 39 1426 1758
7486 4 2 0 1 1005 1610 1469 1741
7487 4 2 0 1 380 395 1386 1452
7488 4 2 0 1 691 693 1305 1431
7489 4 2 0 1 279 341 280 1522
7490 4 2 0 1 1101 1503 1357 1677
7491 4 2 0 1 768 767 1193 1403
7492 4 2 0 1 1780 1310 1769 243
7493 4 2 0 1 41 21 39 1426
7494 4 2 0 1 1600 1626 1043 1191
7495 4 2 0 1 1316 1454 1140 1731
7496 4 2 0 1 1304 1571 555 1603
7497 4 2 0 1 9 1 2 1325
7498 4 2 0 1 283 1327 346 1605
7499 4 2 0 1 1389 1671 1185 1691
7500 4 2 0 1 836 1476 835 1564
7501 4 2 0 1 1630 1705 1073 1409
7502 4 2 0 1 462 461 523 1316
7503 4 2 0 1 339 1605 1271 277
7504 4 2 0 1 830 888 889 1304
7505 4 2 0 1 164 1256 122 1498
7506 4 2 0 1 60 1437 37 1758
7507 4 2 0 1 562 563 626 944
7508 4 2 0 1 895 896 839 1152
7509 4 2 0 1 810 872 871 1224
7510 4 2 0 1 1260 1459 1014 1738
7511 4 2 0 1 437 439 1246 1664
7512 4 2 0 1 1059 1494 1471 1515
7513 4 2 0 1 847 787 786 1333
7514 4 2 0 1 1769 1780 299 358
7515 4 2 0 1 431 366 432 1237
7516 4 2 0 1 350 301 287 1373
7517 4 2 0 1 432 366 367 1501
7518 4 2 0 1 1769 296 1778 358
7519 4 2 0 1 1036 1225 1516 1600
7520 4 2 0 1 308 371 370 1310
7521 4 2 0 1 591 655 1475 1643
7522 4 2 0 1 1157 191 190 239
7523 4 2 0 1 1086 1280 1548 1658
7524 4 2 0 1 539 1660 1659 1351
7525 4 2 0 1 661 597 1333 1660
7526 4 2 0 1 132 174 169 1188
7527 4 2 0 1 305 250 1531 1598
7528 4 2 0 1 30 25 45 1164
7529 4 2 0 1 296 1769 299 358
7530 4 2 0 1 320 1505 384 1552
7531 4 2 0 1 1200 1722 1014 1738
7532 4 2 0 1 742 678 741 1439
7533 4 2 0 1 1234 1536 1134 1613
7534 4 2 0 1 781 1216 1289 1732
7535 4 2 0 1 345 282 346 1605
7536 4 2 0 1 560 496 497 1405
7537 4 2 0 1 121 85 1498 1256
7538 4 2 0 1 371 1769 358 1780
7539 4 2 0 1 1180 1101 1257 1073
7540 4 2 0 1 410 411 1558 345
7541 4 2 0 1 1332 1558 1064 1616
7542 4 2 0 1 507 525 1420 1658
7543 4 2 0 1 523 461 522 1679
7544 4 2 0 1 785 786 723 1694
7545 4 2 0 1 1364 1527 1401 1051
7546 4 2 0 1 1386 316 379 377
7547 4 2 0 1 701 705 1399 1445
7548 4 2 0 1 1141 1034 1104 1264
7549 4 2 0 1 1353 1745 759 1257
7550 4 2 0 1 427 1129 489 1207
7551 4 2 0 1 414 408 470 1760
7552 4 2 0 1 103 71 1278 1443
7553 4 2 0 1 1006 1448 1421 1735
7554 4 2 0 1 1702 1640 1710 1487
7555 4 2 0 1 1253 1027 1396 1751
7556 4 2 0 1 369 306 307 1416
7557 4 2 0 1 20 1364 40 1527
7558 4 2 0 1 337 1311 338 1587
7559 4 2 0 1 1630 1705 1409 1213
7560 4 2 0 1 303 304 365 1598
7561 4 2 0 1 1171 1610 1381 1747
7562 4 2 0 1 12 1627 5 1747
7563 4 2 0 1 662 599 602 1240
7564 4 2 0 1 1049 1130 1007 1150
7565 4 2 0 1 1049 1130 1150 1434
7566 4 2 0 1 1445 1539 1041 1655
7567 4 2 0 1 558 557 495 1636
7568 4 2 0 1 1784 857 858 797
7569 4 2 0 1 1353 759 1745 778
7570 4 2 0 1 1023 1389 1306 1744
7571 4 2 0 1 1383 1490 1037 1637
7572 4 2 0 1 813 1532 1232 1752
7573 4 2 0 1 376 374 439 1551
7574 4 2 0 1 631 1281 694 1591
7575 4 2 0 1 92 1254 1524 129
7576 4 2 0 1 1654 1723 1523 1094
7577 4 2 0 1 341 1522 405 1523
7578 4 2 0 1 589 652 651 1197
7579 4 2 0 1 1211 1439 1212 1707
7580 4 2 0 1 373 1361 1579 1667
7581 4 2 0 1 920 862 1685 1268
7582 4 2 0 1 1036 1543 1225 1600
7583 4 2 0 1 1007 1415 1395 1576
7584 4 2 0 1 1753 143 155 185
7585 4 2 0 1 1654 1723 1094 1043
7586 4 2 0 1 1654 1723 1043 1093
7587 4 2 0 1 1347 1490 708 1637
7588 4 2 0 1 332 1452 333 1624
7589 4 2 0 1 534 533 596 1413
7590 4 2 0 1 948 947 1344 1719
7591 4 2 0 1 1304 556 1665 1749
7592 4 2 0 1 1037 1565 1383 1637
7593 4 2 0 1 498 433 434 1466
7594 4 2 0 1 1780 1310 243 1423
7595 4 2 0 1 1039 1392 1554 1754
7596 4 2 0 1 1789 152 153 1772
7597 4 2 0 1 311 364 373 1361
7598 4 2 0 1 1187 169 212 213
7599 4 2 0 1 1649 511 449 1628
7600 4 2 0 1 34 1377 1514 17
7601 4 2 0 1 185 234 1404 1753
7602 4 2 0 1 858 857 1784 917
7603 4 2 0 1 397 1452 442 1762
7604 4 2 0 1 1205 1487 1640 1702
7605 4 2 0 1 485 484 422 1341
7606 4 2 0 1 529 593 530 1604
7607 4 2 0 1 1275 1394 1040 1599
7608 4 2 0 1 176 134 1255 1642
7609 4 2 0 1 1098 1595 1239 1714
7610 4 2 0 1 1718 1009 1076 1560
7611 4 2 0 1 1177 1444 1702 1748
7612 4 2 0 1 936 1422 968 1574
7613 4 2 0 1 803 800 1268 860
7614 4 2 0 1 1527 1670 1117 1051
7615 4 2 0 1 282 1557 339 1605
7616 4 2 0 1 306 1261 1416 1620
7617 4 2 0 1 108 76 109 1666
7618 4 2 0 1 574 512 575 1365
7619 4 2 0 1 135 1400 134 1642
7620 4 2 0 1 1015 1647 1415 1040
7621 4 2 0 1 190 239 189 1157
7622 4 2 0 1 1236 1545 1108 1619
7623 4 2 0 1 879 935 885 1348
7624 4 2 0 1 1071 1457 1331 1715
7625 4 2 0 1 93 1510 1254 1759
7626 4 2 0 1 509 447 510 1649
7627 4 2 0 1 940 939 884 1427
7628 4 2 0 1 279 340 341 1522
7629 4 2 0 1 442 1452 1386 1762
7630 4 2 0 1 239 292 1301 1606
7631 4 2 0 1 1119 1393 1392 1554
7632 4 2 0 1 2 3 5 1627
7633 4 2 0 1 1046 1449 1307 1489
7634 4 2 0 1 286 281 1225 1222
7635 4 2 0 1 1038 1502 1388 1556
7636 4 2 0 1 1148 1593 1335 1625
7637 4 2 0 1 306 1261 307 1416
7638 4 2 0 1 151 1491 155 1261
7639 4 2 0 1 1126 1520 1519 1714
7640 4 2 0 1 12 27 1627 1747
7641 4 2 0 1 516 1365 1167 1538
7642 4 2 0 1 1762 397 1711 460
7643 4 2 0 1 156 116 157 1324
7644 4 2 0 1 1260 1014 1722 1738
7645 4 2 0 1 1040 1251 1362 1583
7646 4 2 0 1 936 972 968 1422
7647 4 2 0 1 1289 1216 1090 1732
7648 4 2 0 1 338 276 277 1756
7649 4 2 0 1 580 581 1417 1718
7650 4 2 0 1 793 791 985 731
7651 4 2 0 1 1469 1610 1125 1741
7652 4 2 0 1 1543 1600 1093 1654
7653 4 2 0 1 1119 1554 1392 1754
7654 4 2 0 1 455 456 518 1693
7655 4 2 0 1 57 88 87 1514
7656 4 2 0 1 688 687 623 1330
7657 4 2 0 1 98 67 99 1285
7658 4 2 0 1 1326 1444 1109 1748
7659 4 2 0 1 1760 1535 408 470
7660 4 2 0 1 1082 1364 1460 1051
7661 4 2 0 1 1046 1307 1449 1746
7662 4 2 0 1 1326 1469 1125 1741
7663 4 2 0 1 1080 1210 1477 1740
7664 4 2 0 1 658 1199 721 1413
7665 4 2 0 1 334 1252 333 1711
7666 4 2 0 1 46 26 47 1282
7667 4 2 0 1 250 1303 199 1531
7668 4 2 0 1 1 4 3 1325
7669 4 2 0 1 1760 408 1535 1127
7670 4 2 0 1 291 355 1131 293
7671 4 2 0 1 48 1171 49 1666
7672 4 2 0 1 838 777 837 1277
7673 4 2 0 1 1381 1610 1110 1627
7674 4 2 0 1 492 1168 1545 1571
7675 4 2 0 1 631 628 1500 1676
7676 4 2 0 1 757 817 1180 1686
7677 4 2 0 1 51 29 50 1218
7678 4 2 0 1 1042 1194 1418 1725
7679 4 2 0 1 339 1271 1557 1756
7680 4 2 0 1 597 534 1259 1660
7681 4 2 0 1 706 1399 705 1403
7682 4 2 0 1 229 179 180 1286
7683 4 2 0 1 662 1240 602 1683
7684 4 2 0 1 325 1524 267 324
7685 4 2 0 1 97 131 134 1400
7686 4 2 0 1 678 679 616 1439
7687 4 2 0 1 1361 1429 1162 1592
7688 4 2 0 1 1006 1177 1640 1710
7689 4 2 0 1 1005 1593 1335 1757
7690 4 2 0 1 888 889 1304 1665
7691 4 2 0 1 69 68 43 1556
7692 4 2 0 1 642 578 579 1317
7693 4 2 0 1 655 599 662 1425
7694 4 2 0 1 149 150 192 1402
7695 4 2 0 1 861 802 1585 1752
7696 4 2 0 1 1039 1205 1487 1554
7697 4 2 0 1 833 832 772 1590
7698 4 2 0 1 750 811 749 1284
7699 4 2 0 1 976 747 996 975
7700 4 2 0 1 177 1453 226 178
7701 4 2 0 1 427 1206 435 371
7702 4 2 0 1 806 974 808 996
7703 4 2 0 1 54 1312 85 1684
7704 4 2 0 1 438 374 1246 437
7705 4 2 0 1 1387 713 1573 1476
7706 4 2 0 1 981 1768 966 953
7707 4 2 0 1 773 1612 1272 1688
7708 4 2 0 1 653 718 717 1289
7709 4 2 0 1 1307 765 827 766
7710 4 2 0 1 1767 1524 325 171
7711 4 2 0 1 1108 1603 1304 1669
7712 4 2 0 1 1363 1445 1041 1655
7713 4 2 0 1 1015 1271 1647 1040
7714 4 2 0 1 1299 1464 1170 1013
7715 4 2 0 1 1349 1477 1099 1740
7716 4 2 0 1 891 1355 876 1354
7717 4 2 0 1 680 1695 617 1750
7718 4 2 0 1 48 27 28 1381
7719 4 2 0 1 173 176 1255 1663
7720 4 2 0 1 1341 1408 1104 1708
7721 4 2 0 1 671 913 914 734
7722 4 2 0 1 574 1167 516 1365
7723 4 2 0 1 305 367 304 1572
7724 4 2 0 1 1204 1117 1670 1051
7725 4 2 0 1 1038 1285 1502 1556
7726 4 2 0 1 204 1269 205 1706
7727 4 2 0 1 997 683 976 980
7728 4 2 0 1 1143 1240 541 1730
7729 4 2 0 1 1058 1340 1504 1709
7730 4 2 0 1 98 67 1285 1727
7731 4 2 0 1 944 945 626 980
7732 4 2 0 1 1455 1548 1280 1658
7733 4 2 0 1 1102 1306 1389 1744
7734 4 2 0 1 107 1713 108 1755
7735 4 2 0 1 205 207 255 1269
7736 4 2 0 1 199 1614 156 1324
7737 4 2 0 1 470 1535 533 1760
7738 4 2 0 1 1225 1600 1543 1654
7739 4 2 0 1 63 65 1727 1728
7740 4 2 0 1 789 729 790 1574
7741 4 2 0 1 182 183 1499 1657
7742 4 2 0 1 337 336 1534 1587
7743 4 2 0 1 1149 1360 1443 1662
7744 4 2 0 1 203 164 165 1374
7745 4 2 0 1 294 240 1392 1393
7746 4 2 0 1 1071 1275 1457 1715
7747 4 2 0 1 1718 1009 1560 1185
7748 4 2 0 1 49 77 1666 1684
7749 4 2 0 1 643 1363 701 1399
7750 4 2 0 1 365 1236 430 1546
7751 4 2 0 1 1259 1413 1127 1760
7752 4 2 0 1 1001 1550 1182 1675
7753 4 2 0 1 1010 1300 1544 1073
7754 4 2 0 1 1408 1667 1708 436
7755 4 2 0 1 1079 1407 1250 1625
7756 4 2 0 1 199 1324 200 1531
7757 4 2 0 1 663 661 725 1750
7758 4 2 0 1 1 3 2 1325
7759 4 2 0 1 67 68 99 1556
7760 4 2 0 1 1137 1544 1234 1704
7761 4 2 0 1 478 1424 417 1462
7762 4 2 0 1 722 1694 659 1594
7763 4 2 0 1 886 828 826 1385
7764 4 2 0 1 833 889 890 1669
7765 4 2 0 1 267 1524 325 1767
7766 4 2 0 1 238 290 237 1258
7767 4 2 0 1 1033 1554 1205 1593
7768 4 2 0 1 760 761 821 1486
7769 4 2 0 1 50 29 30 1218
7770 4 2 0 1 99 1502 137 1689
7771 4 2 0 1 386 451 450 1628
7772 4 2 0 1 748 1584 685 1390
7773 4 2 0 1 710 1615 647 1733
7774 4 2 0 1 184 227 1411 1453
7775 4 2 0 1 774 835 775 1476
7776 4 2 0 1 840 898 1356 1745
7777 4 2 0 1 1552 1438 1786 209
7778 4 2 0 1 874 1283 873 1532
7779 4 2 0 1 1051 1238 1484 1567
7780 4 2 0 1 129 130 93 1254
7781 4 2 0 1 1259 1496 1127 1413
7782 4 2 0 1 1015 1297 1415 1647
7783 4 2 0 1 1064 1415 1297 1647
7784 4 2 0 1 710 1272 773 1612
7785 4 2 0 1 608 546 547 1348
7786 4 2 0 1 813 1232 802 1752
7787 4 2 0 1 1139 1296 1522 1582
7788 4 2 0 1 348 1327 412 347
7789 4 2 0 1 583 632 569 1536
7790 4 2 0 1 786 724 723 1694
7791 4 2 0 1 178 1298 135 1642
7792 4 2 0 1 290 238 291 1258
7793 4 2 0 1 604 543 605 1589
7794 4 2 0 1 1079 1308 1563 1690
7795 4 2 0 1 132 169 127 1188
7796 4 2 0 1 25 21 1219 1561
7797 4 2 0 1 570 631 567 1500
7798 4 2 0 1 604 605 668 1589
7799 4 2 0 1 1143 541 1240 1367
7800 4 2 0 1 1356 1686 877 1745
7801 4 2 0 1 1081 1644 1318 1673
7802 4 2 0 1 703 646 641 1533
7803 4 2 0 1 41 39 64 1159
7804 4 2 0 1 746 1209 684 1345
7805 4 2 0 1 466 1604 467 1681
7806 4 2 0 1 838 837 894 1461
7807 4 2 0 1 97 103 71 1278
7808 4 2 0 1 1038 1388 1525 1556
7809 4 2 0 1 1767 217 267 216
7810 4 2 0 1 603 542 543 1617
7811 4 2 0 1 925 901 904 1329
7812 4 2 0 1 746 684 748 1345
7813 4 2 0 1 1494 1480 1743 1167
7814 4 2 0 1 1623 23 1227 43
7815 4 2 0 1 160 1269 204 1402
7816 4 2 0 1 1494 1743 1480 1018
7817 4 2 0 1 250 1303 1531 1598
7818 4 2 0 1 1037 1490 1651 1716
7819 4 2 0 1 996 808 806 747
7820 4 2 0 1 623 559 560 1179
7821 4 2 0 1 435 499 434 1466
7822 4 2 0 1 837 836 893 1200
7823 4 2 0 1 380 1505 316 1386
7824 4 2 0 1 1087 1551 1736 1737
7825 4 2 0 1 178 1453 184 1518
7826 4 2 0 1 611 942 562 625
7827 4 2 0 1 871 870 810 1224
7828 4 2 0 1 1014 1459 1260 1682
7829 4 2 0 1 1215 1103 1713 1755
7830 4 2 0 1 465 1580 464 1581
7831 4 2 0 1 52 30 45 1164
7832 4 2 0 1 1098 1418 1595 1725
7833 4 2 0 1 20 1566 1364 1401
7834 4 2 0 1 1224 1098 1520 1653
7835 4 2 0 1 458 1671 396 1691
7836 4 2 0 1 801 802 741 1585
7837 4 2 0 1 207 257 1440 208
7838 4 2 0 1 1029 1495 1405 1618
7839 4 2 0 1 64 66 41 1159
7840 4 2 0 1 1338 1590 1074 1669
7841 4 2 0 1 1278 1066 1645 1721
7842 4 2 0 1 71 72 1379 1443
7843 4 2 0 1 961 609 978 971
7844 4 2 0 1 960 609 672 961
7845 4 2 0 1 1274 1163 1562 1724
7846 4 2 0 1 1214 1726 1475 1197
7847 4 2 0 1 587 1208 529 1681
7848 4 2 0 1 928 948 1344 1719
7849 4 2 0 1 1084 1015 1311 1063
7850 4 2 0 1 442 1386 377 1763
7851 4 2 0 1 872 810 811 1284
7852 4 2 0 1 1011 1441 1468 1726
7853 4 2 0 1 1419 1550 1165 1651
7854 4 2 0 1 148 1607 190 1755
7855 4 2 0 1 55 54 32 1312
7856 4 2 0 1 1336 1449 1095 1699
7857 4 2 0 1 228 1228 283 1605
7858 4 2 0 1 1284 1390 1098 1653
7859 4 2 0 1 1087 1241 1634 1641
7860 4 2 0 1 1124 1431 1430 1591
7861 4 2 0 1 486 1385 1408 1168
7862 4 2 0 1 555 1304 1483 1571
7863 4 2 0 1 210 1674 1509 260
7864 4 2 0 1 1433 1343 1701 1028
7865 4 2 0 1 19 1527 38 1758
7866 4 2 0 1 286 234 233 1222
7867 4 2 0 1 1594 783 844 1537
7868 4 2 0 1 1181 1468 1297 1121
7869 4 2 0 1 334 399 340 1306
7870 4 2 0 1 235 232 186 1499
7871 4 2 0 1 281 1543 1225 1222
7872 4 2 0 1 751 752 813 1232
7873 4 2 0 1 447 449 1241 1649
7874 4 2 0 1 618 1665 556 1749
7875 4 2 0 1 471 1616 535 1643
7876 4 2 0 1 106 147 146 1215
7877 4 2 0 1 688 752 687 1330
7878 4 2 0 1 446 508 503 1217
7879 4 2 0 1 1224 1520 809 1653
7880 4 2 0 1 620 684 682 1209
7881 4 2 0 1 849 1422 850 790
7882 4 2 0 1 1183 1391 1330 1678
7883 4 2 0 1 272 1773 271 1624
7884 4 2 0 1 1774 964 1784 798
7885 4 2 0 1 64 1510 94 1721
7886 4 2 0 1 774 1688 834 1176
7887 4 2 0 1 1594 844 783 784
7888 4 2 0 1 1386 1452 1102 1762
7889 4 2 0 1 1254 1510 1066 1759
7890 4 2 0 1 88 124 123 1374
7891 4 2 0 1 4 1 10 1325
7892 4 2 0 1 847 1268 803 1333
7893 4 2 0 1 1773 271 270 219
7894 4 2 0 1 284 346 283 1327
7895 4 2 0 1 1005 1529 1469 1610
7896 4 2 0 1 575 638 574 1480
7897 4 2 0 1 1536 520 1134 569
7898 4 2 0 1 992 972 993 1575
7899 4 2 0 1 88 123 87 1498
7900 4 2 0 1 870 809 1224 1520
7901 4 2 0 1 341 340 405 1522
7902 4 2 0 1 147 190 1215 1755
7903 4 2 0 1 755 1431 692 1591
7904 4 2 0 1 716 778 715 1353
7905 4 2 0 1 1037 1550 1419 1651
7906 4 2 0 1 1238 1567 1044 1757
7907 4 2 0 1 631 1591 692 1676
7908 4 2 0 1 217 267 1791 1767
7909 4 2 0 1 312 1505 313 1552
7910 4 2 0 1 476 539 491 1559
7911 4 2 0 1 995 869 927 867
7912 4 2 0 1 344 410 409 1616
7913 4 2 0 1 614 1473 677 1707
7914 4 2 0 1 1179 1330 1391 1678
7915 4 2 0 1 685 684 621 1584
7916 4 2 0 1 614 615 1540 1707
7917 4 2 0 1 1210 1099 1477 1740
7918 4 2 0 1 1767 216 267 1524
7919 4 2 0 1 171 170 1524 128
7920 4 2 0 1 437 439 374 1246
7921 4 2 0 1 1082 1670 1527 1051
7922 4 2 0 1 386 1334 449 1628
7923 4 2 0 1 644 695 632 1536
7924 4 2 0 1 755 773 710 1272
7925 4 2 0 1 525 1420 1658 1700
7926 4 2 0 1 1773 271 328 270
7927 4 2 0 1 850 904 901 1329
7928 4 2 0 1 660 661 597 1333
7929 4 2 0 1 1401 1527 1117 1051
7930 4 2 0 1 571 1412 511 1649
7931 4 2 0 1 455 393 390 1663
7932 4 2 0 1 1426 1511 1159 1743
7933 4 2 0 1 812 750 751 1532
7934 4 2 0 1 1392 1458 1039 1706
7935 4 2 0 1 1104 1429 1403 1141
7936 4 2 0 1 757 817 756 1180
7937 4 2 0 1 443 381 444 1386
7938 4 2 0 1 377 1386 442 1452
7939 4 2 0 1 561 498 499 1466
7940 4 2 0 1 1037 1565 1447 1632
7941 4 2 0 1 1039 1487 1205 1702
7942 4 2 0 1 1471 1360 1672 1668
7943 4 2 0 1 52 1513 1135 1717
7944 4 2 0 1 156 118 1352 1614
7945 4 2 0 1 763 820 825 1434
7946 4 2 0 1 1288 1450 1172 1650
7947 4 2 0 1 1362 1583 1251 1734
7948 4 2 0 1 104 1443 103 1662
7949 4 2 0 1 704 1307 765 1449
7950 4 2 0 1 1277 1160 1573 1738
7951 4 2 0 1 258 313 261 1552
7952 4 2 0 1 903 902 1508 1685
7953 4 2 0 1 1068 1459 1260 1738
7954 4 2 0 1 1408 1667 436 1579
7955 4 2 0 1 54 49 32 1684
7956 4 2 0 1 312 314 1551 1674
7957 4 2 0 1 1786 1766 211 209
7958 4 2 0 1 86 121 85 1498
7959 4 2 0 1 1773 271 1624 328
7960 4 2 0 1 1246 1551 374 1736
7961 4 2 0 1 1698 1651 1419 1165
7962 4 2 0 1 1286 1502 1285 1689
7963 4 2 0 1 659 1413 721 1594
7964 4 2 0 1 1484 1757 1567 1238
7965 4 2 0 1 1010 1635 1300 1073
7966 4 2 0 1 415 475 476 1351
7967 4 2 0 1 180 179 137 1286
7968 4 2 0 1 205 161 206 1269
7969 4 2 0 1 1050 1446 1295 1496
7970 4 2 0 1 967 948 947 1344
7971 4 2 0 1 1437 1511 37 1758
7972 4 2 0 1 787 803 743 1521
7973 4 2 0 1 1003 1288 1650 1069
7974 4 2 0 1 1167 1480 1267 1494
7975 4 2 0 1 40 1527 1364 1728
7976 4 2 0 1 210 1674 260 259
7977 4 2 0 1 1232 1183 1488 1532
7978 4 2 0 1 1552 385 1276 384
7979 4 2 0 1 233 1411 281 1222
7980 4 2 0 1 130 93 1254 1759
7981 4 2 0 1 376 1505 312 1551
7982 4 2 0 1 1193 1408 1385 1168
7983 4 2 0 1 1383 1565 1153 1637
7984 4 2 0 1 703 646 1533 1699
7985 4 2 0 1 1064 1395 1415 1576
7986 4 2 0 1 1044 1444 1238 1757
7987 4 2 0 1 411 345 412 1558
7988 4 2 0 1 938 975 974 1493
7989 4 2 0 1 589 588 527 1214
7990 4 2 0 1 1037 1651 1419 1716
7991 4 2 0 1 45 25 41 1219
7992 4 2 0 1 81 1442 115 1601
7993 4 2 0 1 929 967 949 1344
7994 4 2 0 1 1347 1037 1490 1637
7995 4 2 0 1 1154 1271 1605 1040
7996 4 2 0 1 421 1350 355 1119
7997 4 2 0 1 1452 1711 1102 1762
7998 4 2 0 1 58 35 36 1377
7999 4 2 0 1 466 529 1604 1681
8000 4 2 0 1 1288 1134 1070 1371
8001 4 2 0 1 1170 1464 1296 1626
8002 4 2 0 1 48 1666 75 1713
8003 4 2 0 1 172 130 129 1692
8004 4 2 0 1 224 220 1624 1663
8005 4 2 0 1 1141 1399 1448 1735
8006 4 2 0 1 1702 1710 1640 1177
8007 4 2 0 1 108 75 76 1666
8008 4 2 0 1 1068 1387 1573 1476
8009 4 2 0 1 1316 1582 399 1306
8010 4 2 0 1 487 491 550 1559
8011 4 2 0 1 1055 1695 1521 1750
8012 4 2 0 1 1048 1595 1418 1725
8013 4 2 0 1 138 139 181 1657
8014 4 2 0 1 1217 1737 1548 1087
8015 4 2 0 1 1548 1737 1217 1455
8016 4 2 0 1 200 1324 157 1578
8017 4 2 0 1 730 985 791 731
8018 4 2 0 1 1734 1274 1633 1017
8019 4 2 0 1 765 1449 1307 1746
8020 4 2 0 1 1114 1475 1580 1726
8021 4 2 0 1 1030 1311 1015 1063
8022 4 2 0 1 563 555 556 1304
8023 4 2 0 1 1734 1633 1274 1146
8024 4 2 0 1 755 756 1430 1591
8025 4 2 0 1 1010 1371 1300 1635
8026 4 2 0 1 1211 624 616 561
8027 4 2 0 1 1364 1527 1082 1728
8028 4 2 0 1 1557 1647 1428 1756
8029 4 2 0 1 63 38 40 1527
8030 4 2 0 1 1624 330 271 329
8031 4 2 0 1 96 133 132 1729
8032 4 2 0 1 839 845 782 1358
8033 4 2 0 1 1788 875 919 1793
8034 4 2 0 1 120 1684 85 1256
8035 4 2 0 1 562 611 549 1765
8036 4 2 0 1 187 1499 144 1690
8037 4 2 0 1 147 190 146 1215
8038 4 2 0 1 1694 1413 1083 1259
8039 4 2 0 1 671 913 960 914
8040 4 2 0 1 417 416 352 1462
8041 4 2 0 1 25 1220 13 1561
8042 4 2 0 1 524 523 586 1316
8043 4 2 0 1 236 237 289 1287
8044 4 2 0 1 1109 1238 1444 1741
8045 4 2 0 1 611 977 942 625
8046 4 2 0 1 1407 1622 1071 1703
8047 4 2 0 1 1769 244 1780 243
8048 4 2 0 1 372 1265 310 1667
8049 4 2 0 1 1311 1587 1121 1756
8050 4 2 0 1 401 1280 336 1587
8051 4 2 0 1 687 751 686 1330
8052 4 2 0 1 897 932 877 1356
8053 4 2 0 1 591 598 655 1643
8054 4 2 0 1 1728 67 1556 42
8055 4 2 0 1 541 542 602 1617
8056 4 2 0 1 451 386 449 1628
8057 4 2 0 1 339 1428 403 1756
8058 4 2 0 1 920 1268 1685 1752
8059 4 2 0 1 254 255 1458 1706
8060 4 2 0 1 913 671 670 734
8061 4 2 0 1 1329 1577 1216 1629
8062 4 2 0 1 661 1750 600 1660
8063 4 2 0 1 670 671 913 960
8064 4 2 0 1 111 1601 151 1687
8065 4 2 0 1 632 695 635 1234
8066 4 2 0 1 802 813 752 1232
8067 4 2 0 1 1390 1391 1048 1584
8068 4 2 0 1 771 708 1490 1637
8069 4 2 0 1 81 1443 72 104
8070 4 2 0 1 1335 1593 1148 1757
8071 4 2 0 1 646 582 1417 645
8072 4 2 0 1 1685 1482 1530 1190
8073 4 2 0 1 1131 1542 1350 1586
8074 4 2 0 1 724 1333 660 1694
8075 4 2 0 1 571 511 509 1649
8076 4 2 0 1 1685 1530 1482 1077
8077 4 2 0 1 846 785 1594 1696
8078 4 2 0 1 203 198 248 1248
8079 4 2 0 1 1115 1425 1732 1739
8080 4 2 0 1 1058 1588 1693 1709
8081 4 2 0 1 290 291 353 1586
8082 4 2 0 1 584 521 568 1733
8083 4 2 0 1 1605 1557 345 282
8084 4 2 0 1 530 531 468 1604
8085 4 2 0 1 1225 1222 1516 1656
8086 4 2 0 1 759 696 715 1257
8087 4 2 0 1 1644 1318 823 824
8088 4 2 0 1 1115 1468 1441 1726
8089 4 2 0 1 616 561 553 1211
8090 4 2 0 1 1680 823 822 881
8091 4 2 0 1 744 1547 805 1639
8092 4 2 0 1 399 1582 1316 404
8093 4 2 0 1 1605 345 1557 1558
8094 4 2 0 1 1113 1576 1346 1761
8095 4 2 0 1 1061 1471 1515 1668
8096 4 2 0 1 388 453 389 1254
8097 4 2 0 1 668 605 669 1589
8098 4 2 0 1 1107 1505 1386 1763
8099 4 2 0 1 719 656 714 1160
8100 4 2 0 1 77 109 76 1666
8101 4 2 0 1 1093 1600 1043 1654
8102 4 2 0 1 240 192 1392 1606
8103 4 2 0 1 1295 1446 1008 1496
8104 4 2 0 1 306 1572 305 1620
8105 4 2 0 1 453 1254 388 1562
8106 4 2 0 1 660 724 661 1333
8107 4 2 0 1 281 343 286 1225
8108 4 2 0 1 1082 1527 1364 1051
8109 4 2 0 1 495 431 496 1472
8110 4 2 0 1 1306 1679 1102 1711
8111 4 2 0 1 110 1315 77 1684
8112 4 2 0 1 1018 1494 1648 1062
8113 4 2 0 1 1296 1100 1522 1582
8114 4 2 0 1 74 46 47 1713
8115 4 2 0 1 816 1355 834 1688
8116 4 2 0 1 1171 1666 1315 1684
8117 4 2 0 1 292 293 291 1131
8118 4 2 0 1 1102 1679 1306 1744
8119 4 2 0 1 707 1347 708 1637
8120 4 2 0 1 445 400 463 1658
8121 4 2 0 1 687 752 751 1330
8122 4 2 0 1 1275 1136 1457 1715
8123 4 2 0 1 801 800 860 1585
8124 4 2 0 1 831 824 1318 1644
8125 4 2 0 1 412 345 346 1558
8126 4 2 0 1 813 874 1532 1752
8127 4 2 0 1 192 204 241 1706
8128 4 2 0 1 1136 1539 1457 1715
8129 4 2 0 1 1464 1626 1170 1013
8130 4 2 0 1 273 333 1252 1624
8131 4 2 0 1 778 1630 841 1745
8132 4 2 0 1 250 303 1303 1598
8133 4 2 0 1 783 719 782 1537
8134 4 2 0 1 783 721 720 1199
8135 4 2 0 1 277 282 339 1605
8136 4 2 0 1 254 1458 241 1706
8137 4 2 0 1 722 1694 1594 785
8138 4 2 0 1 1718 1009 1185 1417
8139 4 2 0 1 949 967 946 1344
8140 4 2 0 1 1624 330 329 1452
8141 4 2 0 1 767 828 768 1193
8142 4 2 0 1 1718 1009 1417 1076
8143 4 2 0 1 1644 823 1318 1088
8144 4 2 0 1 539 1660 1351 538
8145 4 2 0 1 120 1097 1684 1256
8146 4 2 0 1 1035 1275 1599 1622
8147 4 2 0 1 1124 1431 1591 1676
8148 4 2 0 1 528 1475 526 1580
8149 4 2 0 1 588 589 651 1214
8150 4 2 0 1 1173 1572 1243 1598
8151 4 2 0 1 240 1392 1393 1606
8152 4 2 0 1 1709 1453 1058 1588
8153 4 2 0 1 314 375 1551 1737
8154 4 2 0 1 848 789 790 1422
8155 4 2 0 1 1558 1605 346 1327
8156 4 2 0 1 760 700 698 1568
8157 4 2 0 1 1116 1689 1285 1727
8158 4 2 0 1 717 718 781 1289
8159 4 2 0 1 440 382 1455 1737
8160 4 2 0 1 469 1535 407 1094
8161 4 2 0 1 461 399 398 1306
8162 4 2 0 1 365 366 430 1236
8163 4 2 0 1 276 338 337 1311
8164 4 2 0 1 173 1663 1255 1692
8165 4 2 0 1 21 19 39 1426
8166 4 2 0 1 1014 1682 1260 1722
8167 4 2 0 1 1238 1444 1741 1757
8168 4 2 0 1 286 287 234 1656
8169 4 2 0 1 1089 1651 1490 1716
8170 4 2 0 1 1168 887 829 1483
8171 4 2 0 1 595 658 1413 1528
8172 4 2 0 1 1005 1741 1444 1757
8173 4 2 0 1 124 165 123 1374
8174 4 2 0 1 692 1431 691 1676
8175 4 2 0 1 334 398 399 1306
8176 4 2 0 1 531 1375 532 1094
8177 4 2 0 1 719 720 656 1433
8178 4 2 0 1 767 826 828 1193
8179 4 2 0 1 937 881 882 1629
8180 4 2 0 1 570 633 631 1281
8181 4 2 0 1 443 1276 384 1505
8182 4 2 0 1 420 1370 419 1764
8183 4 2 0 1 700 702 640 1445
8184 4 2 0 1 969 934 933 1314
8185 4 2 0 1 1035 1599 1410 1622
8186 4 2 0 1 816 817 876 1355
8187 4 2 0 1 352 289 290 1287
8188 4 2 0 1 807 868 866 1435
8189 4 2 0 1 1558 346 1605 345
8190 4 2 0 1 312 1552 259 1674
8191 4 2 0 1 778 818 759 1745
8192 4 2 0 1 1428 1647 1121 1756
8193 4 2 0 1 812 811 750 1532
8194 4 2 0 1 996 747 976 997
8195 4 2 0 1 716 779 778 1353
8196 4 2 0 1 318 315 262 1203
8197 4 2 0 1 1334 1621 1030 1063
8198 4 2 0 1 825 826 764 1434
8199 4 2 0 1 539 1660 538 600
8200 4 2 0 1 1140 1299 1464 1731
8201 4 2 0 1 139 100 101 1388
8202 4 2 0 1 462 1316 524 1681
8203 4 2 0 1 1649 449 511 509
8204 4 2 0 1 1007 1346 1576 1761
8205 4 2 0 1 367 305 368 1572
8206 4 2 0 1 1385 887 942 886
8207 4 2 0 1 460 1679 1711 1762
8208 4 2 0 1 1065 1016 1565 1153
8209 4 2 0 1 1304 1108 1571 1603
8210 4 2 0 1 968 933 936 1574
8211 4 2 0 1 176 224 1340 1663
8212 4 2 0 1 1089 1698 1651 1716
8213 4 2 0 1 722 1694 785 723
8214 4 2 0 1 660 1259 596 1694
8215 4 2 0 1 790 850 848 1422
8216 4 2 0 1 1006 1640 1487 1710
8217 4 2 0 1 704 766 765 1307
8218 4 2 0 1 660 1259 597 596
8219 4 2 0 1 350 287 349 1373
8220 4 2 0 1 888 1483 887 1765
8221 4 2 0 1 1244 1620 1601 1687
8222 4 2 0 1 777 1358 719 1160
8223 4 2 0 1 974 973 938 1493
8224 4 2 0 1 332 329 1452 1624
8225 4 2 0 1 693 630 629 1305
8226 4 2 0 1 395 396 1386 1452
8227 4 2 0 1 507 508 446 1217
8228 4 2 0 1 1086 1548 1241 1634
8229 4 2 0 1 173 176 134 1255
8230 4 2 0 1 589 1580 526 1475
8231 4 2 0 1 134 135 97 1400
8232 4 2 0 1 900 901 925 1577
8233 4 2 0 1 215 1766 214 170
8234 4 2 0 1 596 533 595 1413
8235 4 2 0 1 601 617 1659 1750
8236 4 2 0 1 225 224 278 1340
8237 4 2 0 1 749 1284 810 1653
8238 4 2 0 1 985 1783 791 793
8239 4 2 0 1 1051 1566 1401 1364
8240 4 2 0 1 563 556 619 1665
8241 4 2 0 1 1284 1532 873 1283
8242 4 2 0 1 1260 1632 1067 1682
8243 4 2 0 1 401 463 400 1280
8244 4 2 0 1 220 172 391 1663
8245 4 2 0 1 541 478 479 1367
8246 4 2 0 1 447 1241 449 1641
8247 4 2 0 1 709 1699 1449 1746
8248 4 2 0 1 757 696 759 1257
8249 4 2 0 1 1241 1548 1087 1634
8250 4 2 0 1 1253 1134 1613 1751
8251 4 2 0 1 664 680 617 1750
8252 4 2 0 1 379 330 380 1452
8253 4 2 0 1 243 1404 247 1423
8254 4 2 0 1 82 1352 80 1324
8255 4 2 0 1 1345 1714 1126 1742
8256 4 2 0 1 1020 1714 1345 1742
8257 4 2 0 1 643 638 701 1363
8258 4 2 0 1 1326 1474 1096 1748
8259 4 2 0 1 361 426 362 1423
8260 4 2 0 1 255 207 256 1378
8261 4 2 0 1 250 249 199 1303
8262 4 2 0 1 602 542 603 1617
8263 4 2 0 1 275 337 336 1534
8264 4 2 0 1 626 683 690 980
8265 4 2 0 1 414 1638 408 1127
8266 4 2 0 1 967 928 948 1344
8267 4 2 0 1 529 587 592 1208
8268 4 2 0 1 352 351 289 1646
8269 4 2 0 1 1429 1667 1579 1361
8270 4 2 0 1 467 406 405 1604
8271 4 2 0 1 1709 1453 1504 1058
8272 4 2 0 1 885 935 941 1348
8273 4 2 0 1 547 546 484 1348
8274 4 2 0 1 1326 1444 1005 1741
8275 4 2 0 1 333 1452 397 1711
8276 4 2 0 1 40 1364 42 1728
8277 4 2 0 1 201 1531 200 1578
8278 4 2 0 1 1267 1480 1105 1494
8279 4 2 0 1 103 97 135 1400
8280 4 2 0 1 494 556 555 1603
8281 4 2 0 1 1408 1667 1579 1104
8282 4 2 0 1 597 538 534 1660
8283 4 2 0 1 1139 1604 1523 1723
8284 4 2 0 1 148 109 149 1607
8285 4 2 0 1 1109 1444 1326 1741
8286 4 2 0 1 1547 1608 805 1639
8287 4 2 0 1 898 897 840 1356
8288 4 2 0 1 364 303 365 1546
8289 4 2 0 1 836 835 892 1564
8290 4 2 0 1 86 87 1514 56
8291 4 2 0 1 423 1341 422 1708
8292 4 2 0 1 492 500 436 1168
8293 4 2 0 1 784 721 783 1594
8294 4 2 0 1 969 986 959 1589
8295 4 2 0 1 410 1332 472 1616
8296 4 2 0 1 745 1427 804 1493
8297 4 2 0 1 104 103 142 1662
8298 4 2 0 1 368 305 306 1572
8299 4 2 0 1 458 1691 455 1693
8300 4 2 0 1 110 109 77 1315
8301 4 2 0 1 714 650 713 1387
8302 4 2 0 1 534 596 597 1259
8303 4 2 0 1 960 970 959 1589
8304 4 2 0 1 33 32 15 1368
8305 4 2 0 1 637 700 640 1568
8306 4 2 0 1 779 841 778 1630
8307 4 2 0 1 256 257 311 1378
8308 4 2 0 1 418 478 417 1462
8309 4 2 0 1 264 320 321 1552
8310 4 2 0 1 637 573 636 1412
8311 4 2 0 1 480 543 542 1617
8312 4 2 0 1 92 90 125 1524
8313 4 2 0 1 41 25 21 1219
8314 4 2 0 1 881 936 880 1337
8315 4 2 0 1 979 626 690 980
8316 4 2 0 1 555 1483 500 1571
8317 4 2 0 1 373 1361 429 1579
8318 4 2 0 1 813 812 751 1532
8319 4 2 0 1 1284 873 1532 811
8320 4 2 0 1 780 717 781 1289
8321 4 2 0 1 809 1520 748 1653
8322 4 2 0 1 1036 1543 1411 1222
8323 4 2 0 1 344 1428 339 1557
8324 4 2 0 1 1351 1659 1055 1660
8325 4 2 0 1 131 1692 1255 1759
8326 4 2 0 1 779 842 841 1630
8327 4 2 0 1 739 743 1521 1695
8328 4 2 0 1 334 273 333 1252
8329 4 2 0 1 46 70 44 1319
8330 4 2 0 1 447 509 449 1649
8331 4 2 0 1 426 427 362 1423
8332 4 2 0 1 1036 1516 1322 1600
8333 4 2 0 1 552 553 490 1540
8334 4 2 0 1 1007 1331 1539 1715
8335 4 2 0 1 249 248 198 1507
8336 4 2 0 1 1601 1620 1261 1687
8337 4 2 0 1 146 145 105 1470
8338 4 2 0 1 357 1265 372 1708
8339 4 2 0 1 517 1693 581 1718
8340 4 2 0 1 619 556 618 1665
8341 4 2 0 1 52 50 1513 1717
8342 4 2 0 1 1102 1711 1679 1762
8343 4 2 0 1 33 1368 16 1514
8344 4 2 0 1 659 596 1413 1694
8345 4 2 0 1 1023 1650 1450 1731
8346 4 2 0 1 1545 1571 1108 1619
8347 4 2 0 1 1010 1544 1313 1073
8348 4 2 0 1 542 1617 541 1367
8349 4 2 0 1 764 826 767 1193
8350 4 2 0 1 652 715 651 1197
8351 4 2 0 1 920 862 902 1685
8352 4 2 0 1 648 712 649 1467
8353 4 2 0 1 572 569 1536 1613
8354 4 2 0 1 681 619 618 1665
8355 4 2 0 1 176 224 225 1340
8356 4 2 0 1 577 515 516 1538
8357 4 2 0 1 36 35 18 1377
8358 4 2 0 1 942 944 562 625
8359 4 2 0 1 306 1620 252 1687
8360 4 2 0 1 842 899 841 1630
8361 4 2 0 1 615 1211 553 1540
8362 4 2 0 1 197 234 247 1404
8363 4 2 0 1 98 99 137 1689
8364 4 2 0 1 1093 1543 1463 1600
8365 4 2 0 1 809 870 868 1520
8366 4 2 0 1 649 713 650 1387
8367 4 2 0 1 560 624 623 1631
8368 4 2 0 1 688 624 679 1439
8369 4 2 0 1 81 1244 78 1135
8370 4 2 0 1 902 844 845 1537
8371 4 2 0 1 1654 343 281 1225
8372 4 2 0 1 979 626 980 944
8373 4 2 0 1 54 85 84 1684
8374 4 2 0 1 354 1586 420 1764
8375 4 2 0 1 122 121 1498 1256
8376 4 2 0 1 511 573 514 1412
8377 4 2 0 1 601 664 617 1750
8378 4 2 0 1 972 936 937 1422
8379 4 2 0 1 550 1292 613 1323
8380 4 2 0 1 240 1393 292 1606
8381 4 2 0 1 17 6 18 1377
8382 4 2 0 1 479 478 418 1367
8383 4 2 0 1 327 389 392 1692
8384 4 2 0 1 286 1638 349 1656
8385 4 2 0 1 163 122 164 1256
8386 4 2 0 1 186 183 144 1499
8387 4 2 0 1 493 1571 1545 1619
8388 4 2 0 1 309 255 310 1458
8389 4 2 0 1 676 614 613 1473
8390 4 2 0 1 311 373 310 1667
8391 4 2 0 1 354 353 291 1586
8392 4 2 0 1 978 977 943 610
8393 4 2 0 1 831 832 890 1270
8394 4 2 0 1 455 390 456 1663
8395 4 2 0 1 1773 1663 390 1624
8396 4 2 0 1 278 273 334 1252
8397 4 2 0 1 85 54 55 1312
8398 4 2 0 1 178 184 142 1518
8399 4 2 0 1 1023 1731 1450 1744
8400 4 2 0 1 452 1562 387 1724
8401 4 2 0 1 1137 1596 1544 1704
8402 4 2 0 1 657 594 1375 1528
8403 4 2 0 1 1367 1462 1132 1761
8404 4 2 0 1 669 605 606 1589
8405 4 2 0 1 1795 985 791 730
8406 4 2 0 1 460 1679 398 1711
8407 4 2 0 1 73 102 70 1470
8408 4 2 0 1 82 117 116 1324
8409 4 2 0 1 469 532 1535 1094
8410 4 2 0 1 20 1566 1401 7
8411 4 2 0 1 868 807 809 1520
8412 4 2 0 1 1081 1608 1547 1639
8413 4 2 0 1 188 1563 1308 1690
8414 4 2 0 1 486 436 500 1168
8415 4 2 0 1 339 277 1271 1756
8416 4 2 0 1 381 320 317 1505
8417 4 2 0 1 1116 1727 1245 1729
8418 4 2 0 1 165 164 123 1374
8419 4 2 0 1 199 249 198 1249
8420 4 2 0 1 936 933 880 1337
8421 4 2 0 1 543 604 603 1314
8422 4 2 0 1 1551 375 1736 1737
8423 4 2 0 1 471 472 535 1616
8424 4 2 0 1 521 505 1233 1762
8425 4 2 0 1 1189 931 870 928
8426 4 2 0 1 350 414 415 1611
8427 4 2 0 1 448 506 510 1253
8428 4 2 0 1 607 544 1451 1589
8429 4 2 0 1 229 283 228 1228
8430 4 2 0 1 197 243 194 1310
8431 4 2 0 1 636 697 699 1704
8432 4 2 0 1 410 472 471 1616
8433 4 2 0 1 1654 281 343 342
8434 4 2 0 1 960 609 961 971
8435 4 2 0 1 818 757 759 1686
8436 4 2 0 1 881 1337 880 1680
8437 4 2 0 1 517 455 518 1693
8438 4 2 0 1 320 317 1552 264
8439 4 2 0 1 46 44 26 1623
8440 4 2 0 1 22 40 20 1364
8441 4 2 0 1 975 938 939 1493
8442 4 2 0 1 807 748 809 1520
8443 4 2 0 1 397 442 460 1762
8444 4 2 0 1 742 752 688 1439
8445 4 2 0 1 775 836 776 1476
8446 4 2 0 1 695 758 1065 707
8447 4 2 0 1 1425 1683 662 1732
8448 4 2 0 1 1413 1594 659 1694
8449 4 2 0 1 770 1161 758 1065
8450 4 2 0 1 744 804 1427 1639
8451 4 2 0 1 647 1155 585 584
8452 4 2 0 1 185 234 197 1404
8453 4 2 0 1 1105 1448 1399 1735
8454 4 2 0 1 365 1598 1236 1262
8455 4 2 0 1 1786 1438 1552 265
8456 4 2 0 1 1573 714 777 776
8457 4 2 0 1 254 205 255 1706
8458 4 2 0 1 173 1255 131 1692
8459 4 2 0 1 932 946 891 1354
8460 4 2 0 1 581 518 519 1693
8461 4 2 0 1 365 1236 1598 304
8462 4 2 0 1 1786 1438 1766 209
8463 4 2 0 1 839 777 838 1358
8464 4 2 0 1 335 275 336 1534
8465 4 2 0 1 1135 1513 1075 1717
8466 4 2 0 1 748 1390 749 1653
8467 4 2 0 1 33 56 55 1514
8468 4 2 0 1 386 1641 385 449
8469 4 2 0 1 95 1727 96 1729
8470 4 2 0 1 187 1308 1499 1690
8471 4 2 0 1 70 69 44 1319
8472 4 2 0 1 323 1163 388 1524
8473 4 2 0 1 302 249 303 1507
8474 4 2 0 1 831 884 824 1644
8475 4 2 0 1 353 352 290 1462
8476 4 2 0 1 538 539 476 1351
8477 4 2 0 1 1571 1603 1108 1619
8478 4 2 0 1 1547 1608 1081 1742
8479 4 2 0 1 62 1437 1510 1511
8480 4 2 0 1 1265 1104 1667 1708
8481 4 2 0 1 507 525 570 1420
8482 4 2 0 1 419 481 480 1370
8483 4 2 0 1 225 279 226 1504
8484 4 2 0 1 618 557 1636 1749
8485 4 2 0 1 437 502 439 1664
8486 4 2 0 1 1408 1667 1104 1708
8487 4 2 0 1 492 429 1545 1579
8488 4 2 0 1 236 235 187 1499
8489 4 2 0 1 979 626 944 625
8490 4 2 0 1 1126 1714 1478 1742
8491 4 2 0 1 701 638 639 1363
8492 4 2 0 1 436 1667 1708 372
8493 4 2 0 1 12 2 5 1627
8494 4 2 0 1 51 53 31 1352
8495 4 2 0 1 1008 1496 1481 1569
8496 4 2 0 1 1173 1236 1598 1262
8497 4 2 0 1 1752 860 1268 1585
8498 4 2 0 1 675 612 617 1695
8499 4 2 0 1 132 127 95 1729
8500 4 2 0 1 420 421 483 1350
8501 4 2 0 1 480 1617 542 1367
8502 4 2 0 1 281 233 227 1411
8503 4 2 0 1 1664 501 565 1142
8504 4 2 0 1 15 5 1368 1747
8505 4 2 0 1 248 208 203 1440
8506 4 2 0 1 10 1 7 1566
8507 4 2 0 1 897 877 840 1356
8508 4 2 0 1 283 346 282 1605
8509 4 2 0 1 808 974 995 996
8510 4 2 0 1 205 204 160 1269
8511 4 2 0 1 306 251 252 1620
8512 4 2 0 1 1216 1683 1090 1732
8513 4 2 0 1 771 707 708 1637
8514 4 2 0 1 994 993 973 1575
8515 4 2 0 1 486 1385 485 1408
8516 4 2 0 1 692 691 628 1676
8517 4 2 0 1 150 119 160 1402
8518 4 2 0 1 883 1629 882 1644
8519 4 2 0 1 402 465 464 1581
8520 4 2 0 1 441 442 377 1763
8521 4 2 0 1 65 67 1727 1728
8522 4 2 0 1 967 947 946 1344
8523 4 2 0 1 338 339 403 1756
8524 4 2 0 1 306 252 307 1687
8525 4 2 0 1 110 150 149 1315
8526 4 2 0 1 1271 1647 1557 1756
8527 4 2 0 1 693 630 1305 1733
8528 4 2 0 1 890 832 833 1270
8529 4 2 0 1 420 482 419 1370
8530 4 2 0 1 498 561 497 1631
8531 4 2 0 1 205 160 161 1269
8532 4 2 0 1 564 503 567 1500
8533 4 2 0 1 775 1467 1476 713
8534 4 2 0 1 694 631 633 1281
8535 4 2 0 1 106 146 105 1470
8536 4 2 0 1 525 588 1420 1700
8537 4 2 0 1 423 485 422 1341
8538 4 2 0 1 628 564 567 1500
8539 4 2 0 1 172 1775 327 218
8540 4 2 0 1 431 1472 494 1603
8541 4 2 0 1 1168 829 887 828
8542 4 2 0 1 967 929 928 1344
8543 4 2 0 1 977 942 943 611
8544 4 2 0 1 554 1559 539 1659
8545 4 2 0 1 823 761 1680 822
8546 4 2 0 1 400 336 401 1280
8547 4 2 0 1 29 14 13 1492
8548 4 2 0 1 1432 1517 1014 1661
8549 4 2 0 1 659 658 721 1413
8550 4 2 0 1 780 842 779 1247
8551 4 2 0 1 239 1301 238 1563
8552 4 2 0 1 673 610 978 609
8553 4 2 0 1 403 1581 402 1587
8554 4 2 0 1 95 96 132 1729
8555 4 2 0 1 436 1667 372 373
8556 4 2 0 1 286 349 287 1656
8557 4 2 0 1 505 1233 1762 1763
8558 4 2 0 1 862 860 803 1268
8559 4 2 0 1 1659 1695 1055 1750
8560 4 2 0 1 194 155 197 1310
8561 4 2 0 1 1036 1463 1543 1600
8562 4 2 0 1 756 694 757 1591
8563 4 2 0 1 666 603 604 1314
8564 4 2 0 1 187 144 145 1690
8565 4 2 0 1 725 724 786 1333
8566 4 2 0 1 743 680 727 1750
8567 4 2 0 1 53 80 82 1352
8568 4 2 0 1 148 191 190 1607
8569 4 2 0 1 716 715 652 1197
8570 4 2 0 1 1012 1515 1471 1668
8571 4 2 0 1 1173 1598 1236 304
8572 4 2 0 1 133 98 136 1689
8573 4 2 0 1 13 25 30 1220
8574 4 2 0 1 538 1351 475 1760
8575 4 2 0 1 1505 261 317 316
8576 4 2 0 1 503 508 567 1500
8577 4 2 0 1 612 675 613 1695
8578 4 2 0 1 471 409 410 1616
8579 4 2 0 1 595 594 658 1528
8580 4 2 0 1 403 1428 409 1581
8581 4 2 0 1 631 694 692 1591
8582 4 2 0 1 1014 1519 1682 1722
8583 4 2 0 1 811 812 873 1532
8584 4 2 0 1 648 1454 585 1615
8585 4 2 0 1 156 159 118 1614
8586 4 2 0 1 554 612 1559 1659
8587 4 2 0 1 416 474 413 1424
8588 4 2 0 1 611 943 977 610
8589 4 2 0 1 324 323 388 1524
8590 4 2 0 1 1428 1557 1064 1647
8591 4 2 0 1 389 324 388 1524
8592 4 2 0 1 810 870 809 1224
8593 4 2 0 1 626 562 944 625
8594 4 2 0 1 820 825 1434 1602
8595 4 2 0 1 178 135 177 1642
8596 4 2 0 1 456 391 392 1663
8597 4 2 0 1 709 771 708 1490
8598 4 2 0 1 1052 1572 1416 1620
8599 4 2 0 1 312 376 313 1505
8600 4 2 0 1 739 680 743 1695
8601 4 2 0 1 189 1563 188 1690
8602 4 2 0 1 133 96 98 1689
8603 4 2 0 1 309 372 357 1265
8604 4 2 0 1 1333 1660 1055 1750
8605 4 2 0 1 726 1683 1216 1732
8606 4 2 0 1 355 1350 420 1586
8607 4 2 0 1 621 622 686 1391
8608 4 2 0 1 107 75 108 1713
8609 4 2 0 1 142 135 178 1298
8610 4 2 0 1 810 1224 809 1653
8611 4 2 0 1 618 556 557 1749
8612 4 2 0 1 516 513 1365 1538
8613 4 2 0 1 610 978 977 674
8614 4 2 0 1 614 677 615 1707
8615 4 2 0 1 636 698 637 1568
8616 4 2 0 1 116 83 82 1352
8617 4 2 0 1 100 138 99 1502
8618 4 2 0 1 567 631 628 1500
8619 4 2 0 1 568 521 505 1233
8620 4 2 0 1 530 466 529 1604
8621 4 2 0 1 695 758 697 1704
8622 4 2 0 1 613 675 676 1695
8623 4 2 0 1 1659 1660 600 1750
8624 4 2 0 1 87 56 57 1514
8625 4 2 0 1 76 49 77 1666
8626 4 2 0 1 210 1674 259 1195
8627 4 2 0 1 905 923 924 1575
8628 4 2 0 1 707 1637 770 1065
8629 4 2 0 1 824 819 831 1318
8630 4 2 0 1 877 1686 818 1745
8631 4 2 0 1 147 107 108 1755
8632 4 2 0 1 151 1781 193 152
8633 4 2 0 1 621 686 685 1391
8634 4 2 0 1 123 164 122 1498
8635 4 2 0 1 14 6 4 1235
8636 4 2 0 1 60 61 37 1437
8637 4 2 0 1 1118 1590 1338 1746
8638 4 2 0 1 52 1135 78 1717
8639 4 2 0 1 1176 1465 1570 1069
8640 4 2 0 1 186 187 235 1499
8641 4 2 0 1 93 62 1437 1510
8642 4 2 0 1 725 786 787 1333
8643 4 2 0 1 821 1680 761 822
8644 4 2 0 1 17 34 16 1514
8645 4 2 0 1 1265 1667 372 1708
8646 4 2 0 1 457 515 519 1366
8647 4 2 0 1 429 1361 364 1546
8648 4 2 0 1 250 303 249 1303
8649 4 2 0 1 525 527 588 1700
8650 4 2 0 1 1083 1594 1413 1694
8651 4 2 0 1 83 53 82 1352
8652 4 2 0 1 801 861 802 1585
8653 4 2 0 1 111 81 115 1601
8654 4 2 0 1 384 385 321 1552
8655 4 2 0 1 204 205 254 1706
8656 4 2 0 1 98 1689 96 1727
8657 4 2 0 1 94 1510 93 1759
8658 4 2 0 1 20 40 38 1527
8659 4 2 0 1 284 231 285 1328
8660 4 2 0 1 447 385 1276 1641
8661 4 2 0 1 496 432 497 1279
8662 4 2 0 1 539 1660 600 1659
8663 4 2 0 1 151 111 115 1601
8664 4 2 0 1 755 692 756 1591
8665 4 2 0 1 139 101 140 1657
8666 4 2 0 1 805 1608 863 1639
8667 4 2 0 1 585 586 523 1454
8668 4 2 0 1 805 1547 746 1608
8669 4 2 0 1 320 384 321 1552
8670 4 2 0 1 447 449 385 1641
8671 4 2 0 1 582 641 646 1533
8672 4 2 0 1 722 1694 723 659
8673 4 2 0 1 423 422 357 1708
8674 4 2 0 1 419 1367 418 1764
8675 4 2 0 1 718 1425 662 1732
8676 4 2 0 1 781 788 780 1216
8677 4 2 0 1 493 1603 1571 1619
8678 4 2 0 1 122 162 121 1256
8679 4 2 0 1 840 1356 877 1745
8680 4 2 0 1 746 744 682 1547
8681 4 2 0 1 900 951 899 1497
8682 4 2 0 1 205 206 207 1269
8683 4 2 0 1 1783 984 793 985
8684 4 2 0 1 874 920 1685 1752
8685 4 2 0 1 944 942 562 1765
8686 4 2 0 1 383 445 382 1455
8687 4 2 0 1 126 127 168 1697
8688 4 2 0 1 821 761 1680 1486
8689 4 2 0 1 1752 860 1585 861
8690 4 2 0 1 1094 1523 1604 1723
8691 4 2 0 1 868 928 929 1435
8692 4 2 0 1 403 337 338 1587
8693 4 2 0 1 272 1773 1624 220
8694 4 2 0 1 698 700 637 1568
8695 4 2 0 1 659 721 722 1594
8696 4 2 0 1 225 226 177 1504
8697 4 2 0 1 605 543 544 1589
8698 4 2 0 1 724 725 661 1333
8699 4 2 0 1 749 811 810 1284
8700 4 2 0 1 824 883 882 1644
8701 4 2 0 1 784 846 785 1594
8702 4 2 0 1 978 673 609 961
8703 4 2 0 1 309 310 372 1265
8704 4 2 0 1 692 1591 1431 1676
8705 4 2 0 1 1039 1554 1487 1754
8706 4 2 0 1 693 710 647 1733
8707 4 2 0 1 979 626 625 690
8708 4 2 0 1 970 935 934 1451
8709 4 2 0 1 1524 267 266 216
8710 4 2 0 1 241 294 240 1392
8711 4 2 0 1 28 27 12 1747
8712 4 2 0 1 254 295 241 1458
8713 4 2 0 1 81 1443 104 1442
8714 4 2 0 1 312 259 314 1674
8715 4 2 0 1 513 512 574 1365
8716 4 2 0 1 440 382 446 1455
8717 4 2 0 1 505 1762 442 1763
8718 4 2 0 1 571 573 511 1412
8719 4 2 0 1 479 418 419 1367
8720 4 2 0 1 1705 1635 1300 1144
8721 4 2 0 1 100 69 101 1388
8722 4 2 0 1 362 427 371 1423
8723 4 2 0 1 421 355 356 1119
8724 4 2 0 1 833 827 830 1669
8725 4 2 0 1 601 1659 600 1750
8726 4 2 0 1 317 320 1552 1505
8727 4 2 0 1 79 78 1578 1717
8728 4 2 0 1 395 444 381 1386
8729 4 2 0 1 816 876 834 1355
8730 4 2 0 1 649 586 648 1454
8731 4 2 0 1 978 610 673 674
8732 4 2 0 1 306 305 251 1620
8733 4 2 0 1 471 528 465 1643
8734 4 2 0 1 220 219 391 172
8735 4 2 0 1 900 899 842 1577
8736 4 2 0 1 524 462 523 1316
8737 4 2 0 1 184 178 227 1453
8738 4 2 0 1 741 678 677 1707
8739 4 2 0 1 67 42 68 1556
8740 4 2 0 1 708 707 644 1347
8741 4 2 0 1 493 431 1603 1619
8742 4 2 0 1 272 1773 220 219
8743 4 2 0 1 760 821 820 1486
8744 4 2 0 1 157 200 156 1324
8745 4 2 0 1 430 1545 429 1546
8746 4 2 0 1 47 48 75 1713
8747 4 2 0 1 742 679 678 1439
8748 4 2 0 1 765 827 772 1746
8749 4 2 0 1 486 1168 500 1765
8750 4 2 0 1 1544 1596 1161 1704
8751 4 2 0 1 81 52 72 1135
8752 4 2 0 1 748 685 749 1390
8753 4 2 0 1 40 42 1364 22
8754 4 2 0 1 1752 860 861 920
8755 4 2 0 1 162 161 120 1256
8756 4 2 0 1 462 466 404 1681
8757 4 2 0 1 1 8 7 1566
8758 4 2 0 1 192 191 149 1607
8759 4 2 0 1 554 491 539 1559
8760 4 2 0 1 535 598 591 1643
8761 4 2 0 1 382 445 446 1455
8762 4 2 0 1 458 455 517 1693
8763 4 2 0 1 398 333 397 1711
8764 4 2 0 1 443 448 384 1276
8765 4 2 0 1 168 1509 210 1697
8766 4 2 0 1 134 131 173 1255
8767 4 2 0 1 612 554 617 1659
8768 4 2 0 1 894 895 838 1461
8769 4 2 0 1 1003 1570 1465 1069
8770 4 2 0 1 485 486 548 1385
8771 4 2 0 1 52 45 72 1379
8772 4 2 0 1 657 594 593 1375
8773 4 2 0 1 469 408 407 1535
8774 4 2 0 1 493 555 1571 1603
8775 4 2 0 1 977 944 942 625
8776 4 2 0 1 657 720 658 1528
8777 4 2 0 1 610 977 611 674
8778 4 2 0 1 1781 193 195 1785
8779 4 2 0 1 1766 1438 1786 265
8780 4 2 0 1 640 702 701 1445
8781 4 2 0 1 363 301 350 1414
8782 4 2 0 1 236 288 235 1328
8783 4 2 0 1 448 510 447 1253
8784 4 2 0 1 411 472 410 1332
8785 4 2 0 1 492 1545 493 1571
8786 4 2 0 1 931 1461 894 1719
8787 4 2 0 1 198 203 159 1614
8788 4 2 0 1 64 94 66 1721
8789 4 2 0 1 653 590 654 1475
8790 4 2 0 1 341 405 406 1523
8791 4 2 0 1 12 27 11 1627
8792 4 2 0 1 184 227 233 1411
8793 4 2 0 1 649 712 713 1467
8794 4 2 0 1 142 184 143 1518
8795 4 2 0 1 701 702 705 1445
8796 4 2 0 1 745 681 744 1427
8797 4 2 0 1 217 1767 1791 171
8798 4 2 0 1 777 782 719 1358
8799 4 2 0 1 129 128 171 1524
8800 4 2 0 1 468 407 406 1094
8801 4 2 0 1 53 51 80 1352
8802 4 2 0 1 813 874 812 1532
8803 4 2 0 1 419 482 481 1370
8804 4 2 0 1 1685 1268 1077 1752
8805 4 2 0 1 402 401 336 1587
8806 4 2 0 1 661 600 1750 663
8807 4 2 0 1 995 869 867 808
8808 4 2 0 1 726 1216 781 1732
8809 4 2 0 1 591 655 654 1475
8810 4 2 0 1 200 199 156 1324
8811 4 2 0 1 644 632 583 1536
8812 4 2 0 1 116 118 83 1352
8813 4 2 0 1 223 228 277 1398
8814 4 2 0 1 187 188 1308 1690
8815 4 2 0 1 805 744 746 1547
8816 4 2 0 1 538 476 475 1351
8817 4 2 0 1 557 494 495 1472
8818 4 2 0 1 473 413 474 1424
8819 4 2 0 1 23 8 1485 1364
8820 4 2 0 1 398 334 333 1711
8821 4 2 0 1 257 208 248 1440
8822 4 2 0 1 1066 1510 1721 1759
8823 4 2 0 1 25 13 10 1561
8824 4 2 0 1 237 1308 188 1563
8825 4 2 0 1 433 497 432 1279
8826 4 2 0 1 596 595 659 1413
8827 4 2 0 1 464 527 525 1700
8828 4 2 0 1 32 28 15 1747
8829 4 2 0 1 62 1510 64 1511
8830 4 2 0 1 581 517 518 1693
8831 4 2 0 1 1309 1680 761 1486
8832 4 2 0 1 45 71 72 1379
8833 4 2 0 1 302 303 364 1592
8834 4 2 0 1 9 2 11 1627
8835 4 2 0 1 729 666 667 1574
8836 4 2 0 1 711 710 773 1612
8837 4 2 0 1 220 173 172 1663
8838 4 2 0 1 977 944 625 979
8839 4 2 0 1 662 602 665 1683
8840 4 2 0 1 460 398 397 1711
8841 4 2 0 1 572 569 632 1536
8842 4 2 0 1 566 504 502 1664
8843 4 2 0 1 869 1000 995 999
8844 4 2 0 1 948 893 947 1719
8845 4 2 0 1 914 960 671 672
8846 4 2 0 1 769 706 768 1403
8847 4 2 0 1 861 813 802 1752
8848 4 2 0 1 16 33 15 1368
8849 4 2 0 1 73 106 105 1470
8850 4 2 0 1 478 540 477 1424
8851 4 2 0 1 462 524 466 1681
8852 4 2 0 1 607 606 544 1589
8853 4 2 0 1 794 1794 792 732
8854 4 2 0 1 396 444 395 1386
8855 4 2 0 1 397 333 332 1452
8856 4 2 0 1 988 1774 815 799
8857 4 2 0 1 433 369 434 1597
8858 4 2 0 1 40 65 63 1728
8859 4 2 0 1 52 78 50 1717
8860 4 2 0 1 110 149 109 1315
8861 4 2 0 1 745 744 804 1427
8862 4 2 0 1 465 528 526 1580
8863 4 2 0 1 594 532 531 1375
8864 4 2 0 1 1327 412 347 346
8865 4 2 0 1 254 241 204 1706
8866 4 2 0 1 1785 195 1781 246
8867 4 2 0 1 1773 1663 1624 220
8868 4 2 0 1 343 408 349 1638
8869 4 2 0 1 823 761 762 1309
8870 4 2 0 1 739 743 800 1521
8871 4 2 0 1 463 464 525 1700
8872 4 2 0 1 458 396 393 1691
8873 4 2 0 1 709 703 1449 1699
8874 4 2 0 1 709 1449 765 1746
8875 4 2 0 1 288 289 351 1646
8876 4 2 0 1 226 227 178 1453
8877 4 2 0 1 1664 565 501 502
8878 4 2 0 1 812 874 873 1532
8879 4 2 0 1 20 1566 7 8
8880 4 2 0 1 62 37 1437 1511
8881 4 2 0 1 846 847 785 1696
8882 4 2 0 1 381 384 320 1505
8883 4 2 0 1 773 816 834 1688
8884 4 2 0 1 763 825 764 1434
8885 4 2 0 1 258 312 313 1552
8886 4 2 0 1 499 435 490 1207
8887 4 2 0 1 1440 164 163 208
8888 4 2 0 1 675 617 680 1695
8889 4 2 0 1 237 236 187 1308
8890 4 2 0 1 98 96 67 1727
8891 4 2 0 1 7 20 19 1401
8892 4 2 0 1 1440 163 164 1256
8893 4 2 0 1 34 33 16 1514
8894 4 2 0 1 526 527 464 1580
8895 4 2 0 1 712 711 774 1612
8896 4 2 0 1 574 638 579 1480
8897 4 2 0 1 530 467 466 1604
8898 4 2 0 1 726 662 1683 1732
8899 4 2 0 1 293 356 355 1119
8900 4 2 0 1 663 725 727 1750
8901 4 2 0 1 545 607 544 1451
8902 4 2 0 1 92 1254 129 93
8903 4 2 0 1 695 644 707 1347
8904 4 2 0 1 16 15 5 1368
8905 4 2 0 1 558 620 557 1636
8906 4 2 0 1 724 660 723 1694
8907 4 2 0 1 113 79 114 1578
8908 4 2 0 1 706 643 705 1399
8909 4 2 0 1 477 474 416 1424
8910 4 2 0 1 256 207 257 1378
8911 4 2 0 1 339 344 403 1428
8912 4 2 0 1 677 676 740 1473
8913 4 2 0 1 647 1155 584 1733
8914 4 2 0 1 68 42 43 1556
8915 4 2 0 1 23 1485 24 1623
8916 4 2 0 1 48 76 75 1666
8917 4 2 0 1 865 864 804 1493
8918 4 2 0 1 671 914 672 734
8919 4 2 0 1 103 72 71 1443
8920 4 2 0 1 861 801 860 1585
8921 4 2 0 1 37 1511 39 1758
8922 4 2 0 1 845 903 902 1508
8923 4 2 0 1 948 894 893 1719
8924 4 2 0 1 95 63 65 1727
8925 4 2 0 1 305 250 251 1531
8926 4 2 0 1 500 1168 1483 1765
8927 4 2 0 1 307 252 253 1687
8928 4 2 0 1 473 536 472 1332
8929 4 2 0 1 808 995 1000 996
8930 4 2 0 1 282 228 283 1605
8931 4 2 0 1 223 179 228 1398
8932 4 2 0 1 1377 6 14 1235
8933 4 2 0 1 294 293 240 1393
8934 4 2 0 1 866 863 805 1608
8935 4 2 0 1 500 1483 563 1765
8936 4 2 0 1 521 1679 460 1762
8937 4 2 0 1 742 688 679 1439
8938 4 2 0 1 1773 1663 220 391
8939 4 2 0 1 463 525 1658 1700
8940 4 2 0 1 440 378 382 1737
8941 4 2 0 1 369 368 306 1416
8942 4 2 0 1 1105 1494 1480 1062
8943 4 2 0 1 395 331 396 1452
8944 4 2 0 1 545 608 607 1451
8945 4 2 0 1 1377 14 6 18
8946 4 2 0 1 835 834 891 1564
8947 4 2 0 1 23 8 9 1485
8948 4 2 0 1 776 714 713 1573
8949 4 2 0 1 374 1551 375 1736
8950 4 2 0 1 469 532 533 1535
8951 4 2 0 1 587 529 524 1681
8952 4 2 0 1 1417 582 1533 1198
8953 4 2 0 1 73 105 102 1470
8954 4 2 0 1 1451 547 609 971
8955 4 2 0 1 691 755 693 1431
8956 4 2 0 1 680 664 727 1750
8957 4 2 0 1 808 1000 753 996
8958 4 2 0 1 905 924 904 1575
8959 4 2 0 1 10 21 25 1561
8960 4 2 0 1 143 155 115 1491
8961 4 2 0 1 806 745 804 1493
8962 4 2 0 1 803 800 743 1521
8963 4 2 0 1 993 972 973 1575
8964 4 2 0 1 388 387 452 1562
8965 4 2 0 1 116 156 118 1352
8966 4 2 0 1 706 705 767 1403
8967 4 2 0 1 312 314 375 1551
8968 4 2 0 1 121 120 85 1256
8969 4 2 0 1 459 444 396 1671
8970 4 2 0 1 601 600 663 1750
8971 4 2 0 1 891 876 932 1354
8972 4 2 0 1 298 243 297 1423
8973 4 2 0 1 776 1573 713 1476
8974 4 2 0 1 486 500 549 1765
8975 4 2 0 1 964 1774 799 798
8976 4 2 0 1 266 267 1524 324
8977 4 2 0 1 1770 855 795 1782
8978 4 2 0 1 996 753 808 747
8979 4 2 0 1 971 935 970 1451
8980 4 2 0 1 251 199 200 1531
8981 4 2 0 1 428 424 363 1414
8982 4 2 0 1 202 253 252 1687
8983 4 2 0 1 417 477 416 1424
8984 4 2 0 1 953 1796 1779 954
8985 4 2 0 1 372 310 373 1667
8986 4 2 0 1 403 344 409 1428
8987 4 2 0 1 172 173 130 1692
8988 4 2 0 1 84 110 77 1684
8989 4 2 0 1 707 770 758 1065
8990 4 2 0 1 329 394 332 1452
8991 4 2 0 1 243 244 1780 298
8992 4 2 0 1 709 1490 708 1699
8993 4 2 0 1 152 1781 193 195
8994 4 2 0 1 492 555 500 1571
8995 4 2 0 1 805 746 807 1608
8996 4 2 0 1 709 765 772 1746
8997 4 2 0 1 436 1408 423 1708
8998 4 2 0 1 928 931 948 1719
8999 4 2 0 1 701 705 643 1399
9000 4 2 0 1 536 537 598 1730
9001 4 2 0 1 480 542 479 1367
9002 4 2 0 1 775 835 836 1476
9003 4 2 0 1 121 162 120 1256
9004 4 2 0 1 239 240 292 1606
9005 4 2 0 1 239 292 238 1301
9006 4 2 0 1 1536 520 569 583
9007 4 2 0 1 887 888 829 1483
9008 4 2 0 1 722 784 785 1594
9009 4 2 0 1 473 472 411 1332
9010 4 2 0 1 495 494 431 1472
9011 4 2 0 1 862 920 860 1268
9012 4 2 0 1 1701 1013 1160 1459
9013 4 2 0 1 153 154 1789 196
9014 4 2 0 1 526 590 589 1475
9015 4 2 0 1 657 658 594 1528
9016 4 2 0 1 282 277 228 1605
9017 4 2 0 1 557 620 618 1636
9018 4 2 0 1 871 895 931 1461
9019 4 2 0 1 693 647 630 1733
9020 4 2 0 1 402 409 465 1581
9021 4 2 0 1 240 192 241 1392
9022 4 2 0 1 777 839 782 1358
9023 4 2 0 1 347 284 285 1328
9024 4 2 0 1 125 128 92 1524
9025 4 2 0 1 247 297 243 1423
9026 4 2 0 1 355 420 354 1586
9027 4 2 0 1 869 1000 999 814
9028 4 2 0 1 250 304 303 1598
9029 4 2 0 1 898 840 841 1745
9030 4 2 0 1 341 406 342 1523
9031 4 2 0 1 505 442 441 1763
9032 4 2 0 1 628 631 692 1676
9033 4 2 0 1 292 240 293 1393
9034 4 2 0 1 94 1721 1510 1759
9035 4 2 0 1 237 187 188 1308
9036 4 2 0 1 375 374 312 1551
9037 4 2 0 1 406 467 468 1604
9038 4 2 0 1 429 373 364 1361
9039 4 2 0 1 460 461 398 1679
9040 4 2 0 1 436 1667 373 1579
9041 4 2 0 1 381 443 384 1505
9042 4 2 0 1 777 719 714 1160
9043 4 2 0 1 452 454 388 1562
9044 4 2 0 1 286 343 349 1638
9045 4 2 0 1 189 239 238 1563
9046 4 2 0 1 103 104 72 1443
9047 4 2 0 1 145 189 188 1690
9048 4 2 0 1 417 478 477 1424
9049 4 2 0 1 386 1641 449 1334
9050 4 2 0 1 1796 952 1768 953
9051 4 2 0 1 662 718 655 1425
9052 4 2 0 1 845 844 782 1537
9053 4 2 0 1 23 9 24 1485
9054 4 2 0 1 869 1000 814 808
9055 4 2 0 1 453 388 454 1562
9056 4 2 0 1 493 494 555 1603
9057 4 2 0 1 79 50 78 1717
9058 4 2 0 1 1077 1268 1585 1752
9059 4 2 0 1 677 614 676 1473
9060 4 2 0 1 290 289 237 1287
9061 4 2 0 1 584 568 630 1733
9062 4 2 0 1 17 18 35 1377
9063 4 2 0 1 1451 609 547 608
9064 4 2 0 1 676 675 739 1695
9065 4 2 0 1 1795 1794 792 853
9066 4 2 0 1 309 254 255 1458
9067 4 2 0 1 538 475 534 1760
9068 4 2 0 1 710 711 647 1615
9069 4 2 0 1 820 879 825 1602
9070 4 2 0 1 1776 733 732 794
9071 4 2 0 1 469 533 470 1535
9072 4 2 0 1 1611 1122 1481 1072
9073 4 2 0 1 373 429 436 1579
9074 4 2 0 1 397 394 442 1452
9075 4 2 0 1 158 201 157 1578
9076 4 2 0 1 614 615 552 1540
9077 4 2 0 1 585 648 586 1454
9078 4 2 0 1 112 79 78 1578
9079 4 2 0 1 273 332 333 1624
9080 4 2 0 1 151 1781 152 1687
9081 4 2 0 1 995 982 869 999
9082 4 2 0 1 76 48 49 1666
9083 4 2 0 1 922 921 951 1497
9084 4 2 0 1 554 601 617 1659
9085 4 2 0 1 235 288 285 1328
9086 4 2 0 1 43 24 44 1623
9087 4 2 0 1 470 533 534 1760
9088 4 2 0 1 590 526 528 1475
9089 4 2 0 1 493 431 494 1603
9090 4 2 0 1 597 600 538 1660
9091 4 2 0 1 703 704 765 1449
9092 4 2 0 1 130 131 93 1759
9093 4 2 0 1 600 601 539 1659
9094 4 2 0 1 337 403 336 1587
9095 4 2 0 1 931 895 894 1461
9096 4 2 0 1 172 1775 218 219
9097 4 2 0 1 87 121 86 1498
9098 4 2 0 1 81 104 115 1442
9099 4 2 0 1 54 77 49 1684
9100 4 2 0 1 594 531 593 1375
9101 4 2 0 1 168 169 212 1509
9102 4 2 0 1 659 595 658 1413
9103 4 2 0 1 74 75 107 1713
9104 4 2 0 1 880 821 822 1680
9105 4 2 0 1 744 805 804 1639
9106 4 2 0 1 111 151 152 1687
9107 4 2 0 1 396 458 459 1671
9108 4 2 0 1 456 390 391 1663
9109 4 2 0 1 468 467 530 1604
9110 4 2 0 1 709 772 771 1746
9111 4 2 0 1 152 1781 195 1772
9112 4 2 0 1 129 92 128 1524
9113 4 2 0 1 201 200 157 1578
9114 4 2 0 1 765 709 703 1449
9115 4 2 0 1 1793 1768 875 919
9116 4 2 0 1 272 1773 219 271
9117 4 2 0 1 172 1775 219 391
9118 4 2 0 1 606 605 544 1589
9119 4 2 0 1 187 145 188 1690
9120 4 2 0 1 768 706 767 1403
9121 4 2 0 1 902 862 846 1696
9122 4 2 0 1 866 868 926 1435
9123 4 2 0 1 726 718 662 1732
9124 4 2 0 1 391 326 1775 1773
9125 4 2 0 1 877 817 818 1686
9126 4 2 0 1 423 486 485 1408
9127 4 2 0 1 248 249 302 1507
9128 4 2 0 1 147 108 148 1755
9129 4 2 0 1 842 843 901 1577
9130 4 2 0 1 455 458 393 1691
9131 4 2 0 1 348 1327 347 1328
9132 4 2 0 1 878 879 820 1602
9133 4 2 0 1 397 332 394 1452
9134 4 2 0 1 756 816 755 1430
9135 4 2 0 1 920 902 903 1685
9136 4 2 0 1 323 322 387 1438
9137 4 2 0 1 497 561 560 1631
9138 4 2 0 1 771 770 707 1637
9139 4 2 0 1 554 612 550 1559
9140 4 2 0 1 904 849 905 1575
9141 4 2 0 1 1552 317 261 264
9142 4 2 0 1 365 429 364 1546
9143 4 2 0 1 849 904 850 1575
9144 4 2 0 1 839 896 845 1508
9145 4 2 0 1 783 782 844 1537
9146 4 2 0 1 20 1566 8 1364
9147 4 2 0 1 23 24 43 1623
9148 4 2 0 1 15 12 5 1747
9149 4 2 0 1 212 260 210 1509
9150 4 2 0 1 423 357 372 1708
9151 4 2 0 1 1611 1481 1122 1127
9152 4 2 0 1 403 402 336 1587
9153 4 2 0 1 434 499 498 1466
9154 4 2 0 1 572 510 569 1613
9155 4 2 0 1 1779 930 911 927
9156 4 2 0 1 191 192 240 1606
9157 4 2 0 1 288 351 348 1646
9158 4 2 0 1 874 861 920 1752
9159 4 2 0 1 633 570 588 1420
9160 4 2 0 1 330 331 395 1452
9161 4 2 0 1 574 516 513 1365
9162 4 2 0 1 314 259 260 1674
9163 4 2 0 1 223 276 222 1609
9164 4 2 0 1 616 615 678 1707
9165 4 2 0 1 417 353 418 1462
9166 4 2 0 1 537 599 598 1730
9167 4 2 0 1 903 874 920 1685
9168 4 2 0 1 969 959 970 1589
9169 4 2 0 1 625 611 977 674
9170 4 2 0 1 728 788 726 1216
9171 4 2 0 1 806 804 864 1493
9172 4 2 0 1 311 302 364 1592
9173 4 2 0 1 944 887 942 1765
9174 4 2 0 1 931 894 948 1719
9175 4 2 0 1 254 309 295 1458
9176 4 2 0 1 1055 1660 1659 1750
9177 4 2 0 1 747 753 690 997
9178 4 2 0 1 847 846 862 1696
9179 4 2 0 1 469 470 408 1535
9180 4 2 0 1 420 355 421 1350
9181 4 2 0 1 79 112 114 1578
9182 4 2 0 1 659 660 596 1694
9183 4 2 0 1 19 37 39 1758
9184 4 2 0 1 550 491 554 1559
9185 4 2 0 1 914 961 960 672
9186 4 2 0 1 62 37 61 1437
9187 4 2 0 1 377 376 441 1505
9188 4 2 0 1 434 369 370 1597
9189 4 2 0 1 469 531 532 1094
9190 4 2 0 1 757 818 817 1686
9191 4 2 0 1 365 430 429 1546
9192 4 2 0 1 260 315 314 1674
9193 4 2 0 1 960 609 671 672
9194 4 2 0 1 747 996 753 997
9195 4 2 0 1 176 220 224 1663
9196 4 2 0 1 430 493 1545 1619
9197 4 2 0 1 869 1000 808 995
9198 4 2 0 1 889 945 940 1665
9199 4 2 0 1 65 67 96 1727
9200 4 2 0 1 922 951 900 1497
9201 4 2 0 1 804 805 863 1639
9202 4 2 0 1 504 439 502 1664
9203 4 2 0 1 356 357 422 1119
9204 4 2 0 1 430 493 492 1545
9205 4 2 0 1 250 305 304 1598
9206 4 2 0 1 691 692 755 1431
9207 4 2 0 1 250 199 251 1531
9208 4 2 0 1 313 377 316 1505
9209 4 2 0 1 130 1692 131 1759
9210 4 2 0 1 489 490 427 1207
9211 4 2 0 1 461 521 522 1679
9212 4 2 0 1 733 734 913 670
9213 4 2 0 1 181 139 182 1657
9214 4 2 0 1 78 52 81 1135
9215 4 2 0 1 647 648 585 1615
9216 4 2 0 1 1752 860 920 1268
9217 4 2 0 1 187 186 144 1499
9218 4 2 0 1 1696 1594 844 1537
9219 4 2 0 1 130 173 131 1692
9220 4 2 0 1 34 56 33 1514
9221 4 2 0 1 835 891 892 1564
9222 4 2 0 1 868 929 926 1435
9223 4 2 0 1 479 542 541 1367
9224 4 2 0 1 840 877 818 1745
9225 4 2 0 1 571 634 573 1412
9226 4 2 0 1 74 47 75 1713
9227 4 2 0 1 673 987 978 674
9228 4 2 0 1 62 64 39 1511
9229 4 2 0 1 150 160 192 1402
9230 4 2 0 1 403 409 402 1581
9231 4 2 0 1 884 883 824 1644
9232 4 2 0 1 61 93 62 1437
9233 4 2 0 1 286 233 281 1222
9234 4 2 0 1 344 282 345 1557
9235 4 2 0 1 961 673 609 672
9236 4 2 0 1 663 664 601 1750
9237 4 2 0 1 507 445 463 1658
9238 4 2 0 1 774 711 773 1612
9239 4 2 0 1 570 525 588 1420
9240 4 2 0 1 419 418 354 1764
9241 4 2 0 1 350 349 414 1611
9242 4 2 0 1 521 461 460 1679
9243 4 2 0 1 156 198 159 1614
9244 4 2 0 1 526 464 465 1580
9245 4 2 0 1 580 583 520 1718
9246 4 2 0 1 137 99 138 1502
9247 4 2 0 1 147 148 190 1755
9248 4 2 0 1 167 211 1766 209
9249 4 2 0 1 84 77 54 1684
9250 4 2 0 1 845 896 903 1508
9251 4 2 0 1 697 758 699 1704
9252 4 2 0 1 775 1467 713 712
9253 4 2 0 1 500 555 563 1483
9254 4 2 0 1 224 220 273 1624
9255 4 2 0 1 528 591 1475 1643
9256 4 2 0 1 56 34 57 1514
9257 4 2 0 1 60 37 38 1758
9258 4 2 0 1 673 978 987 961
9259 4 2 0 1 52 50 30 1513
9260 4 2 0 1 94 62 93 1510
9261 4 2 0 1 430 492 429 1545
9262 4 2 0 1 450 452 387 1724
9263 4 2 0 1 87 122 121 1498
9264 4 2 0 1 20 8 22 1364
9265 4 2 0 1 781 726 788 1216
9266 4 2 0 1 678 615 677 1707
9267 4 2 0 1 238 188 189 1563
9268 4 2 0 1 93 131 94 1759
9269 4 2 0 1 989 689 977 674
9270 4 2 0 1 135 134 177 1642
9271 4 2 0 1 176 177 134 1642
9272 4 2 0 1 778 840 818 1745
9273 4 2 0 1 504 505 441 1763
9274 4 2 0 1 901 900 842 1577
9275 4 2 0 1 148 149 191 1607
9276 4 2 0 1 789 728 729 1574
9277 4 2 0 1 313 376 377 1505
9278 4 2 0 1 192 160 204 1402
9279 4 2 0 1 212 210 168 1509
9280 4 2 0 1 776 713 775 1476
9281 4 2 0 1 137 138 180 1502
9282 4 2 0 1 561 624 560 1631
9283 4 2 0 1 222 175 223 1609
9284 4 2 0 1 888 945 889 1665
9285 4 2 0 1 1696 844 1594 846
9286 4 2 0 1 1773 328 326 270
9287 4 2 0 1 430 366 431 1619
9288 4 2 0 1 652 590 653 1475
9289 4 2 0 1 344 339 282 1557
9290 4 2 0 1 1774 858 917 918
9291 4 2 0 1 182 140 183 1657
9292 4 2 0 1 2 12 11 1627
9293 4 2 0 1 272 273 220 1624
9294 4 2 0 1 38 37 19 1758
9295 4 2 0 1 500 563 562 1765
9296 4 2 0 1 689 625 977 674
9297 4 2 0 1 589 590 652 1475
9298 4 2 0 1 666 729 728 1574
9299 4 2 0 1 42 67 65 1728
9300 4 2 0 1 541 599 540 1730
9301 4 2 0 1 339 338 277 1756
9302 4 2 0 1 137 179 136 1689
9303 4 2 0 1 675 680 739 1695
9304 4 2 0 1 524 529 466 1681
9305 4 2 0 1 813 861 874 1752
9306 4 2 0 1 436 486 423 1408
9307 4 2 0 1 62 39 37 1511
9308 4 2 0 1 94 64 62 1510
9309 4 2 0 1 356 422 421 1119
9310 4 2 0 1 24 26 44 1623
9311 4 2 0 1 429 492 436 1579
9312 4 2 0 1 1100 1582 1560 1389
9313 4 2 0 1 417 352 353 1462
9314 4 2 0 1 442 505 460 1762
9315 4 2 0 1 756 692 694 1591
9316 4 2 0 1 661 600 597 1660
9317 4 2 0 1 866 805 807 1608
9318 4 2 0 1 182 139 140 1657
9319 4 2 0 1 852 1783 791 1795
9320 4 2 0 1 851 793 791 1783
9321 4 2 0 1 258 259 312 1552
9322 4 2 0 1 552 615 553 1540
9323 4 2 0 1 436 423 372 1708
9324 4 2 0 1 648 647 711 1615
9325 4 2 0 1 173 220 176 1663
9326 4 2 0 1 726 781 718 1732
9327 4 2 0 1 273 272 332 1624
9328 4 2 0 1 94 97 66 1721
9329 4 2 0 1 122 87 123 1498
9330 4 2 0 1 96 95 65 1727
9331 4 2 0 1 475 414 470 1760
9332 4 2 0 1 722 721 784 1594
9333 4 2 0 1 778 841 840 1745
9334 4 2 0 1 625 977 979 689
9335 4 2 0 1 374 376 312 1551
9336 4 2 0 1 468 531 469 1094
9337 4 2 0 1 1783 791 851 852
9338 4 2 0 1 528 471 535 1643
9339 4 2 0 1 435 427 490 1207
9340 4 2 0 1 580 517 581 1718
9341 4 2 0 1 354 420 419 1764
9342 4 2 0 1 15 28 12 1747
9343 4 2 0 1 723 660 659 1694
9344 4 2 0 1 354 291 355 1586
9345 4 2 0 1 71 66 97 1721
9346 4 2 0 1 23 22 8 1364
9347 4 2 0 1 492 493 555 1571
9348 4 2 0 1 996 1000 753 997
9349 4 2 0 1 493 430 431 1619
9350 4 2 0 1 625 979 690 689
9351 4 2 0 1 584 630 647 1733
9352 4 2 0 1 753 690 997 689
9353 4 2 0 1 665 726 662 1683
9354 4 2 0 1 237 188 238 1563
9355 4 2 0 1 440 1736 375 1737
9356 4 2 0 1 475 470 534 1760
9357 4 2 0 1 537 540 599 1730
9358 4 2 0 1 979 980 690 997
9359 4 2 0 1 987 977 978 674
9360 4 2 0 1 977 979 689 989
9361 4 2 0 1 513 516 454 1538
9362 4 2 0 1 191 240 239 1606
9363 4 2 0 1 822 881 880 1680
9364 4 2 0 1 663 727 664 1750
9365 4 2 0 1 521 460 505 1762
9366 4 2 0 1 1386 316 377 1505
9367 4 2 0 1 689 997 753 998
9368 4 2 0 1 386 450 387 1724
9369 4 2 0 1 378 375 314 1737
9370 4 2 0 1 854 851 906 1790
9371 4 2 0 1 753 814 1000 808
9372 4 2 0 1 440 375 378 1737
9373 4 2 0 1 689 989 738 674
9374 4 2 0 1 515 454 516 1538
9375 4 2 0 1 270 1775 269 326
9376 4 2 0 1 468 469 407 1094
9377 4 2 0 1 98 137 136 1689
9378 4 2 0 1 331 271 328 1624
9379 4 2 0 1 754 998 1000 990
9380 4 2 0 1 463 525 507 1658
9381 4 2 0 1 65 40 42 1728
9382 4 2 0 1 987 977 674 989
9383 4 2 0 1 809 748 749 1653
9384 4 2 0 1 528 535 591 1643
9385 4 2 0 1 500 562 549 1765
9386 4 2 0 1 331 328 393 1624
9387 4 2 0 1 646 709 708 1699
9388 4 2 0 1 754 1000 814 990
9389 4 2 0 1 554 539 601 1659
9390 4 2 0 1 749 810 809 1653
9391 4 2 0 1 646 703 709 1699
9392 4 2 0 1 998 1000 753 754
9393 4 2 0 1 738 998 989 689
9394 4 2 0 1 1776 913 733 1782
9395 4 2 0 1 520 517 580 1718
9396 4 2 0 1 962 673 961 672
9397 4 2 0 1 907 906 851 1790
9398 4 2 0 1 997 690 979 689
9399 4 2 0 1 1795 730 1794 957
9400 4 2 0 1 1790 851 907 908
9401 4 2 0 1 438 374 375 1736
9402 4 2 0 1 753 689 998 754
9403 4 2 0 1 1774 859 858 918
9404 4 2 0 1 1560 1582 1100 1296
9405 4 2 0 1 962 736 673 672
9406 4 2 0 1 997 1000 753 998
9407 4 2 0 1 1000 814 753 754
9408 4 2 0 1 989 979 689 998
9409 4 2 0 1 963 989 738 988
9410 4 2 0 1 988 1774 799 964
9411 4 2 0 1 775 1467 774 1476
9412 4 2 0 1 196 1789 153 1772
9413 4 2 0 1 738 998 689 754
9414 4 2 0 1 390 393 328 1624
9415 4 2 0 1 961 987 673 962
9416 4 2 0 1 989 987 738 674
9417 4 2 0 1 979 997 689 998
9418 4 2 0 1 988 738 963 799
9419 4 2 0 1 1268 1190 1696 1685
9420 4 2 0 1 738 998 988 989
9421 4 2 0 1 987 737 673 962
9422 4 2 0 1 1505 261 316 313
9423 4 2 0 1 794 1794 732 1776
9424 4 2 0 1 672 914 735 734
9425 4 2 0 1 1768 999 982 981
9426 4 2 0 1 1696 862 1268 1685
9427 4 2 0 1 1524 126 166 1438
9428 4 2 0 1 988 1774 964 965
9429 4 2 0 1 962 1787 736 672
9430 4 2 0 1 962 1787 672 914
9431 4 2 0 1 673 737 736 962
9432 4 2 0 1 961 914 962 672
9433 4 2 0 1 858 798 1784 797
9434 4 2 0 1 907 1771 906 1797
9435 4 2 0 1 1524 166 126 125
9436 4 2 0 1 738 998 754 988
9437 4 2 0 1 1000 999 814 990
9438 4 2 0 1 917 1784 964 916
9439 4 2 0 1 1129 360 1414 359
9440 4 2 0 1 1785 193 195 242
9441 4 2 0 1 270 1775 218 269
9442 4 2 0 1 438 375 440 1736
9443 4 2 0 1 1796 982 954 981
9444 4 2 0 1 1776 912 855 910
9445 4 2 0 1 754 738 988 799
9446 4 2 0 1 738 987 989 963
9447 4 2 0 1 998 754 988 990
9448 4 2 0 1 963 738 987 737
9449 4 2 0 1 1129 1414 360 425
9450 4 2 0 1 737 987 963 962
9451 4 2 0 1 672 1787 736 735
9452 4 2 0 1 1770 914 856 913
9453 4 2 0 1 211 1766 170 167
9454 4 2 0 1 795 734 1770 1782
9455 4 2 0 1 672 1787 735 914
9456 4 2 0 1 358 1780 299 362
9457 4 2 0 1 1775 326 268 269
9458 4 2 0 1 424 1414 360 359
9459 4 2 0 1 1777 1778 242 296
9460 4 2 0 1 990 1793 991 999
9461 4 2 0 1 738 963 799 737
9462 4 2 0 1 798 964 963 799
9463 4 2 0 1 195 1772 153 152
9464 4 2 0 1 775 1467 712 774
9465 4 2 0 1 424 360 1414 425
9466 4 2 0 1 990 1788 814 815
9467 4 2 0 1 963 736 737 962
9468 4 2 0 1 269 1791 217 268
9469 4 2 0 1 990 1793 999 814
9470 4 2 0 1 171 217 1767 216
9471 4 2 0 1 1489 1672 1095 1668
9472 4 2 0 1 196 195 246 1781
9473 4 2 0 1 963 736 962 916
9474 4 2 0 1 754 814 815 990
9475 4 2 0 1 1776 733 795 1782
9476 4 2 0 1 1788 988 815 990
9477 4 2 0 1 1788 988 990 965
9478 4 2 0 1 815 988 754 990
9479 4 2 0 1 815 754 988 799
9480 4 2 0 1 964 988 963 799
9481 4 2 0 1 217 1791 267 268
9482 4 2 0 1 799 963 798 737
9483 4 2 0 1 1095 1672 1489 1242
9484 4 2 0 1 1792 962 736 916
9485 4 2 0 1 1540 490 499 553
9486 4 2 0 1 853 1795 852 792
9487 4 2 0 1 1751 1019 1342 1134
9488 4 2 0 1 242 245 1777 296
9489 4 2 0 1 795 733 1776 794
9490 4 2 0 1 1776 853 855 794
9491 4 2 0 1 1431 1019 1396 1124
9492 4 2 0 1 1431 1396 1019 1305
9493 4 2 0 1 1549 1350 1341 1034
9494 4 2 0 1 1549 1341 1350 1111
9495 4 2 0 1 1565 1016 1065 1290
9496 4 2 0 1 1563 1157 1079 1397
9497 4 2 0 1 1563 1079 1157 1301
9498 4 2 0 1 1121 1726 1230 1011
9499 4 2 0 1 1230 1726 1121 1114
9500 4 2 0 1 1672 1149 1442 1052
9501 4 2 0 1 1672 1442 1149 1360
9502 4 2 0 1 575 1229 1146 514
9503 4 2 0 1 1146 1229 575 1365
9504 4 2 0 1 1146 512 575 514
9505 4 2 0 1 575 512 1146 1365
9506 4 2 0 1 1020 1590 1153 1270
9507 4 2 0 1 1590 1153 1270 832
9508 4 2 0 1 1644 882 823 1629
9509 4 2 0 1 170 167 1524 128
9510 4 2 0 1 1751 1342 1019 1396
9511 4 2 0 1 1644 823 882 824
9512 4 2 0 1 1016 1067 1320 1290
9513 4 2 0 1 1016 1067 1290 1565
9514 4 2 0 1 1543 1522 342 1093
9515 4 2 0 1 1543 342 1522 280
9516 4 2 0 1 1020 1565 1153 1383
9517 4 2 0 1 1020 1565 1383 1239
9518 4 2 0 1 1744 1019 1172 1102
9519 4 2 0 1 1744 1172 1019 1450
9520 4 2 0 1 1575 992 849 984
9521 4 2 0 1 849 1422 790 992
9522 4 2 0 1 790 984 793 849
9523 4 2 0 1 790 984 849 992
9524 4 2 0 1 326 270 1775 1773
9525 4 2 0 1 777 1573 837 1277
9526 4 2 0 1 1151 1146 1628 1015
9527 4 2 0 1 1151 1146 1015 1652
9528 4 2 0 1 1255 1254 1759 1692
9529 4 2 0 1 453 1255 1066 1366
9530 4 2 0 1 453 1255 1366 457
9531 4 2 0 1 453 1255 457 392
9532 4 2 0 1 1263 1670 1002 1204
9533 4 2 0 1 1002 1670 1263 1251
9534 4 2 0 1 1702 1269 1378 1096
9535 4 2 0 1 1702 1378 1269 1039
9536 4 2 0 1 837 1573 777 776
9537 4 2 0 1 683 626 1665 980
9538 4 2 0 1 1430 1180 1070 1124
9539 4 2 0 1 1432 1160 1028 1358
9540 4 2 0 1 1424 1646 412 413
9541 4 2 0 1 1671 444 506 459
9542 4 2 0 1 1288 1272 1070 1019
9543 4 2 0 1 1288 1272 1019 1450
9544 4 2 0 1 764 1141 1193 767
9545 4 2 0 1 1193 1141 764 1549
9546 4 2 0 1 941 1385 943 886
9547 4 2 0 1 942 943 1385 886
9548 4 2 0 1 1385 549 548 611
9549 4 2 0 1 1476 1722 1738 1260
9550 4 2 0 1 1738 1722 1476 1200
9551 4 2 0 1 1469 1312 1256 1047
9552 4 2 0 1 1256 1312 1469 1097
9553 4 2 0 1 219 1775 218 270
9554 4 2 0 1 219 1775 270 1773
9555 4 2 0 1 1540 499 490 1207
9556 4 2 0 1 1086 1085 1241 1436
9557 4 2 0 1 871 1152 872 895
9558 4 2 0 1 871 1152 895 1461
9559 4 2 0 1 1242 1477 1349 1004
9560 4 2 0 1 1349 1477 1242 1099
9561 4 2 0 1 650 1208 592 587
9562 4 2 0 1 650 1208 587 1387
9563 4 2 0 1 1723 1296 1464 1626
9564 4 2 0 1 1723 1464 1296 1139
9565 4 2 0 1 1112 1127 1273 1122
9566 4 2 0 1 1112 1273 1127 1446
9567 4 2 0 1 683 1665 626 619
9568 4 2 0 1 1367 1007 1150 1049
9569 4 2 0 1 1233 1744 1679 1102
9570 4 2 0 1 1679 1744 1233 1155
9571 4 2 0 1 1510 1743 1511 1056
9572 4 2 0 1 1511 1743 1510 1159
9573 4 2 0 1 1720 1026 1149 1662
9574 4 2 0 1 1720 1149 1026 1384
9575 4 2 0 1 1508 1028 1152 1482
9576 4 2 0 1 1508 1152 1028 1358
9577 4 2 0 1 512 1628 450 451
9578 4 2 0 1 471 1581 1616 1643
9579 4 2 0 1 1616 1643 1581 1114
9580 4 2 0 1 1616 1428 1581 409
9581 4 2 0 1 1581 1428 1616 1114
9582 4 2 0 1 941 1385 886 885
9583 4 2 0 1 1671 506 444 1342
9584 4 2 0 1 1377 31 14 18
9585 4 2 0 1 1256 163 122 162
9586 4 2 0 1 1299 1260 1013 1003
9587 4 2 0 1 1299 1260 1003 1570
9588 4 2 0 1 637 1652 573 1412
9589 4 2 0 1 1633 1245 1017 1369
9590 4 2 0 1 1541 1006 1141 1448
9591 4 2 0 1 1541 1141 1006 1264
9592 4 2 0 1 1523 1094 1604 406
9593 4 2 0 1 1552 209 1786 258
9594 4 2 0 1 1367 1424 541 478
9595 4 2 0 1 1367 541 1424 1143
9596 4 2 0 1 540 541 1424 478
9597 4 2 0 1 1680 1337 878 1178
9598 4 2 0 1 1749 1209 682 1202
9599 4 2 0 1 1749 682 1209 1636
9600 4 2 0 1 1489 1672 1668 1012
9601 4 2 0 1 233 1222 1753 1411
9602 4 2 0 1 1680 878 1337 880
9603 4 2 0 1 1184 1753 1222 1411
9604 4 2 0 1 1758 60 63 38
9605 4 2 0 1 1566 9 1 8
9606 4 2 0 1 1566 1 9 1325
9607 4 2 0 1 1596 1409 1544 1161
9608 4 2 0 1 1596 1544 1409 1032
9609 4 2 0 1 819 1153 770 831
9610 4 2 0 1 819 1153 831 1318
9611 4 2 0 1 1482 1661 1283 1042
9612 4 2 0 1 1283 1661 1482 1152
$EndElements
